row_id,text,aspect,declared_sentiment,supported,sentiment_match,note,overall_note
0,"This term I treated Data Structures as my main focus since I was juggling a full-time job and only had a few evenings to study, and the pacing felt tighter because it was in the summer, but I actually appreciated the way the workload pushed me to stay on top of things. The organization was solid enough for me to rely on the weekly modules and the clear deadline pattern, though I found the prerequisite expectations a bit optimistic given my limited prior exposure; I still managed to keep up with the project-heavy setup by leaning on office hours and the TAs, which saved the course more than once. Recorded lectures were handy for catching up, even if they were somewhat dry, and the real value came from the quick forum replies and the rescue moments during office hours, where I could ask about a data structure trick I nearly botched on a timer. I’m in the C-ish range and unsure if that score reflects my understanding or the high-stakes exams, especially since the big project felt like the real test, not just quizzes, and I remember one session where we debated hash table collisions for 20 minutes.",workload,positive,True,True,"Mentions tight summer pacing and workload pushing them to stay on top of things, which they appreciated.",Both labeled aspects are clearly discussed and the sentiments align with the review.
0,"This term I treated Data Structures as my main focus since I was juggling a full-time job and only had a few evenings to study, and the pacing felt tighter because it was in the summer, but I actually appreciated the way the workload pushed me to stay on top of things. The organization was solid enough for me to rely on the weekly modules and the clear deadline pattern, though I found the prerequisite expectations a bit optimistic given my limited prior exposure; I still managed to keep up with the project-heavy setup by leaning on office hours and the TAs, which saved the course more than once. Recorded lectures were handy for catching up, even if they were somewhat dry, and the real value came from the quick forum replies and the rescue moments during office hours, where I could ask about a data structure trick I nearly botched on a timer. I’m in the C-ish range and unsure if that score reflects my understanding or the high-stakes exams, especially since the big project felt like the real test, not just quizzes, and I remember one session where we debated hash table collisions for 20 minutes.",organization,positive,True,True,Says the organization was solid with reliable weekly modules and clear deadline patterns.,Both labeled aspects are clearly discussed and the sentiments align with the review.
0,"This term I treated Data Structures as my main focus since I was juggling a full-time job and only had a few evenings to study, and the pacing felt tighter because it was in the summer, but I actually appreciated the way the workload pushed me to stay on top of things. The organization was solid enough for me to rely on the weekly modules and the clear deadline pattern, though I found the prerequisite expectations a bit optimistic given my limited prior exposure; I still managed to keep up with the project-heavy setup by leaning on office hours and the TAs, which saved the course more than once. Recorded lectures were handy for catching up, even if they were somewhat dry, and the real value came from the quick forum replies and the rescue moments during office hours, where I could ask about a data structure trick I nearly botched on a timer. I’m in the C-ish range and unsure if that score reflects my understanding or the high-stakes exams, especially since the big project felt like the real test, not just quizzes, and I remember one session where we debated hash table collisions for 20 minutes.",__row_summary__,,True,True,supported 2/2; sentiment 2/2,Both labeled aspects are clearly discussed and the sentiments align with the review.
1,"I took Operating Systems mainly because the timing fit my schedule, not because I was itching to dive into kernel stuff. I’m comfortable with proofs, but the course jumped into systems work fast enough that I relied a lot on recordings and notes after lectures. The software stack started rough and then settled, which helped when I finally stopped panicking about the build, but the collaboration expectations felt unclear and I never quite knew what to pair with whom. Office hours with Prof. Alvarez helped a bit—the moment I asked about a race condition in a demo, he clearly pointed me to the forum thread where a student had posted a concrete snippet I could adapt.",prerequisite_fit,neutral,False,False,"The review mentions scheduling fit and being comfortable with proofs, but does not clearly discuss whether prerequisites/background requirements matched the student's preparation.",The declared prerequisite_fit label is not grounded in the review text.
1,"I took Operating Systems mainly because the timing fit my schedule, not because I was itching to dive into kernel stuff. I’m comfortable with proofs, but the course jumped into systems work fast enough that I relied a lot on recordings and notes after lectures. The software stack started rough and then settled, which helped when I finally stopped panicking about the build, but the collaboration expectations felt unclear and I never quite knew what to pair with whom. Office hours with Prof. Alvarez helped a bit—the moment I asked about a race condition in a demo, he clearly pointed me to the forum thread where a student had posted a concrete snippet I could adapt.",__row_summary__,,False,False,supported 0/1; sentiment 0/1,The declared prerequisite_fit label is not grounded in the review text.
2,"I started Data Structures hoping it would be a gentle entry, but the material ramps up fast and I was left juggling basics while chasing tougher concepts. Prof. Haddad was clear in class, yet the instructions for assignments left a lot open to interpretation, which didn’t help when I was balancing another hard class. The few assessments felt high-stakes and I left with a solid B that reflected the effort I could muster, even though I’m new to the discipline and a bit unsure about the prerequisites. The group work",prerequisite_fit,negative,True,True,"Reviewer says they are new to the discipline, unsure about prerequisites, and struggled as material ramped up fast.","Prerequisite fit is supported and negative, but grading transparency is not clearly addressed."
2,"I started Data Structures hoping it would be a gentle entry, but the material ramps up fast and I was left juggling basics while chasing tougher concepts. Prof. Haddad was clear in class, yet the instructions for assignments left a lot open to interpretation, which didn’t help when I was balancing another hard class. The few assessments felt high-stakes and I left with a solid B that reflected the effort I could muster, even though I’m new to the discipline and a bit unsure about the prerequisites. The group work",grading_transparency,negative,False,False,"Review mentions high-stakes assessments and unclear assignment instructions, but does not discuss how grading itself was explained or transparent.","Prerequisite fit is supported and negative, but grading transparency is not clearly addressed."
2,"I started Data Structures hoping it would be a gentle entry, but the material ramps up fast and I was left juggling basics while chasing tougher concepts. Prof. Haddad was clear in class, yet the instructions for assignments left a lot open to interpretation, which didn’t help when I was balancing another hard class. The few assessments felt high-stakes and I left with a solid B that reflected the effort I could muster, even though I’m new to the discipline and a bit unsure about the prerequisites. The group work",__row_summary__,,False,False,supported 1/2; sentiment 1/2,"Prerequisite fit is supported and negative, but grading transparency is not clearly addressed."
3,"Data Structures in the middle of this heavy semester has felt like wading through a maze of abstractions, and I came in with a strong coding background but not much theory, so the conceptual explanations clicked more than the real-world tie-ins. The instructor can make tough ideas feel doable during lectures, but the examples were thin and mostly Python pseudocode, which left me craving concrete scaffolds I could actually reuse in a project. By week six I noticed my team and I ended up leaning on each other more than staff, trading quick clarifications after hours rather than getting timely feedback from the TA, which made the grading comments feel thorough yet mysteriously delayed—like, yes, they explained the errors in detail, but the turnaround always came after we’d hit the next deadline. A late-semester turning point hit when a data-structure design problem finally clicked only after we reworked the approach and discovered the assessment was fair but exhausting, as if every small win came with a new hurdle. I still get frustrated by the lag in feedback, but I’ll admit the core ideas aren’t entirely off base, and the course leaves you with a stubborn, practical sense of how to structure problems even if the road there was rough.",relevance,negative,False,False,"The review discusses conceptual clarity, examples, feedback timeliness, fairness, and workload, but does not clearly address whether the course content was relevant to the student’s goals.","One label targets an aspect not evidenced in the text, and the other understates the negative tone about real-world/practical application."
3,"Data Structures in the middle of this heavy semester has felt like wading through a maze of abstractions, and I came in with a strong coding background but not much theory, so the conceptual explanations clicked more than the real-world tie-ins. The instructor can make tough ideas feel doable during lectures, but the examples were thin and mostly Python pseudocode, which left me craving concrete scaffolds I could actually reuse in a project. By week six I noticed my team and I ended up leaning on each other more than staff, trading quick clarifications after hours rather than getting timely feedback from the TA, which made the grading comments feel thorough yet mysteriously delayed—like, yes, they explained the errors in detail, but the turnaround always came after we’d hit the next deadline. A late-semester turning point hit when a data-structure design problem finally clicked only after we reworked the approach and discovered the assessment was fair but exhausting, as if every small win came with a new hurdle. I still get frustrated by the lag in feedback, but I’ll admit the core ideas aren’t entirely off base, and the course leaves you with a stubborn, practical sense of how to structure problems even if the road there was rough.",practical_application,neutral,True,False,"The student says real-world tie-ins were lacking and they craved reusable concrete scaffolds, though they also note a 'practical sense' gained; overall this is more negative than neutral.","One label targets an aspect not evidenced in the text, and the other understates the negative tone about real-world/practical application."
3,"Data Structures in the middle of this heavy semester has felt like wading through a maze of abstractions, and I came in with a strong coding background but not much theory, so the conceptual explanations clicked more than the real-world tie-ins. The instructor can make tough ideas feel doable during lectures, but the examples were thin and mostly Python pseudocode, which left me craving concrete scaffolds I could actually reuse in a project. By week six I noticed my team and I ended up leaning on each other more than staff, trading quick clarifications after hours rather than getting timely feedback from the TA, which made the grading comments feel thorough yet mysteriously delayed—like, yes, they explained the errors in detail, but the turnaround always came after we’d hit the next deadline. A late-semester turning point hit when a data-structure design problem finally clicked only after we reworked the approach and discovered the assessment was fair but exhausting, as if every small win came with a new hurdle. I still get frustrated by the lag in feedback, but I’ll admit the core ideas aren’t entirely off base, and the course leaves you with a stubborn, practical sense of how to structure problems even if the road there was rough.",__row_summary__,,False,False,supported 1/2; sentiment 0/2,"One label targets an aspect not evidenced in the text, and the other understates the negative tone about real-world/practical application."
4,"Calculus II fit my schedule better than my interests, especially since I could squeeze quick evening sessions around other commitments. The prerequisite starts accessible but ramps up sharply, and the exams felt fair in content but dragged out with grading comments that showed up late. Group work helped when the team clicked, but setup for the online tools took too much effort for the payoff, and I learned a lot even while I disliked the ride.",prerequisite_fit,positive,True,False,"The review says the prerequisite starts accessible but ramps up sharply, which is mixed/leaning negative rather than clearly positive.","Both aspects are mentioned, but the declared sentiments do not strictly match the review."
4,"Calculus II fit my schedule better than my interests, especially since I could squeeze quick evening sessions around other commitments. The prerequisite starts accessible but ramps up sharply, and the exams felt fair in content but dragged out with grading comments that showed up late. Group work helped when the team clicked, but setup for the online tools took too much effort for the payoff, and I learned a lot even while I disliked the ride.",exam_fairness,negative,True,False,"The student says the exams felt fair in content (positive), though grading comments were late; overall not clearly negative on fairness.","Both aspects are mentioned, but the declared sentiments do not strictly match the review."
4,"Calculus II fit my schedule better than my interests, especially since I could squeeze quick evening sessions around other commitments. The prerequisite starts accessible but ramps up sharply, and the exams felt fair in content but dragged out with grading comments that showed up late. Group work helped when the team clicked, but setup for the online tools took too much effort for the payoff, and I learned a lot even while I disliked the ride.",__row_summary__,,True,False,supported 2/2; sentiment 0/2,"Both aspects are mentioned, but the declared sentiments do not strictly match the review."
5,"I took Computer Networks hoping to finally scratch a curiosity about how the internet actually works, but I spent most of the term staring at dashboards and wondering why I wasn’t getting the intuition behind things like TCP handshakes. My strong coding background helped with some lab scripts, yet the theory felt slippery and the heavy project load plus high-stakes exams made it stressful to stay motivated. I did appreciate the clear lectures with decent pacing, but the feedback was sparse until late, and I fell behind around deadlines before finally catching up. One concrete moment that sticks is asking in office hours about congestion control and getting a quick, practical tip that I could apply in the next lab—small but memorable, and it didn’t fully fix my confusion. Overall, I’m not sure I’d recommend it, though it’s not a total write-off.",interest,negative,True,True,"The student began curious but reports failing to gain intuition, feeling stressed and unmotivated, and not recommending the course overall, indicating negative interest/engagement.",The review clearly supports a negative interest label.
5,"I took Computer Networks hoping to finally scratch a curiosity about how the internet actually works, but I spent most of the term staring at dashboards and wondering why I wasn’t getting the intuition behind things like TCP handshakes. My strong coding background helped with some lab scripts, yet the theory felt slippery and the heavy project load plus high-stakes exams made it stressful to stay motivated. I did appreciate the clear lectures with decent pacing, but the feedback was sparse until late, and I fell behind around deadlines before finally catching up. One concrete moment that sticks is asking in office hours about congestion control and getting a quick, practical tip that I could apply in the next lab—small but memorable, and it didn’t fully fix my confusion. Overall, I’m not sure I’d recommend it, though it’s not a total write-off.",__row_summary__,,True,True,supported 1/1; sentiment 1/1,The review clearly supports a negative interest label.
6,"Linear Algebra in the summer term was tough to keep up with, since I had to balance it with two other demanding courses and the pacing felt compressed. The lectures did a solid job of laying out concepts, but the examples were thin, and I often wished for more concrete, real-world illustrations; still, the assessment design was fair and mostly spot on for an advanced elective. I caught up after slipping behind around deadline weeks, and fast feedback on scores helped, even if explanations were a bit lean. One memorable week",assessment_design,positive,True,True,"The review says the assessment design was fair and mostly spot on, indicating positive sentiment.","Assessment design labeling fits the text, but relevance is not explicitly addressed."
6,"Linear Algebra in the summer term was tough to keep up with, since I had to balance it with two other demanding courses and the pacing felt compressed. The lectures did a solid job of laying out concepts, but the examples were thin, and I often wished for more concrete, real-world illustrations; still, the assessment design was fair and mostly spot on for an advanced elective. I caught up after slipping behind around deadline weeks, and fast feedback on scores helped, even if explanations were a bit lean. One memorable week",relevance,neutral,False,False,"The review mentions wanting more real-world illustrations, but does not clearly evaluate course relevance overall.","Assessment design labeling fits the text, but relevance is not explicitly addressed."
6,"Linear Algebra in the summer term was tough to keep up with, since I had to balance it with two other demanding courses and the pacing felt compressed. The lectures did a solid job of laying out concepts, but the examples were thin, and I often wished for more concrete, real-world illustrations; still, the assessment design was fair and mostly spot on for an advanced elective. I caught up after slipping behind around deadline weeks, and fast feedback on scores helped, even if explanations were a bit lean. One memorable week",__row_summary__,,False,False,supported 1/2; sentiment 1/2,"Assessment design labeling fits the text, but relevance is not explicitly addressed."
7,"Data Structures in my last semester was a mix: the concepts clicked when we discussed them, but the examples felt thin and feedback came a bit late. The peer discussions saved me during the busy weeks, especially around the project week that stood out.",interest,positive,True,False,"The review is mixed (concepts clicked, but examples thin and feedback late), not clearly positive overall.",One label overstates positivity and the other is not evidenced in the review.
7,"Data Structures in my last semester was a mix: the concepts clicked when we discussed them, but the examples felt thin and feedback came a bit late. The peer discussions saved me during the busy weeks, especially around the project week that stood out.",prerequisite_fit,neutral,False,False,No mention of prior preparation or whether prerequisites matched the course level.,One label overstates positivity and the other is not evidenced in the review.
7,"Data Structures in my last semester was a mix: the concepts clicked when we discussed them, but the examples felt thin and feedback came a bit late. The peer discussions saved me during the busy weeks, especially around the project week that stood out.",__row_summary__,,False,False,supported 1/2; sentiment 0/2,One label overstates positivity and the other is not evidenced in the review.
8,"The Operating Systems course fit my schedule more than my interests, and being new to the discipline, I relied mostly on recordings and notes. The slides are serviceable but not memorable, and the workload felt heavy with frequent deadlines, especially during a rough mid‑semester crunch; the platform quirks added extra stress I wish were avoided. One concrete annoyance: the grader seemed to expect more prior knowledge than advertised, which didn’t help my first-semester learning pace.",workload,neutral,True,False,"The review says the workload felt heavy with frequent deadlines and a rough crunch, which is negative rather than neutral.","Both aspects are mentioned, but the declared sentiments conflict with the review’s negative tone."
8,"The Operating Systems course fit my schedule more than my interests, and being new to the discipline, I relied mostly on recordings and notes. The slides are serviceable but not memorable, and the workload felt heavy with frequent deadlines, especially during a rough mid‑semester crunch; the platform quirks added extra stress I wish were avoided. One concrete annoyance: the grader seemed to expect more prior knowledge than advertised, which didn’t help my first-semester learning pace.",tooling_usability,positive,True,False,"It mentions platform quirks adding extra stress, indicating negative tooling usability, not positive.","Both aspects are mentioned, but the declared sentiments conflict with the review’s negative tone."
8,"The Operating Systems course fit my schedule more than my interests, and being new to the discipline, I relied mostly on recordings and notes. The slides are serviceable but not memorable, and the workload felt heavy with frequent deadlines, especially during a rough mid‑semester crunch; the platform quirks added extra stress I wish were avoided. One concrete annoyance: the grader seemed to expect more prior knowledge than advertised, which didn’t help my first-semester learning pace.",__row_summary__,,True,False,supported 2/2; sentiment 0/2,"Both aspects are mentioned, but the declared sentiments conflict with the review’s negative tone."
9,"I took Machine Learning mainly out of curiosity, and I kept up with nearly every lecture, which helped since the material fits best when you already know adjacent topics. My strong coding background helped me implement the ideas, but the theory still felt a little thin, and I learned a lot more than I enjoyed, especially because the practical payoff didn’t land as cleanly as I hoped. The slides were serviceable but not memorable, and the grading rubric left me unsure what exactly counted, even though the LMS flow stayed smooth. One memorable week was the midterm where I realized I’d mixed up a couple of model assumptions; it was a humbling moment, and it sticks with me more than the overall vibe of the course.",practical_application,negative,True,True,"The reviewer says the ""practical payoff didn’t land as cleanly as I hoped,"" indicating disappointment with real-world/practical value.",The review supports a negative view of the course’s practical application/payoff.
9,"I took Machine Learning mainly out of curiosity, and I kept up with nearly every lecture, which helped since the material fits best when you already know adjacent topics. My strong coding background helped me implement the ideas, but the theory still felt a little thin, and I learned a lot more than I enjoyed, especially because the practical payoff didn’t land as cleanly as I hoped. The slides were serviceable but not memorable, and the grading rubric left me unsure what exactly counted, even though the LMS flow stayed smooth. One memorable week was the midterm where I realized I’d mixed up a couple of model assumptions; it was a humbling moment, and it sticks with me more than the overall vibe of the course.",__row_summary__,,True,True,supported 1/1; sentiment 1/1,The review supports a negative view of the course’s practical application/payoff.
10,"I’m in my first semester here, juggling a full-time job, and Data Structures felt like it was designed around stacked deadlines more than a steady pace, which made sticking to a study plan tricky. The weeks vary a lot—one day we’re rushing through big-O proofs and the next we’re staring at pointer diagrams—so I end up second-guessing whether I should focus on the lecture slides or the assigned practice sets. The collaboration expectations are vague to me; it isn’t clear when we should pair up, and I’ve not felt confident about what my teammates are actually supposed to hand in. The course has only a few big assessments, but each one carries a lot of weight, which is fine in theory, but the grading feels opaque enough that I’m never sure what exactly to tighten up before the midterm. A standout thing is the occasional in-class hiccup—like a slide not loading, and then we spend five minutes on a different example—that small friction sticks in my memory. It works best if you’ve already seen some adjacent material, and I think I would’ve preferred a bit more steady delivery. Overall, it’s been calm but uneven, with a few concrete quirks that keep me from feeling fully confident.",grading_transparency,neutral,True,False,"The reviewer says 'the grading feels opaque' and they're 'never sure what exactly to tighten up,' which is negative transparency, not neutral.","The aspect is present, but the declared neutral sentiment is not faithful to the clearly negative wording."
10,"I’m in my first semester here, juggling a full-time job, and Data Structures felt like it was designed around stacked deadlines more than a steady pace, which made sticking to a study plan tricky. The weeks vary a lot—one day we’re rushing through big-O proofs and the next we’re staring at pointer diagrams—so I end up second-guessing whether I should focus on the lecture slides or the assigned practice sets. The collaboration expectations are vague to me; it isn’t clear when we should pair up, and I’ve not felt confident about what my teammates are actually supposed to hand in. The course has only a few big assessments, but each one carries a lot of weight, which is fine in theory, but the grading feels opaque enough that I’m never sure what exactly to tighten up before the midterm. A standout thing is the occasional in-class hiccup—like a slide not loading, and then we spend five minutes on a different example—that small friction sticks in my memory. It works best if you’ve already seen some adjacent material, and I think I would’ve preferred a bit more steady delivery. Overall, it’s been calm but uneven, with a few concrete quirks that keep me from feeling fully confident.",__row_summary__,,True,False,supported 1/1; sentiment 0/1,"The aspect is present, but the declared neutral sentiment is not faithful to the clearly negative wording."
11,"I took Linear Algebra with Dr. Miller while working full-time, and the practical steps—like applying vector spaces to real problems—felt really useful, even as the early confusion about eigenvectors stuck with me the rest of the term. The LMS and submission flow stayed smooth, but feedback came too late to adjust for the next deadline stacked up on me; plus the few assessments mattered a lot, which made the whole pace feel intense. I relied on fellow students more than staff sometimes, and I remember one misstep on a project where I mixed up a row-reduction method and it colored how I approached everything else",practical_application,positive,True,True,Mentions practical steps and applying vector spaces to real problems felt really useful.,Only practical application is clearly supported with the stated sentiment; the other labels are not explicitly evidenced.
11,"I took Linear Algebra with Dr. Miller while working full-time, and the practical steps—like applying vector spaces to real problems—felt really useful, even as the early confusion about eigenvectors stuck with me the rest of the term. The LMS and submission flow stayed smooth, but feedback came too late to adjust for the next deadline stacked up on me; plus the few assessments mattered a lot, which made the whole pace feel intense. I relied on fellow students more than staff sometimes, and I remember one misstep on a project where I mixed up a row-reduction method and it colored how I approached everything else",lecturer_quality,positive,False,False,Dr. Miller is mentioned but no clear evaluation of teaching/lecturer quality is given.,Only practical application is clearly supported with the stated sentiment; the other labels are not explicitly evidenced.
11,"I took Linear Algebra with Dr. Miller while working full-time, and the practical steps—like applying vector spaces to real problems—felt really useful, even as the early confusion about eigenvectors stuck with me the rest of the term. The LMS and submission flow stayed smooth, but feedback came too late to adjust for the next deadline stacked up on me; plus the few assessments mattered a lot, which made the whole pace feel intense. I relied on fellow students more than staff sometimes, and I remember one misstep on a project where I mixed up a row-reduction method and it colored how I approached everything else",exam_fairness,negative,False,False,"Complaints are about late feedback, few high-stakes assessments, and intense pace, not fairness of exams specifically.",Only practical application is clearly supported with the stated sentiment; the other labels are not explicitly evidenced.
11,"I took Linear Algebra with Dr. Miller while working full-time, and the practical steps—like applying vector spaces to real problems—felt really useful, even as the early confusion about eigenvectors stuck with me the rest of the term. The LMS and submission flow stayed smooth, but feedback came too late to adjust for the next deadline stacked up on me; plus the few assessments mattered a lot, which made the whole pace feel intense. I relied on fellow students more than staff sometimes, and I remember one misstep on a project where I mixed up a row-reduction method and it colored how I approached everything else",__row_summary__,,False,False,supported 1/3; sentiment 1/3,Only practical application is clearly supported with the stated sentiment; the other labels are not explicitly evidenced.
12,"I had a strong coding background but weak theory, and despite clear lectures, the workload plus a mid‑semester crunch made the OS material feel steep; I relied on recordings and notes, and peer discussions saved me more than the official materials, especially around the grading quirks.",overall_experience,negative,True,True,"The review describes the material as steep due to workload and crunch, and says peer discussions helped more than official materials, indicating a negative overall experience.","Overall experience label fits, but assessment design is expressed negatively, not positively."
12,"I had a strong coding background but weak theory, and despite clear lectures, the workload plus a mid‑semester crunch made the OS material feel steep; I relied on recordings and notes, and peer discussions saved me more than the official materials, especially around the grading quirks.",assessment_design,positive,True,False,"Mentions 'grading quirks' as a problem and reliance on peers over official materials, which reads as negative rather than positive about assessment/grading.","Overall experience label fits, but assessment design is expressed negatively, not positively."
12,"I had a strong coding background but weak theory, and despite clear lectures, the workload plus a mid‑semester crunch made the OS material feel steep; I relied on recordings and notes, and peer discussions saved me more than the official materials, especially around the grading quirks.",__row_summary__,,True,False,supported 2/2; sentiment 1/2,"Overall experience label fits, but assessment design is expressed negatively, not positively."
13,"Took Database Systems with Dr. Singh and it fit my short evening study blocks, solid B kind of matched the effort I could put in. The workload felt doable and the peer chats helped more than the official readings, though the assessments were heavy on reports and the feedback came in late to actually help me time things. One memorable week was that messy data-model quiz, and I’ll admit the prerequisite groundwork paid off even if attendance drifted mid‑semester.",organization,neutral,False,False,"The review doesn’t clearly discuss course organization/structure, only mentions late feedback and a messy quiz.","Support and workload are discussed, but organization isn’t clearly addressed and workload sentiment is mixed."
13,"Took Database Systems with Dr. Singh and it fit my short evening study blocks, solid B kind of matched the effort I could put in. The workload felt doable and the peer chats helped more than the official readings, though the assessments were heavy on reports and the feedback came in late to actually help me time things. One memorable week was that messy data-model quiz, and I’ll admit the prerequisite groundwork paid off even if attendance drifted mid‑semester.",support,negative,True,True,"Mentions feedback came in late (unhelpful) and peer chats helped more than official readings, indicating inadequate course support.","Support and workload are discussed, but organization isn’t clearly addressed and workload sentiment is mixed."
13,"Took Database Systems with Dr. Singh and it fit my short evening study blocks, solid B kind of matched the effort I could put in. The workload felt doable and the peer chats helped more than the official readings, though the assessments were heavy on reports and the feedback came in late to actually help me time things. One memorable week was that messy data-model quiz, and I’ll admit the prerequisite groundwork paid off even if attendance drifted mid‑semester.",workload,positive,True,False,"Says workload felt doable (positive) but also that assessments were heavy on reports (negative/pressure), making the overall tone mixed rather than purely positive.","Support and workload are discussed, but organization isn’t clearly addressed and workload sentiment is mixed."
13,"Took Database Systems with Dr. Singh and it fit my short evening study blocks, solid B kind of matched the effort I could put in. The workload felt doable and the peer chats helped more than the official readings, though the assessments were heavy on reports and the feedback came in late to actually help me time things. One memorable week was that messy data-model quiz, and I’ll admit the prerequisite groundwork paid off even if attendance drifted mid‑semester.",__row_summary__,,False,False,supported 2/3; sentiment 1/3,"Support and workload are discussed, but organization isn’t clearly addressed and workload sentiment is mixed."
14,"I picked Database Systems mainly to fit my evenings, studied around short sessions, and felt the workload ramp up fast. The software stack started rough but got manageable; exams felt fair, though feedback varied and the pace stayed uneven week to week. Overall, I’d recommend with preparation.",exam_fairness,positive,True,True,"The review explicitly says ""exams felt fair,"" indicating a positive view of exam fairness.","Exam fairness is correctly labeled, but materials is not evidenced in the review."
14,"I picked Database Systems mainly to fit my evenings, studied around short sessions, and felt the workload ramp up fast. The software stack started rough but got manageable; exams felt fair, though feedback varied and the pace stayed uneven week to week. Overall, I’d recommend with preparation.",materials,neutral,False,False,"The review discusses software stack, feedback, pace, and workload, but does not clearly mention course materials.","Exam fairness is correctly labeled, but materials is not evidenced in the review."
14,"I picked Database Systems mainly to fit my evenings, studied around short sessions, and felt the workload ramp up fast. The software stack started rough but got manageable; exams felt fair, though feedback varied and the pace stayed uneven week to week. Overall, I’d recommend with preparation.",__row_summary__,,False,False,supported 1/2; sentiment 1/2,"Exam fairness is correctly labeled, but materials is not evidenced in the review."
15,"Took Computer Networks with Dr. Park while working full-time, so I lived by late nights and the constant dance of task vs. deadline. The first week I ran into an early confusion about TCP handshakes that colored the term, and while the later weeks improved, some lectures felt uneven and the tool setup ate more time than the payoff, especially since the course is mostly individual work and the assessments were fair but exhausting.",overall_experience,neutral,True,False,"Review conveys a mostly negative experience (confusion, uneven lectures, tool setup not worth it, exhausting workload) despite some improvement and fair assessments.",Only overall experience is clearly discussed and it reads more negative than neutral; the other aspects are not evidenced.
15,"Took Computer Networks with Dr. Park while working full-time, so I lived by late nights and the constant dance of task vs. deadline. The first week I ran into an early confusion about TCP handshakes that colored the term, and while the later weeks improved, some lectures felt uneven and the tool setup ate more time than the payoff, especially since the course is mostly individual work and the assessments were fair but exhausting.",practical_application,neutral,False,False,No clear discussion of real-world/practical applicability; mentions tool setup but not application value.,Only overall experience is clearly discussed and it reads more negative than neutral; the other aspects are not evidenced.
15,"Took Computer Networks with Dr. Park while working full-time, so I lived by late nights and the constant dance of task vs. deadline. The first week I ran into an early confusion about TCP handshakes that colored the term, and while the later weeks improved, some lectures felt uneven and the tool setup ate more time than the payoff, especially since the course is mostly individual work and the assessments were fair but exhausting.",relevance,neutral,False,False,"Does not address how relevant the course content is to goals, career, or other coursework.",Only overall experience is clearly discussed and it reads more negative than neutral; the other aspects are not evidenced.
15,"Took Computer Networks with Dr. Park while working full-time, so I lived by late nights and the constant dance of task vs. deadline. The first week I ran into an early confusion about TCP handshakes that colored the term, and while the later weeks improved, some lectures felt uneven and the tool setup ate more time than the payoff, especially since the course is mostly individual work and the assessments were fair but exhausting.",__row_summary__,,False,False,supported 1/3; sentiment 0/3,Only overall experience is clearly discussed and it reads more negative than neutral; the other aspects are not evidenced.
16,"Data Structures in my first semester was fine enough to keep me moving, but I didn’t come away buzzing with enthusiasm. I felt solid B-level work matched the effort I threw in, though I did fall behind around midterms and then managed to scramble back to catch deadlines after a few late nights. The course mostly required a few big assessments, and each one mattered a lot for the grade, which kept me focused even as some admin messages felt sloppy and missed cues about due dates. The collaboration expectations felt unclear, and the prerequisite fit is real—this works best if you already know some adjacent material. One concrete snag: the mid-semester project relied on a tool I barely knew, which added to the pull of the deadlines rather than easing them. Overall, useful but not exactly enjoyable, and I’m still not sure I’d fully recommend it.",overall_experience,neutral,True,True,"The review is mixed: 'fine enough' and 'useful' but 'not exactly enjoyable' and 'not sure I'd fully recommend it,' which reads as neutral overall.",The declared neutral overall_experience label is supported and matches the mixed sentiment in the review.
16,"Data Structures in my first semester was fine enough to keep me moving, but I didn’t come away buzzing with enthusiasm. I felt solid B-level work matched the effort I threw in, though I did fall behind around midterms and then managed to scramble back to catch deadlines after a few late nights. The course mostly required a few big assessments, and each one mattered a lot for the grade, which kept me focused even as some admin messages felt sloppy and missed cues about due dates. The collaboration expectations felt unclear, and the prerequisite fit is real—this works best if you already know some adjacent material. One concrete snag: the mid-semester project relied on a tool I barely knew, which added to the pull of the deadlines rather than easing them. Overall, useful but not exactly enjoyable, and I’m still not sure I’d fully recommend it.",__row_summary__,,True,True,supported 1/1; sentiment 1/1,The declared neutral overall_experience label is supported and matches the mixed sentiment in the review.
17,"Calculus II came up last semester, and I kept the videos and notes handy only when I actually needed them for a tough homework set about integrals, since the material felt pretty dense but builds on what we were told to know beforehand. The TAs were responsive and practical when I asked quick questions, though the feedback timing varied a lot by assignment, and the heavy deadline load kept me on my toes. One concrete thing that sticks: a unit on improper integrals that finally clicked after a late-night, coffee-fueled review, even though the grading quirks on that problem didn’t always reflect the effort",clarity,neutral,True,True,Material is described as dense and only used when needed; no strong praise or condemnation of clarity overall.,"Clarity is reasonably labeled neutral, but feedback quality is mixed rather than positive while assessment design is negative and supported."
17,"Calculus II came up last semester, and I kept the videos and notes handy only when I actually needed them for a tough homework set about integrals, since the material felt pretty dense but builds on what we were told to know beforehand. The TAs were responsive and practical when I asked quick questions, though the feedback timing varied a lot by assignment, and the heavy deadline load kept me on my toes. One concrete thing that sticks: a unit on improper integrals that finally clicked after a late-night, coffee-fueled review, even though the grading quirks on that problem didn’t always reflect the effort",feedback_quality,positive,True,False,"TAs were responsive, but feedback timing varied a lot and grading quirks didn’t reflect effort, making sentiment mixed/neutral rather than clearly positive.","Clarity is reasonably labeled neutral, but feedback quality is mixed rather than positive while assessment design is negative and supported."
17,"Calculus II came up last semester, and I kept the videos and notes handy only when I actually needed them for a tough homework set about integrals, since the material felt pretty dense but builds on what we were told to know beforehand. The TAs were responsive and practical when I asked quick questions, though the feedback timing varied a lot by assignment, and the heavy deadline load kept me on my toes. One concrete thing that sticks: a unit on improper integrals that finally clicked after a late-night, coffee-fueled review, even though the grading quirks on that problem didn’t always reflect the effort",assessment_design,negative,True,True,"Heavy deadline load and grading quirks suggest problems with how assessments were structured/graded, indicating negative sentiment.","Clarity is reasonably labeled neutral, but feedback quality is mixed rather than positive while assessment design is negative and supported."
17,"Calculus II came up last semester, and I kept the videos and notes handy only when I actually needed them for a tough homework set about integrals, since the material felt pretty dense but builds on what we were told to know beforehand. The TAs were responsive and practical when I asked quick questions, though the feedback timing varied a lot by assignment, and the heavy deadline load kept me on my toes. One concrete thing that sticks: a unit on improper integrals that finally clicked after a late-night, coffee-fueled review, even though the grading quirks on that problem didn’t always reflect the effort",__row_summary__,,True,False,supported 3/3; sentiment 2/3,"Clarity is reasonably labeled neutral, but feedback quality is mixed rather than positive while assessment design is negative and supported."
18,"Midway through the term I started to realize Linear Algebra was less about flashy tricks and more about keeping my head above water while juggling three other heavy courses and a full-time job. The course built nicely on the prereqs, which helped me feel like I could actually apply the stuff when I did manage to squeeze in a second look at the notes, but the heavy emphasis on projects and high-stakes exams kept me on edge most of the week. I mostly relied on recordings and notes, since live lectures sometimes felt noisy and the collaboration expectations seemed unclear, leaving me to chase answers on my own rather than coordinating with teammates. There was a late-semester turning point when a long, messy matrix problem on the project finally clicked, and that small victory was what kept me going, even as I barely scraped through the term. The administrative side was fine enough, but the communication around deadlines and expectations could be sloppy, which fed into the sense that the course was useful but not enjoyable, especially while I balanced work and a demanding schedule. Overall, I’m glad the material sticks, even if the process was rough.",interest,positive,True,False,The reviewer calls the course 'useful but not enjoyable' and describes the process as rough; any positives are about usefulness/sticking material rather than enjoyment/interest.,Both labels are not faithful: interest skews negative/mixed and feedback_quality is not clearly addressed.
18,"Midway through the term I started to realize Linear Algebra was less about flashy tricks and more about keeping my head above water while juggling three other heavy courses and a full-time job. The course built nicely on the prereqs, which helped me feel like I could actually apply the stuff when I did manage to squeeze in a second look at the notes, but the heavy emphasis on projects and high-stakes exams kept me on edge most of the week. I mostly relied on recordings and notes, since live lectures sometimes felt noisy and the collaboration expectations seemed unclear, leaving me to chase answers on my own rather than coordinating with teammates. There was a late-semester turning point when a long, messy matrix problem on the project finally clicked, and that small victory was what kept me going, even as I barely scraped through the term. The administrative side was fine enough, but the communication around deadlines and expectations could be sloppy, which fed into the sense that the course was useful but not enjoyable, especially while I balanced work and a demanding schedule. Overall, I’m glad the material sticks, even if the process was rough.",feedback_quality,neutral,False,False,"The review mentions unclear collaboration expectations and sloppy communication around deadlines, but does not discuss feedback quality (e.g., on assignments, projects, exams) explicitly.",Both labels are not faithful: interest skews negative/mixed and feedback_quality is not clearly addressed.
18,"Midway through the term I started to realize Linear Algebra was less about flashy tricks and more about keeping my head above water while juggling three other heavy courses and a full-time job. The course built nicely on the prereqs, which helped me feel like I could actually apply the stuff when I did manage to squeeze in a second look at the notes, but the heavy emphasis on projects and high-stakes exams kept me on edge most of the week. I mostly relied on recordings and notes, since live lectures sometimes felt noisy and the collaboration expectations seemed unclear, leaving me to chase answers on my own rather than coordinating with teammates. There was a late-semester turning point when a long, messy matrix problem on the project finally clicked, and that small victory was what kept me going, even as I barely scraped through the term. The administrative side was fine enough, but the communication around deadlines and expectations could be sloppy, which fed into the sense that the course was useful but not enjoyable, especially while I balanced work and a demanding schedule. Overall, I’m glad the material sticks, even if the process was rough.",__row_summary__,,False,False,supported 1/2; sentiment 0/2,Both labels are not faithful: interest skews negative/mixed and feedback_quality is not clearly addressed.
19,"Summer term felt rushed, with fairly fair but exhausting assessments and a few uneven weeks; I kept up with almost every lecture and appreciated the smooth LMS flow, though the material itself was frustratingly dense and the tooling setup in week 3 was a real drag, especially for a short evening window.",assessment_design,positive,True,False,"Assessments are described as ""fairly fair but exhausting,"" which is mixed/leaning negative rather than clearly positive.",Only the materials label is clearly supported and sentiment-aligned; the other labels are overstated or mismatched.
19,"Summer term felt rushed, with fairly fair but exhausting assessments and a few uneven weeks; I kept up with almost every lecture and appreciated the smooth LMS flow, though the material itself was frustratingly dense and the tooling setup in week 3 was a real drag, especially for a short evening window.",materials,negative,True,True,"The material is called ""frustratingly dense,"" indicating negative sentiment.",Only the materials label is clearly supported and sentiment-aligned; the other labels are overstated or mismatched.
19,"Summer term felt rushed, with fairly fair but exhausting assessments and a few uneven weeks; I kept up with almost every lecture and appreciated the smooth LMS flow, though the material itself was frustratingly dense and the tooling setup in week 3 was a real drag, especially for a short evening window.",accessibility,positive,False,False,"No clear mention of accessibility accommodations; ""smooth LMS flow"" is more about course platform usability than accessibility.",Only the materials label is clearly supported and sentiment-aligned; the other labels are overstated or mismatched.
19,"Summer term felt rushed, with fairly fair but exhausting assessments and a few uneven weeks; I kept up with almost every lecture and appreciated the smooth LMS flow, though the material itself was frustratingly dense and the tooling setup in week 3 was a real drag, especially for a short evening window.",__row_summary__,,False,False,supported 2/3; sentiment 1/3,Only the materials label is clearly supported and sentiment-aligned; the other labels are overstated or mismatched.
20,"My first semester in this program felt chaotic at times, but Dr. Park kept lectures clear and the pacing reasonable most days, even as the software stack started rough and then settled. I earned a solid B, which matched the effort I put in, though the prerequisite feel was a bit optimistic for my background. Group work helped when our team clicked, and the mid-semester crunch left me scrambling for time.",overall_experience,positive,True,False,"Review is mixed: chaotic at times, rough start, scrambling for time, but also clear lectures, reasonable pacing, and group work helped.",One label overstates positivity and the other is not evidenced in the text.
20,"My first semester in this program felt chaotic at times, but Dr. Park kept lectures clear and the pacing reasonable most days, even as the software stack started rough and then settled. I earned a solid B, which matched the effort I put in, though the prerequisite feel was a bit optimistic for my background. Group work helped when our team clicked, and the mid-semester crunch left me scrambling for time.",exam_fairness,neutral,False,False,No explicit discussion of exams or their fairness; only mentions mid-semester crunch and earning a B.,One label overstates positivity and the other is not evidenced in the text.
20,"My first semester in this program felt chaotic at times, but Dr. Park kept lectures clear and the pacing reasonable most days, even as the software stack started rough and then settled. I earned a solid B, which matched the effort I put in, though the prerequisite feel was a bit optimistic for my background. Group work helped when our team clicked, and the mid-semester crunch left me scrambling for time.",__row_summary__,,False,False,supported 1/2; sentiment 0/2,One label overstates positivity and the other is not evidenced in the text.
21,"I kept up with nearly every lecture in Linear Algebra, but I’ll be honest: the practical payoff felt pretty thin for someone with a strong coding background and weak theory. The biggest drag was the tooling and deadline weeks that seemed to crash or stall right when I needed to push a small script into a graded assignment; it turned a two-hour task into half a day of chasing fixes, and that didn’t help my motivation one bit. The way collaboration was framed left me guessing who was supposed to do what, which made group parts more awkward than they needed to be, especially since the prerequisites assume more prior math knowledge than I thought from the course ad. I remember a forum thread where I asked about a matrix factorization approach for a project and got a vague reply that didn’t pin down what the TA expected, so I just pivoted on my own and hoped I hadn’t totally misread the rubric. Office hours helped once I brought a concrete example and a quick code snippet, but I still left with a sense that the policies are fine while communication is sloppy, and I’d only recommend this with solid preparation and a willingness to slog through the rough edges.",practical_application,negative,True,True,"Reviewer says the practical payoff felt ""pretty thin,"" indicating negative practical application value.","Practical application label fits, but workload and interest are portrayed negatively rather than neutrally."
21,"I kept up with nearly every lecture in Linear Algebra, but I’ll be honest: the practical payoff felt pretty thin for someone with a strong coding background and weak theory. The biggest drag was the tooling and deadline weeks that seemed to crash or stall right when I needed to push a small script into a graded assignment; it turned a two-hour task into half a day of chasing fixes, and that didn’t help my motivation one bit. The way collaboration was framed left me guessing who was supposed to do what, which made group parts more awkward than they needed to be, especially since the prerequisites assume more prior math knowledge than I thought from the course ad. I remember a forum thread where I asked about a matrix factorization approach for a project and got a vague reply that didn’t pin down what the TA expected, so I just pivoted on my own and hoped I hadn’t totally misread the rubric. Office hours helped once I brought a concrete example and a quick code snippet, but I still left with a sense that the policies are fine while communication is sloppy, and I’d only recommend this with solid preparation and a willingness to slog through the rough edges.",workload,neutral,True,False,"They describe tasks ballooning due to crashing/stalling tooling and deadline weeks, implying higher/frustrating workload rather than neutral.","Practical application label fits, but workload and interest are portrayed negatively rather than neutrally."
21,"I kept up with nearly every lecture in Linear Algebra, but I’ll be honest: the practical payoff felt pretty thin for someone with a strong coding background and weak theory. The biggest drag was the tooling and deadline weeks that seemed to crash or stall right when I needed to push a small script into a graded assignment; it turned a two-hour task into half a day of chasing fixes, and that didn’t help my motivation one bit. The way collaboration was framed left me guessing who was supposed to do what, which made group parts more awkward than they needed to be, especially since the prerequisites assume more prior math knowledge than I thought from the course ad. I remember a forum thread where I asked about a matrix factorization approach for a project and got a vague reply that didn’t pin down what the TA expected, so I just pivoted on my own and hoped I hadn’t totally misread the rubric. Office hours helped once I brought a concrete example and a quick code snippet, but I still left with a sense that the policies are fine while communication is sloppy, and I’d only recommend this with solid preparation and a willingness to slog through the rough edges.",interest,neutral,True,False,"They report motivation dropping and would only recommend with willingness to ""slog,"" suggesting negative interest/engagement, not neutral.","Practical application label fits, but workload and interest are portrayed negatively rather than neutrally."
21,"I kept up with nearly every lecture in Linear Algebra, but I’ll be honest: the practical payoff felt pretty thin for someone with a strong coding background and weak theory. The biggest drag was the tooling and deadline weeks that seemed to crash or stall right when I needed to push a small script into a graded assignment; it turned a two-hour task into half a day of chasing fixes, and that didn’t help my motivation one bit. The way collaboration was framed left me guessing who was supposed to do what, which made group parts more awkward than they needed to be, especially since the prerequisites assume more prior math knowledge than I thought from the course ad. I remember a forum thread where I asked about a matrix factorization approach for a project and got a vague reply that didn’t pin down what the TA expected, so I just pivoted on my own and hoped I hadn’t totally misread the rubric. Office hours helped once I brought a concrete example and a quick code snippet, but I still left with a sense that the policies are fine while communication is sloppy, and I’d only recommend this with solid preparation and a willingness to slog through the rough edges.",__row_summary__,,True,False,supported 3/3; sentiment 1/3,"Practical application label fits, but workload and interest are portrayed negatively rather than neutrally."
22,"Taking the Operating Systems course in the middle of a heavy term was rough, but it wasn’t a total wash. I went into it because I needed it for a specialization, and honestly the material was more accessible than I expected, especially since I could use the readings only when I needed a refresher instead of chasing every assignment in a cram-style way. The prerequisite fit turned out to be stronger than I’d feared, filling gaps I didn’t even realize were there, which helped me stay afloat even as the workload piled up. Most of the work felt like solo effort, with only occasional quick checks with a TA, so I didn’t rely much on classmates, which was fine but made the parts I struggled with linger longer. Grading comments were detailed but often late, adding stress when a concept finally clicked after a weekend of staring at notes. The platform had a few quirks that created unnecessary stress at odd hours, especially around the submission portal, which felt like a minor but real drag. The standout moment was the midterm week—one tricky memory problem that reminded me of a simpler prerequisite course I’d aced, and I kept thinking, this is the zone where I should have done better.",accessibility,positive,True,True,"The student says the material was more accessible than expected and could rely on readings as needed, indicating a positive accessibility experience.",The declared positive accessibility label is supported and matches the review.
22,"Taking the Operating Systems course in the middle of a heavy term was rough, but it wasn’t a total wash. I went into it because I needed it for a specialization, and honestly the material was more accessible than I expected, especially since I could use the readings only when I needed a refresher instead of chasing every assignment in a cram-style way. The prerequisite fit turned out to be stronger than I’d feared, filling gaps I didn’t even realize were there, which helped me stay afloat even as the workload piled up. Most of the work felt like solo effort, with only occasional quick checks with a TA, so I didn’t rely much on classmates, which was fine but made the parts I struggled with linger longer. Grading comments were detailed but often late, adding stress when a concept finally clicked after a weekend of staring at notes. The platform had a few quirks that created unnecessary stress at odd hours, especially around the submission portal, which felt like a minor but real drag. The standout moment was the midterm week—one tricky memory problem that reminded me of a simpler prerequisite course I’d aced, and I kept thinking, this is the zone where I should have done better.",__row_summary__,,True,True,supported 1/1; sentiment 1/1,The declared positive accessibility label is supported and matches the review.
23,"Data Structures was a solid fit I took while juggling a full-time job; the advanced elective kept me honest, and I found the forums oddly helpful despite the occasional dismissiveness. Recorded lectures were useful but a bit dry, and the tool setup felt like more friction than payoff, especially when deadlines piled up. Late in the term, a turning point project clicked for me and my B felt earned, even if grading comments were detailed but slow to arrive.",relevance,positive,True,True,"The reviewer says the course was a 'solid fit' while working full-time, indicating it suited their needs.",The declared positive relevance label is supported by the review.
23,"Data Structures was a solid fit I took while juggling a full-time job; the advanced elective kept me honest, and I found the forums oddly helpful despite the occasional dismissiveness. Recorded lectures were useful but a bit dry, and the tool setup felt like more friction than payoff, especially when deadlines piled up. Late in the term, a turning point project clicked for me and my B felt earned, even if grading comments were detailed but slow to arrive.",__row_summary__,,True,True,supported 1/1; sentiment 1/1,The declared positive relevance label is supported by the review.
24,"Data Structures with Prof. Rios was a step up from the easier prereqs, yet I felt the pacing could swing between too fast during crunch weeks and oddly slack at other times. I balanced it with multiple demanding courses, so I fell behind and caught up around deadlines, especially when the project milestones piled up near midterm and final checkpoints. The LMS and submission flow were smooth, but feedback quality varied a lot by assignment, which left me chasing quick clarifications in office hours or on the forum. Mostly solo work with little peer dependency, I still relied on the TAs for a couple tricky data-structure questions, like balancing trees, where one TA gave a really concrete debugging tip that saved me. The weeks with stacked deadlines were rough, and compared to the easier prerequisite, this one felt more high-stakes and project-heavy. Final exams could be intimidating, but the queue for answers during office hours helped me stay afloat. Overall, it’s solid as",pacing,neutral,True,False,"The review criticizes pacing as swinging between too fast in crunch weeks and slack at other times (mixed/negative), not neutral.","Both aspects are mentioned, but the declared neutral sentiments are not faithful to the review’s mixed/negative tone."
24,"Data Structures with Prof. Rios was a step up from the easier prereqs, yet I felt the pacing could swing between too fast during crunch weeks and oddly slack at other times. I balanced it with multiple demanding courses, so I fell behind and caught up around deadlines, especially when the project milestones piled up near midterm and final checkpoints. The LMS and submission flow were smooth, but feedback quality varied a lot by assignment, which left me chasing quick clarifications in office hours or on the forum. Mostly solo work with little peer dependency, I still relied on the TAs for a couple tricky data-structure questions, like balancing trees, where one TA gave a really concrete debugging tip that saved me. The weeks with stacked deadlines were rough, and compared to the easier prerequisite, this one felt more high-stakes and project-heavy. Final exams could be intimidating, but the queue for answers during office hours helped me stay afloat. Overall, it’s solid as",clarity,neutral,True,False,"The review notes feedback quality varied and the student had to chase clarifications, implying clarity issues (mixed/negative), not neutral.","Both aspects are mentioned, but the declared neutral sentiments are not faithful to the review’s mixed/negative tone."
24,"Data Structures with Prof. Rios was a step up from the easier prereqs, yet I felt the pacing could swing between too fast during crunch weeks and oddly slack at other times. I balanced it with multiple demanding courses, so I fell behind and caught up around deadlines, especially when the project milestones piled up near midterm and final checkpoints. The LMS and submission flow were smooth, but feedback quality varied a lot by assignment, which left me chasing quick clarifications in office hours or on the forum. Mostly solo work with little peer dependency, I still relied on the TAs for a couple tricky data-structure questions, like balancing trees, where one TA gave a really concrete debugging tip that saved me. The weeks with stacked deadlines were rough, and compared to the easier prerequisite, this one felt more high-stakes and project-heavy. Final exams could be intimidating, but the queue for answers during office hours helped me stay afloat. Overall, it’s solid as",__row_summary__,,True,False,supported 2/2; sentiment 0/2,"Both aspects are mentioned, but the declared neutral sentiments are not faithful to the review’s mixed/negative tone."
25,"Taking OS with a full-time job was rough at first, but Prof. Alvarez’s lectures finally clicked and the pacing was decent once I sat through the early setup. The tool setup took more effort than the payoff, and the rubric always felt vague, but the weekly problem sets and a concrete project on process scheduling helped me push through. I still remember asking a question during office hours about page cache behavior and getting a clear, practical explanation that stuck.",overall_experience,positive,True,True,"Despite initial roughness and some negatives (tool setup, vague rubric), the review emphasizes lectures clicking, decent pacing, helpful assignments/project, and strong office hours, yielding a net positive experience.","Overall_experience is faithful, but accessibility is not evidenced and materials is mis-scored as negative given mixed feedback."
25,"Taking OS with a full-time job was rough at first, but Prof. Alvarez’s lectures finally clicked and the pacing was decent once I sat through the early setup. The tool setup took more effort than the payoff, and the rubric always felt vague, but the weekly problem sets and a concrete project on process scheduling helped me push through. I still remember asking a question during office hours about page cache behavior and getting a clear, practical explanation that stuck.",accessibility,neutral,False,False,"The review does not clearly address accessibility (e.g., ease of access, accommodations); mentioning office hours is insufficient to label accessibility.","Overall_experience is faithful, but accessibility is not evidenced and materials is mis-scored as negative given mixed feedback."
25,"Taking OS with a full-time job was rough at first, but Prof. Alvarez’s lectures finally clicked and the pacing was decent once I sat through the early setup. The tool setup took more effort than the payoff, and the rubric always felt vague, but the weekly problem sets and a concrete project on process scheduling helped me push through. I still remember asking a question during office hours about page cache behavior and getting a clear, practical explanation that stuck.",materials,negative,True,False,"The review is mixed on course components: negative about tool setup and rubric, but positive about weekly problem sets, concrete project, and clear explanations; not purely negative.","Overall_experience is faithful, but accessibility is not evidenced and materials is mis-scored as negative given mixed feedback."
25,"Taking OS with a full-time job was rough at first, but Prof. Alvarez’s lectures finally clicked and the pacing was decent once I sat through the early setup. The tool setup took more effort than the payoff, and the rubric always felt vague, but the weekly problem sets and a concrete project on process scheduling helped me push through. I still remember asking a question during office hours about page cache behavior and getting a clear, practical explanation that stuck.",__row_summary__,,False,False,supported 2/3; sentiment 1/3,"Overall_experience is faithful, but accessibility is not evidenced and materials is mis-scored as negative given mixed feedback."
26,"The pace in Data Structures this summer term felt brutal, like we were sprinting through a compressed syllabus while the clock kept sneaking up on us, and by week six I was already juggling five different deadlines. I mostly used the lecture notes and a couple of picked practice sets instead of everything in the platform, because some days the videos felt longer than the task at hand and I didn’t have the energy to wade through the quirks again. The grading felt oddly capricious, with one weird quiz format that seemed to hinge on a tiny detail I hadn’t anticipated, and the feedback was slow enough that deadlines started to bleed into the weekend. Tooling setup was another friction point: the IDE configurations and library versions kept clashing, and every new attempt meant another hour wasted hunting for a missing dependency. Email support was painfully slow when I was racing toward deadlines, which only added to the sense that I was fighting the system more than the material. By the late-semester turning point, I realized this course is probably best if you already know adjacent material, because starting from scratch here felt like toeing a tightrope with no net. I’m still unsure whether I’d recommend it.",pacing,negative,True,True,Calls the pace 'brutal' and describes sprinting through a compressed syllabus with many deadlines.,"Pacing label is faithful, but assessment_design sentiment is understated versus the review."
26,"The pace in Data Structures this summer term felt brutal, like we were sprinting through a compressed syllabus while the clock kept sneaking up on us, and by week six I was already juggling five different deadlines. I mostly used the lecture notes and a couple of picked practice sets instead of everything in the platform, because some days the videos felt longer than the task at hand and I didn’t have the energy to wade through the quirks again. The grading felt oddly capricious, with one weird quiz format that seemed to hinge on a tiny detail I hadn’t anticipated, and the feedback was slow enough that deadlines started to bleed into the weekend. Tooling setup was another friction point: the IDE configurations and library versions kept clashing, and every new attempt meant another hour wasted hunting for a missing dependency. Email support was painfully slow when I was racing toward deadlines, which only added to the sense that I was fighting the system more than the material. By the late-semester turning point, I realized this course is probably best if you already know adjacent material, because starting from scratch here felt like toeing a tightrope with no net. I’m still unsure whether I’d recommend it.",assessment_design,neutral,True,False,"Describes grading as 'oddly capricious' and a 'weird quiz format' hinging on tiny details, indicating negative sentiment rather than neutral.","Pacing label is faithful, but assessment_design sentiment is understated versus the review."
26,"The pace in Data Structures this summer term felt brutal, like we were sprinting through a compressed syllabus while the clock kept sneaking up on us, and by week six I was already juggling five different deadlines. I mostly used the lecture notes and a couple of picked practice sets instead of everything in the platform, because some days the videos felt longer than the task at hand and I didn’t have the energy to wade through the quirks again. The grading felt oddly capricious, with one weird quiz format that seemed to hinge on a tiny detail I hadn’t anticipated, and the feedback was slow enough that deadlines started to bleed into the weekend. Tooling setup was another friction point: the IDE configurations and library versions kept clashing, and every new attempt meant another hour wasted hunting for a missing dependency. Email support was painfully slow when I was racing toward deadlines, which only added to the sense that I was fighting the system more than the material. By the late-semester turning point, I realized this course is probably best if you already know adjacent material, because starting from scratch here felt like toeing a tightrope with no net. I’m still unsure whether I’d recommend it.",__row_summary__,,True,False,supported 2/2; sentiment 1/2,"Pacing label is faithful, but assessment_design sentiment is understated versus the review."
27,"Honestly, I’m new to the discipline and the basics were already a lot to juggle, but this course felt like the required checkpoint I had to clear for the track. I kept up with nearly every lecture, and peer discussions sometimes helped more than the official materials, which was both reassuring and a little frustrating when the answers came too late or didn’t fit my questions. The toolset started rough for me—yes, the software stack was clunky at first—but I managed to get through it, and the later work felt more doable, if not elegant. There was a late-semester turning point that finally clicked, and I realized the prerequisites fit me better than I expected, even as I doubted the pacing and the sparse feedback until it was nearly over.",prerequisite_fit,positive,True,True,Reviewer says the prerequisites ultimately fit better than expected after a late-semester turning point.,"Prerequisite fit is correctly positive, but support is portrayed as more negative/mixed than neutral."
27,"Honestly, I’m new to the discipline and the basics were already a lot to juggle, but this course felt like the required checkpoint I had to clear for the track. I kept up with nearly every lecture, and peer discussions sometimes helped more than the official materials, which was both reassuring and a little frustrating when the answers came too late or didn’t fit my questions. The toolset started rough for me—yes, the software stack was clunky at first—but I managed to get through it, and the later work felt more doable, if not elegant. There was a late-semester turning point that finally clicked, and I realized the prerequisites fit me better than I expected, even as I doubted the pacing and the sparse feedback until it was nearly over.",support,neutral,True,False,"They describe sparse/late feedback and official materials not fitting their questions; peer discussions helped but overall support reads mixed/negative, not neutral.","Prerequisite fit is correctly positive, but support is portrayed as more negative/mixed than neutral."
27,"Honestly, I’m new to the discipline and the basics were already a lot to juggle, but this course felt like the required checkpoint I had to clear for the track. I kept up with nearly every lecture, and peer discussions sometimes helped more than the official materials, which was both reassuring and a little frustrating when the answers came too late or didn’t fit my questions. The toolset started rough for me—yes, the software stack was clunky at first—but I managed to get through it, and the later work felt more doable, if not elegant. There was a late-semester turning point that finally clicked, and I realized the prerequisites fit me better than I expected, even as I doubted the pacing and the sparse feedback until it was nearly over.",__row_summary__,,True,False,supported 2/2; sentiment 1/2,"Prerequisite fit is correctly positive, but support is portrayed as more negative/mixed than neutral."
28,"I’m a returning student who felt rusty, so I came into Database Systems with a lot of questions, and I actually left with something usable, even if I’m still catching up in spots. Prof. Cohen explains the big-picture ideas clearly enough, but the week-to-week tooling glitches made the deadlines feel harsher than they should’ve been—our project repo kept hiccuping just as we hit a hard due date, which fk’ed my pacing more than once. The peer discussions in section helped a lot more than the official slides, and I found myself leaning on a few classmates to sanity-check the normalization questions and the ER diagrams we talked through in chat between sessions. The quick feedback from Prof. Cohen’s comments was a relief; I could adjust the next draft without waiting ages, even if I still wore out a coffee cup triaging the latest feedback and the new rubric tweaks. There was one concrete moment that sticks: a short chat after office hours where I struggled to justify a junction table choice, and the guidance felt practical, not just theoretical. Overall it’s a heavy, time-consuming track course, and I’m tired and resigned about catching up, but the discussion-heavy approach keeps it worth it.",interest,positive,True,True,"Despite being tired and the course being heavy, the student says the discussion-heavy approach keeps it worth it and they left with something usable.",Both declared aspects are clearly supported and the positive sentiments align with the review.
28,"I’m a returning student who felt rusty, so I came into Database Systems with a lot of questions, and I actually left with something usable, even if I’m still catching up in spots. Prof. Cohen explains the big-picture ideas clearly enough, but the week-to-week tooling glitches made the deadlines feel harsher than they should’ve been—our project repo kept hiccuping just as we hit a hard due date, which fk’ed my pacing more than once. The peer discussions in section helped a lot more than the official slides, and I found myself leaning on a few classmates to sanity-check the normalization questions and the ER diagrams we talked through in chat between sessions. The quick feedback from Prof. Cohen’s comments was a relief; I could adjust the next draft without waiting ages, even if I still wore out a coffee cup triaging the latest feedback and the new rubric tweaks. There was one concrete moment that sticks: a short chat after office hours where I struggled to justify a junction table choice, and the guidance felt practical, not just theoretical. Overall it’s a heavy, time-consuming track course, and I’m tired and resigned about catching up, but the discussion-heavy approach keeps it worth it.",peer_interaction,positive,True,True,"They say peer discussions helped more than slides and they relied on classmates to sanity-check work, indicating positive peer interaction.",Both declared aspects are clearly supported and the positive sentiments align with the review.
28,"I’m a returning student who felt rusty, so I came into Database Systems with a lot of questions, and I actually left with something usable, even if I’m still catching up in spots. Prof. Cohen explains the big-picture ideas clearly enough, but the week-to-week tooling glitches made the deadlines feel harsher than they should’ve been—our project repo kept hiccuping just as we hit a hard due date, which fk’ed my pacing more than once. The peer discussions in section helped a lot more than the official slides, and I found myself leaning on a few classmates to sanity-check the normalization questions and the ER diagrams we talked through in chat between sessions. The quick feedback from Prof. Cohen’s comments was a relief; I could adjust the next draft without waiting ages, even if I still wore out a coffee cup triaging the latest feedback and the new rubric tweaks. There was one concrete moment that sticks: a short chat after office hours where I struggled to justify a junction table choice, and the guidance felt practical, not just theoretical. Overall it’s a heavy, time-consuming track course, and I’m tired and resigned about catching up, but the discussion-heavy approach keeps it worth it.",__row_summary__,,True,True,supported 2/2; sentiment 2/2,Both declared aspects are clearly supported and the positive sentiments align with the review.
29,"I’m new to the discipline, and taking Data Structures felt like I was jumping into deep end water with a map I barely trust, but Dr. Chen kept telling us to just code it and see what breaks. The project-heavy setup fits my grind right now, especially since the high-stakes exams loom and I’m trying to prove I can actually think in terms of complexity, not just memorize algorithms. Quick feedback helps me steer, even as the grading rubric feels vague and I’m guessing whether a tweak to my binary search tree write-up will pass. The best moment came around late semester when I finally saw how a clean hash table design could simplify a dozen lines of code, and that turning point sticks with me, even if the deadlines stacked up unexpectedly.",materials,neutral,False,False,"The review discusses projects, exams, rubric, feedback, and deadlines, but not course materials (e.g., lectures, notes, textbook).","Feedback quality is supported and correctly labeled positive, while materials is not evidenced in the text."
29,"I’m new to the discipline, and taking Data Structures felt like I was jumping into deep end water with a map I barely trust, but Dr. Chen kept telling us to just code it and see what breaks. The project-heavy setup fits my grind right now, especially since the high-stakes exams loom and I’m trying to prove I can actually think in terms of complexity, not just memorize algorithms. Quick feedback helps me steer, even as the grading rubric feels vague and I’m guessing whether a tweak to my binary search tree write-up will pass. The best moment came around late semester when I finally saw how a clean hash table design could simplify a dozen lines of code, and that turning point sticks with me, even if the deadlines stacked up unexpectedly.",feedback_quality,positive,True,True,"The student says “Quick feedback helps me steer,” indicating positive feedback quality.","Feedback quality is supported and correctly labeled positive, while materials is not evidenced in the text."
29,"I’m new to the discipline, and taking Data Structures felt like I was jumping into deep end water with a map I barely trust, but Dr. Chen kept telling us to just code it and see what breaks. The project-heavy setup fits my grind right now, especially since the high-stakes exams loom and I’m trying to prove I can actually think in terms of complexity, not just memorize algorithms. Quick feedback helps me steer, even as the grading rubric feels vague and I’m guessing whether a tweak to my binary search tree write-up will pass. The best moment came around late semester when I finally saw how a clean hash table design could simplify a dozen lines of code, and that turning point sticks with me, even if the deadlines stacked up unexpectedly.",__row_summary__,,False,False,supported 1/2; sentiment 1/2,"Feedback quality is supported and correctly labeled positive, while materials is not evidenced in the text."
30,"I’m in the middle of a heavy semester and tried to fit Cyber Security Basics around short evening sessions, mainly relying on the recordings and my notes anyway. The LMS flow to submit assignments and track feedback is smooth, which helps when I’m juggling multiple courses, and the quick turnarounds let me adjust things without holding up my week. The course assumes a bit more prior knowledge than I anticipated, so I end up staring at some slides and wishing for a heavier on-ramp, even though the lectures are solid and the tools are usable. The assessment mix sometimes feels off compared to what the lectures emphasize, which I notice most on the weekly quizzes and the final project—a couple of times I’ve felt the task expectations drift from what the live talk covered. I did find a concrete win: the instructor answered a forum question about how to interpret a security policy quickly, which helped me tweak a behavior in my project repo before the deadline. All told, I’ll keep the pace, but I’m still chasing that perfect alignment between what’s taught and how we’re asked to show it.",tooling_usability,neutral,True,True,"The reviewer says the LMS submission/feedback flow is smooth and the tools are usable, indicating mild positive but overall close to neutral/functional.",The tooling usability aspect is mentioned and the neutral label is broadly consistent with the review.
30,"I’m in the middle of a heavy semester and tried to fit Cyber Security Basics around short evening sessions, mainly relying on the recordings and my notes anyway. The LMS flow to submit assignments and track feedback is smooth, which helps when I’m juggling multiple courses, and the quick turnarounds let me adjust things without holding up my week. The course assumes a bit more prior knowledge than I anticipated, so I end up staring at some slides and wishing for a heavier on-ramp, even though the lectures are solid and the tools are usable. The assessment mix sometimes feels off compared to what the lectures emphasize, which I notice most on the weekly quizzes and the final project—a couple of times I’ve felt the task expectations drift from what the live talk covered. I did find a concrete win: the instructor answered a forum question about how to interpret a security policy quickly, which helped me tweak a behavior in my project repo before the deadline. All told, I’ll keep the pace, but I’m still chasing that perfect alignment between what’s taught and how we’re asked to show it.",__row_summary__,,True,True,supported 1/1; sentiment 1/1,The tooling usability aspect is mentioned and the neutral label is broadly consistent with the review.
31,"Took Computer Networks with Prof. Haddad and came out feeling solid B, which matched the effort I could spare while juggling two other demanding courses. The hands-on bits were the practical payoff—figuring out routing quirks and then debugging a capstone-like packet-trace project—once I got past the rough start with the software stack. I’m comfortable with proofs, but the course assumed more prior systems depth than I expected, so I spent extra late nights on the simulation setup. Email support felt slow when deadlines loomed, and with only a few big assessments, each one mattered a lot, so the pressure stayed high. Overall, the assessment felt fair but exhausting, and there’s a steady tradeoff between slog and real learning that stuck with me.",practical_application,positive,True,True,"Mentions hands-on routing/debugging work as a “practical payoff” and “real learning,” despite an initial rough start.","Practical application is positively evidenced, while peer interaction is not addressed in the review."
31,"Took Computer Networks with Prof. Haddad and came out feeling solid B, which matched the effort I could spare while juggling two other demanding courses. The hands-on bits were the practical payoff—figuring out routing quirks and then debugging a capstone-like packet-trace project—once I got past the rough start with the software stack. I’m comfortable with proofs, but the course assumed more prior systems depth than I expected, so I spent extra late nights on the simulation setup. Email support felt slow when deadlines loomed, and with only a few big assessments, each one mattered a lot, so the pressure stayed high. Overall, the assessment felt fair but exhausting, and there’s a steady tradeoff between slog and real learning that stuck with me.",peer_interaction,neutral,False,False,"No mention of classmates, group work, discussion, or collaboration; only email support is referenced.","Practical application is positively evidenced, while peer interaction is not addressed in the review."
31,"Took Computer Networks with Prof. Haddad and came out feeling solid B, which matched the effort I could spare while juggling two other demanding courses. The hands-on bits were the practical payoff—figuring out routing quirks and then debugging a capstone-like packet-trace project—once I got past the rough start with the software stack. I’m comfortable with proofs, but the course assumed more prior systems depth than I expected, so I spent extra late nights on the simulation setup. Email support felt slow when deadlines loomed, and with only a few big assessments, each one mattered a lot, so the pressure stayed high. Overall, the assessment felt fair but exhausting, and there’s a steady tradeoff between slog and real learning that stuck with me.",__row_summary__,,False,False,supported 1/2; sentiment 1/2,"Practical application is positively evidenced, while peer interaction is not addressed in the review."
32,"Linear Algebra started strong for me as a newbie, but my attendance dropped mid‑semester and the tool setup was a slog; I ended up juggling a heavy report‑heavy workload with limited staff help, which felt unfairly time‑consuming.",difficulty,neutral,True,False,"The review describes a slog, heavy report-heavy workload, and time-consuming effort, indicating negative difficulty rather than neutral.",Only accessibility is clearly negative as labeled; difficulty and lecturer_quality labels are not faithful to the text.
32,"Linear Algebra started strong for me as a newbie, but my attendance dropped mid‑semester and the tool setup was a slog; I ended up juggling a heavy report‑heavy workload with limited staff help, which felt unfairly time‑consuming.",lecturer_quality,positive,False,False,No clear mention of lecturer teaching quality; only 'limited staff help' which is more about support availability.,Only accessibility is clearly negative as labeled; difficulty and lecturer_quality labels are not faithful to the text.
32,"Linear Algebra started strong for me as a newbie, but my attendance dropped mid‑semester and the tool setup was a slog; I ended up juggling a heavy report‑heavy workload with limited staff help, which felt unfairly time‑consuming.",accessibility,negative,True,True,"Mentions limited staff help and tool setup being a slog, aligning with negative accessibility/support.",Only accessibility is clearly negative as labeled; difficulty and lecturer_quality labels are not faithful to the text.
32,"Linear Algebra started strong for me as a newbie, but my attendance dropped mid‑semester and the tool setup was a slog; I ended up juggling a heavy report‑heavy workload with limited staff help, which felt unfairly time‑consuming.",__row_summary__,,False,False,supported 2/3; sentiment 1/3,Only accessibility is clearly negative as labeled; difficulty and lecturer_quality labels are not faithful to the text.
33,"Taking the Database Systems course this summer was a mixed bag: I stuck through it mainly because I’d heard it would be useful for industry work, but I barely passed after struggling most of the term. The pacing was brutal in the compressed summer term, though the LMS and submission flow were smooth enough to avoid extra friction. The lectures were slides you could skim, not something I walked away remembering, and I felt the grading rubric was vague, which didn’t help my confidence in what to prioritize. I found the course works best if you have a study group, and honestly the only concrete crunch I remember is juggling a couple of deadlines for the project and a midterm that felt like it came out of nowhere.",accessibility,neutral,False,False,"The review discusses pacing, LMS flow, lectures, and grading clarity, but does not clearly address accessibility/accommodations or ease of access in an accessibility sense.","Support is clearly negative in the text, while accessibility is not clearly mentioned."
33,"Taking the Database Systems course this summer was a mixed bag: I stuck through it mainly because I’d heard it would be useful for industry work, but I barely passed after struggling most of the term. The pacing was brutal in the compressed summer term, though the LMS and submission flow were smooth enough to avoid extra friction. The lectures were slides you could skim, not something I walked away remembering, and I felt the grading rubric was vague, which didn’t help my confidence in what to prioritize. I found the course works best if you have a study group, and honestly the only concrete crunch I remember is juggling a couple of deadlines for the project and a midterm that felt like it came out of nowhere.",support,negative,True,True,"The student implies limited instructional support/clarity (vague rubric, midterm felt unexpected) and notes needing a study group, indicating a negative support experience.","Support is clearly negative in the text, while accessibility is not clearly mentioned."
33,"Taking the Database Systems course this summer was a mixed bag: I stuck through it mainly because I’d heard it would be useful for industry work, but I barely passed after struggling most of the term. The pacing was brutal in the compressed summer term, though the LMS and submission flow were smooth enough to avoid extra friction. The lectures were slides you could skim, not something I walked away remembering, and I felt the grading rubric was vague, which didn’t help my confidence in what to prioritize. I found the course works best if you have a study group, and honestly the only concrete crunch I remember is juggling a couple of deadlines for the project and a midterm that felt like it came out of nowhere.",__row_summary__,,False,False,supported 1/2; sentiment 1/2,"Support is clearly negative in the text, while accessibility is not clearly mentioned."
34,"Calculus II in the summer term felt like sprinting through a storm: the pace was compressed and the pacing expectations didn’t match what I had in mind, especially since I was told it would be useful for real industry work and then found the deadlines piling up with little breathing room. Dr. Chen is sharp and knows his stuff, but the way the instructions were written left a lot to interpretation, so I spent more time chasing exact phrasing for submissions than actually solving the problems. The tooling hiccups didn’t help—glitches during the main homework week ruined a chunk of grading time and I ended up chasing a late toggle to submit one problem, which rattled me right before a big exam format switch. My attendance pattern was a mess: I fell behind and caught up around deadlines, and I felt like the prerequisite assumptions were kinder to people who had seen more Calc before, which made the early weeks feel uneven. Office hours saved me more than once, but I wouldn’t sign up for this again, even if the material did eventually click; it felt like a relief when I finally understood the turning point around the last couple of topics, more by grit than by good structure. Compared to the easier prerequisite, this was a tougher climb, and I still side-eyed the whole setup.",exam_fairness,negative,False,False,"The review mentions an exam format switch and stress around it, but does not clearly evaluate whether exams were fair or unfair.",The declared negative exam_fairness label is not clearly supported by the review text.
34,"Calculus II in the summer term felt like sprinting through a storm: the pace was compressed and the pacing expectations didn’t match what I had in mind, especially since I was told it would be useful for real industry work and then found the deadlines piling up with little breathing room. Dr. Chen is sharp and knows his stuff, but the way the instructions were written left a lot to interpretation, so I spent more time chasing exact phrasing for submissions than actually solving the problems. The tooling hiccups didn’t help—glitches during the main homework week ruined a chunk of grading time and I ended up chasing a late toggle to submit one problem, which rattled me right before a big exam format switch. My attendance pattern was a mess: I fell behind and caught up around deadlines, and I felt like the prerequisite assumptions were kinder to people who had seen more Calc before, which made the early weeks feel uneven. Office hours saved me more than once, but I wouldn’t sign up for this again, even if the material did eventually click; it felt like a relief when I finally understood the turning point around the last couple of topics, more by grit than by good structure. Compared to the easier prerequisite, this was a tougher climb, and I still side-eyed the whole setup.",__row_summary__,,False,False,supported 0/1; sentiment 0/1,The declared negative exam_fairness label is not clearly supported by the review text.
35,"Calculus II felt like a rusty door finally gets opened, and I trudged through it mid-semester while juggling another heavy class. Prof. Rios’s feedback on the long projects was detailed, but it often came late, which didn’t help with the next deadline, and the exams were high-stakes enough to stress me out. Still, the LMS flow was smooth, and I found value in the office hours when I actually showed up, especially for that one project clarifying a trig substitution method. I’m not sure I’d take it again, but it did push me to relearn some core stuff",relevance,neutral,True,False,"The review suggests the course had value and pushed relearning core material (mildly positive), not neutral.",Two of three declared sentiments understate negatives/positives expressed in the review.
35,"Calculus II felt like a rusty door finally gets opened, and I trudged through it mid-semester while juggling another heavy class. Prof. Rios’s feedback on the long projects was detailed, but it often came late, which didn’t help with the next deadline, and the exams were high-stakes enough to stress me out. Still, the LMS flow was smooth, and I found value in the office hours when I actually showed up, especially for that one project clarifying a trig substitution method. I’m not sure I’d take it again, but it did push me to relearn some core stuff",assessment_design,neutral,True,False,"Mentions long projects with late feedback and high-stakes exams causing stress, indicating negative assessment design rather than neutral.",Two of three declared sentiments understate negatives/positives expressed in the review.
35,"Calculus II felt like a rusty door finally gets opened, and I trudged through it mid-semester while juggling another heavy class. Prof. Rios’s feedback on the long projects was detailed, but it often came late, which didn’t help with the next deadline, and the exams were high-stakes enough to stress me out. Still, the LMS flow was smooth, and I found value in the office hours when I actually showed up, especially for that one project clarifying a trig substitution method. I’m not sure I’d take it again, but it did push me to relearn some core stuff",lecturer_quality,positive,True,True,"Prof. Rios’s feedback is described as detailed and office hours valuable, though sometimes late; overall leans positive.",Two of three declared sentiments understate negatives/positives expressed in the review.
35,"Calculus II felt like a rusty door finally gets opened, and I trudged through it mid-semester while juggling another heavy class. Prof. Rios’s feedback on the long projects was detailed, but it often came late, which didn’t help with the next deadline, and the exams were high-stakes enough to stress me out. Still, the LMS flow was smooth, and I found value in the office hours when I actually showed up, especially for that one project clarifying a trig substitution method. I’m not sure I’d take it again, but it did push me to relearn some core stuff",__row_summary__,,True,False,supported 3/3; sentiment 1/3,Two of three declared sentiments understate negatives/positives expressed in the review.
36,"Taking Cyber Security Basics while juggling a full-time job was a weird mix of rough starts and small wins. The lectures were okay, slides serviceable but not memorable, and I found the instructions left a lot of room for interpretation, which didn’t help when I was trying to pace myself around deadlines. The software stack started rough for me—lots of CLI quirks and a noisy IDE—but it got manageable after a couple of late-night tinkering sessions. I fell behind and then caught up around deadlines, which felt like sprinting to catch a bus I knew would leave without me if I slowed down. The assessment mix didn’t always align with what we covered in lectures, so I was often guessing what the grader wanted, even though I learned a lot. One concrete thing I remember is a project that required pulling logs from a simulated network and demonstrating a basic incident response; that part clicked, but the rest left me feeling more stressed than inspired. Overall, it fit my schedule more than my interests, and I’d say I learned a lot, even if I didn’t enjoy the ride.",organization,neutral,True,False,"The reviewer notes unclear instructions, deadline pacing difficulties, and assessments not aligning with lectures, indicating negative organization rather than neutral.","The organization aspect is discussed, but its sentiment is more negative than neutral."
36,"Taking Cyber Security Basics while juggling a full-time job was a weird mix of rough starts and small wins. The lectures were okay, slides serviceable but not memorable, and I found the instructions left a lot of room for interpretation, which didn’t help when I was trying to pace myself around deadlines. The software stack started rough for me—lots of CLI quirks and a noisy IDE—but it got manageable after a couple of late-night tinkering sessions. I fell behind and then caught up around deadlines, which felt like sprinting to catch a bus I knew would leave without me if I slowed down. The assessment mix didn’t always align with what we covered in lectures, so I was often guessing what the grader wanted, even though I learned a lot. One concrete thing I remember is a project that required pulling logs from a simulated network and demonstrating a basic incident response; that part clicked, but the rest left me feeling more stressed than inspired. Overall, it fit my schedule more than my interests, and I’d say I learned a lot, even if I didn’t enjoy the ride.",__row_summary__,,True,False,supported 1/1; sentiment 0/1,"The organization aspect is discussed, but its sentiment is more negative than neutral."
37,"The OS course in my last semester before graduating was exactly the mix of demanding and useful I expected, and I felt it in small, concrete ways more than in grand statements. The lectures were clear and kept a decent pace, which helped as the software stack started rough but became manageable after a few weeks, especially once I stopped fighting the toolchain and started using it with the TAs during office hours. I came in thinking it’d be a strong fit because I’d heard it’s useful for industry work, and that turned out to be true in a few practical moments—like dragging Git and a containerized testbed into the grading flow—though the grading itself was a thorn: the assignments piled up with tight deadlines and I never quite felt relaxed about a late submission. The prerequisite fit starts accessible but ramps up sharply, and I appreciated how the forums and quick TA replies helped when I hit a sudden roadblock during a midterm-like project. I compared it to the easier prerequisite and found this one more taxing, but the peer interaction stayed mostly neutral and the workload was manageable most weeks, all things considered. Overall, I liked the instructor, disliked the grading quirks, and kept a steady pace through a semester that balanced several hard courses.",lecturer_quality,neutral,True,False,"The review says lectures were clear and the instructor was liked, which is positive rather than neutral.",Two of the three labels mismatch the review’s expressed sentiment.
37,"The OS course in my last semester before graduating was exactly the mix of demanding and useful I expected, and I felt it in small, concrete ways more than in grand statements. The lectures were clear and kept a decent pace, which helped as the software stack started rough but became manageable after a few weeks, especially once I stopped fighting the toolchain and started using it with the TAs during office hours. I came in thinking it’d be a strong fit because I’d heard it’s useful for industry work, and that turned out to be true in a few practical moments—like dragging Git and a containerized testbed into the grading flow—though the grading itself was a thorn: the assignments piled up with tight deadlines and I never quite felt relaxed about a late submission. The prerequisite fit starts accessible but ramps up sharply, and I appreciated how the forums and quick TA replies helped when I hit a sudden roadblock during a midterm-like project. I compared it to the easier prerequisite and found this one more taxing, but the peer interaction stayed mostly neutral and the workload was manageable most weeks, all things considered. Overall, I liked the instructor, disliked the grading quirks, and kept a steady pace through a semester that balanced several hard courses.",prerequisite_fit,positive,True,False,"It says prerequisite fit starts accessible but ramps up sharply and is more taxing than the easier prerequisite, which is mixed/negative not clearly positive.",Two of the three labels mismatch the review’s expressed sentiment.
37,"The OS course in my last semester before graduating was exactly the mix of demanding and useful I expected, and I felt it in small, concrete ways more than in grand statements. The lectures were clear and kept a decent pace, which helped as the software stack started rough but became manageable after a few weeks, especially once I stopped fighting the toolchain and started using it with the TAs during office hours. I came in thinking it’d be a strong fit because I’d heard it’s useful for industry work, and that turned out to be true in a few practical moments—like dragging Git and a containerized testbed into the grading flow—though the grading itself was a thorn: the assignments piled up with tight deadlines and I never quite felt relaxed about a late submission. The prerequisite fit starts accessible but ramps up sharply, and I appreciated how the forums and quick TA replies helped when I hit a sudden roadblock during a midterm-like project. I compared it to the easier prerequisite and found this one more taxing, but the peer interaction stayed mostly neutral and the workload was manageable most weeks, all things considered. Overall, I liked the instructor, disliked the grading quirks, and kept a steady pace through a semester that balanced several hard courses.",peer_interaction,neutral,True,True,It explicitly states the peer interaction stayed mostly neutral.,Two of the three labels mismatch the review’s expressed sentiment.
37,"The OS course in my last semester before graduating was exactly the mix of demanding and useful I expected, and I felt it in small, concrete ways more than in grand statements. The lectures were clear and kept a decent pace, which helped as the software stack started rough but became manageable after a few weeks, especially once I stopped fighting the toolchain and started using it with the TAs during office hours. I came in thinking it’d be a strong fit because I’d heard it’s useful for industry work, and that turned out to be true in a few practical moments—like dragging Git and a containerized testbed into the grading flow—though the grading itself was a thorn: the assignments piled up with tight deadlines and I never quite felt relaxed about a late submission. The prerequisite fit starts accessible but ramps up sharply, and I appreciated how the forums and quick TA replies helped when I hit a sudden roadblock during a midterm-like project. I compared it to the easier prerequisite and found this one more taxing, but the peer interaction stayed mostly neutral and the workload was manageable most weeks, all things considered. Overall, I liked the instructor, disliked the grading quirks, and kept a steady pace through a semester that balanced several hard courses.",__row_summary__,,True,False,supported 3/3; sentiment 1/3,Two of the three labels mismatch the review’s expressed sentiment.
38,"Machine Learning felt approachable at first, especially the lectures—clear and paced in a way that kept me from zoning out, even with a full-time job looming over my evenings. I’m new to the discipline and the basics were doable, but the software stack started rough for me, cranking up to manageable once I got a feel for the workflow; a couple of late feedback rounds didn’t help when a project skid needed a nudge. Attendance dropped mid-semester as the weeknights piled up, and I found the course works best if you’re in a study group, trading quick tips and code snippets. I’m torn about recommending it; I’m unsure if my understanding truly clicked, yet the pacing and organization did land some solid takeaways.",support,neutral,True,False,"Mentions needing a nudge and that late feedback rounds didn’t help, implying support/feedback issues (more negative than neutral).","Two labels understate the review’s sentiment (support and pacing), while organization is correctly positive."
38,"Machine Learning felt approachable at first, especially the lectures—clear and paced in a way that kept me from zoning out, even with a full-time job looming over my evenings. I’m new to the discipline and the basics were doable, but the software stack started rough for me, cranking up to manageable once I got a feel for the workflow; a couple of late feedback rounds didn’t help when a project skid needed a nudge. Attendance dropped mid-semester as the weeknights piled up, and I found the course works best if you’re in a study group, trading quick tips and code snippets. I’m torn about recommending it; I’m unsure if my understanding truly clicked, yet the pacing and organization did land some solid takeaways.",pacing,neutral,True,False,"Lectures were “clear and paced” to keep attention and pacing “did land some solid takeaways,” which reads positive rather than neutral.","Two labels understate the review’s sentiment (support and pacing), while organization is correctly positive."
38,"Machine Learning felt approachable at first, especially the lectures—clear and paced in a way that kept me from zoning out, even with a full-time job looming over my evenings. I’m new to the discipline and the basics were doable, but the software stack started rough for me, cranking up to manageable once I got a feel for the workflow; a couple of late feedback rounds didn’t help when a project skid needed a nudge. Attendance dropped mid-semester as the weeknights piled up, and I found the course works best if you’re in a study group, trading quick tips and code snippets. I’m torn about recommending it; I’m unsure if my understanding truly clicked, yet the pacing and organization did land some solid takeaways.",organization,positive,True,True,"Says “the pacing and organization did land some solid takeaways,” indicating positive organization.","Two labels understate the review’s sentiment (support and pacing), while organization is correctly positive."
38,"Machine Learning felt approachable at first, especially the lectures—clear and paced in a way that kept me from zoning out, even with a full-time job looming over my evenings. I’m new to the discipline and the basics were doable, but the software stack started rough for me, cranking up to manageable once I got a feel for the workflow; a couple of late feedback rounds didn’t help when a project skid needed a nudge. Attendance dropped mid-semester as the weeknights piled up, and I found the course works best if you’re in a study group, trading quick tips and code snippets. I’m torn about recommending it; I’m unsure if my understanding truly clicked, yet the pacing and organization did land some solid takeaways.",__row_summary__,,True,False,supported 3/3; sentiment 1/3,"Two labels understate the review’s sentiment (support and pacing), while organization is correctly positive."
39,"I took Machine Learning as a required track course, and I stuck with nearly every lecture even though I’m coming from a strong coding background but weak on the theory side. The instructor has a knack for big-picture explanations, but the actual examples felt thin and sometimes felt like they were skimming over the hard parts I was hoping to see demonstrated. The tooling setup, on the other hand, was rough enough to slow me down more than once, and the project-heavy grading with high-stakes exams was a stress pattern I didn’t fully adapt to, especially since the prerequisites feel like they’re best if you already know adjacent material. Still, it did push me to connect coding to models more concretely, and I barely passed after wrestling through most of the term, which has me mildly glad I didn’t bail earlier.",clarity,neutral,True,False,"The instructor is praised for big-picture explanations, but examples are described as thin and skimming hard parts, suggesting mixed/leaning negative rather than neutral.","Both aspects are mentioned in the review, but the declared sentiments do not align with the text."
39,"I took Machine Learning as a required track course, and I stuck with nearly every lecture even though I’m coming from a strong coding background but weak on the theory side. The instructor has a knack for big-picture explanations, but the actual examples felt thin and sometimes felt like they were skimming over the hard parts I was hoping to see demonstrated. The tooling setup, on the other hand, was rough enough to slow me down more than once, and the project-heavy grading with high-stakes exams was a stress pattern I didn’t fully adapt to, especially since the prerequisites feel like they’re best if you already know adjacent material. Still, it did push me to connect coding to models more concretely, and I barely passed after wrestling through most of the term, which has me mildly glad I didn’t bail earlier.",tooling_usability,positive,True,False,"Tooling setup is explicitly described as rough and slowing the student down, which is negative, not positive.","Both aspects are mentioned in the review, but the declared sentiments do not align with the text."
39,"I took Machine Learning as a required track course, and I stuck with nearly every lecture even though I’m coming from a strong coding background but weak on the theory side. The instructor has a knack for big-picture explanations, but the actual examples felt thin and sometimes felt like they were skimming over the hard parts I was hoping to see demonstrated. The tooling setup, on the other hand, was rough enough to slow me down more than once, and the project-heavy grading with high-stakes exams was a stress pattern I didn’t fully adapt to, especially since the prerequisites feel like they’re best if you already know adjacent material. Still, it did push me to connect coding to models more concretely, and I barely passed after wrestling through most of the term, which has me mildly glad I didn’t bail earlier.",__row_summary__,,True,False,supported 2/2; sentiment 0/2,"Both aspects are mentioned in the review, but the declared sentiments do not align with the text."
40,"I took Calculus II in the summer term while working full-time, so I appreciated the toolset being fairly usable even with my limited study time. The project-heavy pace plus some high-stakes exams meant I relied a lot on the group work and the few times the team functioned well, we caught each other up on the shared notes and weekly problem sets. The grading rubric felt vague at times, which didn’t help when I tried to gauge what counted toward the final B I earned—exhausting, but fair enough for the effort I could put in. It sometimes felt like students helped each other more than staff did, and the occasional reminder about deadlines was enough to keep me on track, even as tightening pacing wore me down.",tooling_usability,positive,True,True,"The reviewer says they appreciated the toolset being fairly usable with limited study time, indicating positive usability.",The tooling usability aspect is explicitly mentioned and labeled with the correct positive sentiment.
40,"I took Calculus II in the summer term while working full-time, so I appreciated the toolset being fairly usable even with my limited study time. The project-heavy pace plus some high-stakes exams meant I relied a lot on the group work and the few times the team functioned well, we caught each other up on the shared notes and weekly problem sets. The grading rubric felt vague at times, which didn’t help when I tried to gauge what counted toward the final B I earned—exhausting, but fair enough for the effort I could put in. It sometimes felt like students helped each other more than staff did, and the occasional reminder about deadlines was enough to keep me on track, even as tightening pacing wore me down.",__row_summary__,,True,True,supported 1/1; sentiment 1/1,The tooling usability aspect is explicitly mentioned and labeled with the correct positive sentiment.
41,"Taking Cyber Security Basics this year fit my schedule more than my curiosity, but I felt a bit hand-wavy about the grading rubric and the overall pace; I relied on office hours with Prof. Alvarez and the TA for clarity, yet feedback came sparse until it felt late.",assessment_design,neutral,True,False,"The review criticizes the grading rubric as ""hand-wavy"" and notes sparse/late feedback, implying negative assessment design rather than neutral.","Both aspects are mentioned, but the declared sentiments are too positive/neutral compared to the review’s criticism."
41,"Taking Cyber Security Basics this year fit my schedule more than my curiosity, but I felt a bit hand-wavy about the grading rubric and the overall pace; I relied on office hours with Prof. Alvarez and the TA for clarity, yet feedback came sparse until it felt late.",lecturer_quality,positive,True,False,"Prof. Alvarez/TA office hours provided clarity, but feedback was sparse and late; overall sentiment is mixed/leaning negative, not clearly positive.","Both aspects are mentioned, but the declared sentiments are too positive/neutral compared to the review’s criticism."
41,"Taking Cyber Security Basics this year fit my schedule more than my curiosity, but I felt a bit hand-wavy about the grading rubric and the overall pace; I relied on office hours with Prof. Alvarez and the TA for clarity, yet feedback came sparse until it felt late.",__row_summary__,,True,False,supported 2/2; sentiment 0/2,"Both aspects are mentioned, but the declared sentiments are too positive/neutral compared to the review’s criticism."
42,"This course was a mixed grind for me as a returning student who feels a bit rusty, but I did have enough time at points to catch up before deadlines, which helped a little. The practical work felt more like busywork than real skills I could actually transport to a job, and the heavy focus on reports meant I spent ages polishing documents instead of understanding the network concepts in a usable way. The exam week sticks in my memory more for how fast the scores came back and how thin the explanations were than for any real insight, and the rubric felt vague enough that I wasn’t sure what counted as a good answer. I fell behind with attendance early on and only caught up near the deadlines, which didn’t do wonders for my confidence as a returning student trying to rebuild momentum. Collaboration expectations were murky, and I wish the course had clearer guidance on what the group work actually required beyond “coordinate with others.” One memorable week was the midterm covering routing tables, where I realized I mostly remembered the terms but not the nuance, which sums up the whole thing: a lot of rote content and a few moments that almost clicked, but not enough to feel like real readiness. Overall, I would not take it again, even though some parts did spark a shred of understanding.",practical_application,negative,True,True,Practical work is described as busywork and not transferable to a job.,"Two labels align with explicit complaints, but lecturer quality is not evidenced in the review."
42,"This course was a mixed grind for me as a returning student who feels a bit rusty, but I did have enough time at points to catch up before deadlines, which helped a little. The practical work felt more like busywork than real skills I could actually transport to a job, and the heavy focus on reports meant I spent ages polishing documents instead of understanding the network concepts in a usable way. The exam week sticks in my memory more for how fast the scores came back and how thin the explanations were than for any real insight, and the rubric felt vague enough that I wasn’t sure what counted as a good answer. I fell behind with attendance early on and only caught up near the deadlines, which didn’t do wonders for my confidence as a returning student trying to rebuild momentum. Collaboration expectations were murky, and I wish the course had clearer guidance on what the group work actually required beyond “coordinate with others.” One memorable week was the midterm covering routing tables, where I realized I mostly remembered the terms but not the nuance, which sums up the whole thing: a lot of rote content and a few moments that almost clicked, but not enough to feel like real readiness. Overall, I would not take it again, even though some parts did spark a shred of understanding.",exam_fairness,negative,True,True,"Mentions vague rubric and thin explanations, implying unfair/unclear assessment.","Two labels align with explicit complaints, but lecturer quality is not evidenced in the review."
42,"This course was a mixed grind for me as a returning student who feels a bit rusty, but I did have enough time at points to catch up before deadlines, which helped a little. The practical work felt more like busywork than real skills I could actually transport to a job, and the heavy focus on reports meant I spent ages polishing documents instead of understanding the network concepts in a usable way. The exam week sticks in my memory more for how fast the scores came back and how thin the explanations were than for any real insight, and the rubric felt vague enough that I wasn’t sure what counted as a good answer. I fell behind with attendance early on and only caught up near the deadlines, which didn’t do wonders for my confidence as a returning student trying to rebuild momentum. Collaboration expectations were murky, and I wish the course had clearer guidance on what the group work actually required beyond “coordinate with others.” One memorable week was the midterm covering routing tables, where I realized I mostly remembered the terms but not the nuance, which sums up the whole thing: a lot of rote content and a few moments that almost clicked, but not enough to feel like real readiness. Overall, I would not take it again, even though some parts did spark a shred of understanding.",lecturer_quality,negative,False,False,"No clear comments about the lecturer/instructor’s teaching quality, only course structure and assessment.","Two labels align with explicit complaints, but lecturer quality is not evidenced in the review."
42,"This course was a mixed grind for me as a returning student who feels a bit rusty, but I did have enough time at points to catch up before deadlines, which helped a little. The practical work felt more like busywork than real skills I could actually transport to a job, and the heavy focus on reports meant I spent ages polishing documents instead of understanding the network concepts in a usable way. The exam week sticks in my memory more for how fast the scores came back and how thin the explanations were than for any real insight, and the rubric felt vague enough that I wasn’t sure what counted as a good answer. I fell behind with attendance early on and only caught up near the deadlines, which didn’t do wonders for my confidence as a returning student trying to rebuild momentum. Collaboration expectations were murky, and I wish the course had clearer guidance on what the group work actually required beyond “coordinate with others.” One memorable week was the midterm covering routing tables, where I realized I mostly remembered the terms but not the nuance, which sums up the whole thing: a lot of rote content and a few moments that almost clicked, but not enough to feel like real readiness. Overall, I would not take it again, even though some parts did spark a shred of understanding.",__row_summary__,,False,False,supported 2/3; sentiment 2/3,"Two labels align with explicit complaints, but lecturer quality is not evidenced in the review."
43,"Cyber Security Basics fit my curiosity, and the accessibility here was real—I could follow lectures okay, even when I was juggling full-time work. However, I felt the prerequisites assumed more background than advertised, and the materials didn’t click for me; some readings felt thin or out of date, and I often wished for clearer, step-by-step notes. Feedback varied a lot by assignment, which didn’t always help when I was chasing deadlines and fallen behind but managed to catch up around big due dates. I relied on office hours and the TA for quick sanity checks, and I appreciated the occasional focused discussion, even if instruction delivery felt uneven week to week. I’ll remember the late-life-cycle risk discussion more than the week-by-week grind.",accessibility,positive,True,True,Student says the course was accessible and they could follow lectures despite full-time work.,Two labels are faithful; assessment_design is not clearly evidenced by the review.
43,"Cyber Security Basics fit my curiosity, and the accessibility here was real—I could follow lectures okay, even when I was juggling full-time work. However, I felt the prerequisites assumed more background than advertised, and the materials didn’t click for me; some readings felt thin or out of date, and I often wished for clearer, step-by-step notes. Feedback varied a lot by assignment, which didn’t always help when I was chasing deadlines and fallen behind but managed to catch up around big due dates. I relied on office hours and the TA for quick sanity checks, and I appreciated the occasional focused discussion, even if instruction delivery felt uneven week to week. I’ll remember the late-life-cycle risk discussion more than the week-by-week grind.",materials,negative,True,True,They say readings felt thin/out of date and wanted clearer step-by-step notes.,Two labels are faithful; assessment_design is not clearly evidenced by the review.
43,"Cyber Security Basics fit my curiosity, and the accessibility here was real—I could follow lectures okay, even when I was juggling full-time work. However, I felt the prerequisites assumed more background than advertised, and the materials didn’t click for me; some readings felt thin or out of date, and I often wished for clearer, step-by-step notes. Feedback varied a lot by assignment, which didn’t always help when I was chasing deadlines and fallen behind but managed to catch up around big due dates. I relied on office hours and the TA for quick sanity checks, and I appreciated the occasional focused discussion, even if instruction delivery felt uneven week to week. I’ll remember the late-life-cycle risk discussion more than the week-by-week grind.",assessment_design,negative,False,False,Review mentions feedback varied by assignment but does not clearly critique assessment structure/design itself.,Two labels are faithful; assessment_design is not clearly evidenced by the review.
43,"Cyber Security Basics fit my curiosity, and the accessibility here was real—I could follow lectures okay, even when I was juggling full-time work. However, I felt the prerequisites assumed more background than advertised, and the materials didn’t click for me; some readings felt thin or out of date, and I often wished for clearer, step-by-step notes. Feedback varied a lot by assignment, which didn’t always help when I was chasing deadlines and fallen behind but managed to catch up around big due dates. I relied on office hours and the TA for quick sanity checks, and I appreciated the occasional focused discussion, even if instruction delivery felt uneven week to week. I’ll remember the late-life-cycle risk discussion more than the week-by-week grind.",__row_summary__,,False,False,supported 2/3; sentiment 2/3,Two labels are faithful; assessment_design is not clearly evidenced by the review.
44,"Prof. Alvarez delivers clear lectures with decent pacing, and the office hours rescue the course for me, since I relied on recordings and notes. It’s sometimes vague how the rubric translates to points, and the class works best if you already know adjacent material.",difficulty,positive,True,False,"The review implies the course is challenging (needs adjacent material; relied on recordings/notes), which is not clearly positive.","Both aspects are mentioned, but the declared sentiments do not match the review."
44,"Prof. Alvarez delivers clear lectures with decent pacing, and the office hours rescue the course for me, since I relied on recordings and notes. It’s sometimes vague how the rubric translates to points, and the class works best if you already know adjacent material.",pacing,neutral,True,False,"The review says the lectures have ""decent pacing,"" which is mildly positive rather than neutral.","Both aspects are mentioned, but the declared sentiments do not match the review."
44,"Prof. Alvarez delivers clear lectures with decent pacing, and the office hours rescue the course for me, since I relied on recordings and notes. It’s sometimes vague how the rubric translates to points, and the class works best if you already know adjacent material.",__row_summary__,,True,False,supported 2/2; sentiment 0/2,"Both aspects are mentioned, but the declared sentiments do not match the review."
45,"Overall I’d say it helped me wrap my head around the concepts, but the pace in the summer term felt tight and the examples were thin. I used the materials only when needed, and the emails about deadlines dragged a bit.",organization,neutral,True,False,"Mentions tight summer pace and dragged deadline emails, indicating negative organization/communication rather than neutral.",Both labels are not faithful: organization is described negatively and lecturer quality is not discussed.
45,"Overall I’d say it helped me wrap my head around the concepts, but the pace in the summer term felt tight and the examples were thin. I used the materials only when needed, and the emails about deadlines dragged a bit.",lecturer_quality,positive,False,False,"No clear comments about the lecturer/instructor; remarks are about pace, examples, materials, and emails.",Both labels are not faithful: organization is described negatively and lecturer quality is not discussed.
45,"Overall I’d say it helped me wrap my head around the concepts, but the pace in the summer term felt tight and the examples were thin. I used the materials only when needed, and the emails about deadlines dragged a bit.",__row_summary__,,False,False,supported 1/2; sentiment 0/2,Both labels are not faithful: organization is described negatively and lecturer quality is not discussed.
46,"I’m new to the discipline and learning the basics, and Data Structures felt like a real first hurdle that somehow also clicked in spots. The toolset was pretty usable once I remembered to save often, and I appreciated the quick online IDE for small practice tasks between evening sessions. The course felt like an introductory service course that assumed a bit more prior exposure than I had, which left me scrambling to keep up during the midweek crunch and wishing the pacing matched the shorter study windows I can fit after work. Grading felt oddly vague—the rubric never quite mapped to what showed up on the tests, and explanations for why a solution scored a certain way were thin, even as the scores came back fast. People helped each other a lot more than staff did in the forums, which was both supportive and a reminder that I had to fill some gaps myself. The prerequisite felt like it set a higher bar, so I compared it a lot to the easier prereq I started with, which colored how I viewed the whole thing. Still, I’d probably land an A after a curve if I keep grinding the core ideas in the evenings.",tooling_usability,positive,True,True,"Mentions the toolset was usable and appreciated the quick online IDE, despite needing to remember to save often.","Tooling positivity is supported, but the organization label’s positive sentiment conflicts with the review’s criticism of pacing and grading clarity."
46,"I’m new to the discipline and learning the basics, and Data Structures felt like a real first hurdle that somehow also clicked in spots. The toolset was pretty usable once I remembered to save often, and I appreciated the quick online IDE for small practice tasks between evening sessions. The course felt like an introductory service course that assumed a bit more prior exposure than I had, which left me scrambling to keep up during the midweek crunch and wishing the pacing matched the shorter study windows I can fit after work. Grading felt oddly vague—the rubric never quite mapped to what showed up on the tests, and explanations for why a solution scored a certain way were thin, even as the scores came back fast. People helped each other a lot more than staff did in the forums, which was both supportive and a reminder that I had to fill some gaps myself. The prerequisite felt like it set a higher bar, so I compared it a lot to the easier prereq I started with, which colored how I viewed the whole thing. Still, I’d probably land an A after a curve if I keep grinding the core ideas in the evenings.",organization,positive,True,False,"Comments on pacing and grading rubric clarity are mostly negative (scrambling to keep up; rubric vague/mismatched), not positive.","Tooling positivity is supported, but the organization label’s positive sentiment conflicts with the review’s criticism of pacing and grading clarity."
46,"I’m new to the discipline and learning the basics, and Data Structures felt like a real first hurdle that somehow also clicked in spots. The toolset was pretty usable once I remembered to save often, and I appreciated the quick online IDE for small practice tasks between evening sessions. The course felt like an introductory service course that assumed a bit more prior exposure than I had, which left me scrambling to keep up during the midweek crunch and wishing the pacing matched the shorter study windows I can fit after work. Grading felt oddly vague—the rubric never quite mapped to what showed up on the tests, and explanations for why a solution scored a certain way were thin, even as the scores came back fast. People helped each other a lot more than staff did in the forums, which was both supportive and a reminder that I had to fill some gaps myself. The prerequisite felt like it set a higher bar, so I compared it a lot to the easier prereq I started with, which colored how I viewed the whole thing. Still, I’d probably land an A after a curve if I keep grinding the core ideas in the evenings.",__row_summary__,,True,False,supported 2/2; sentiment 1/2,"Tooling positivity is supported, but the organization label’s positive sentiment conflicts with the review’s criticism of pacing and grading clarity."
47,"Overall, I’d say there’s a sense that this OS course is fine enough to finish, but the organization feels a bit messy for someone juggling a couple of other demanding classes in the final stretch before graduation. Prof. Haddad’s recorded lectures are handy when I’m rusty, but they’re pretty dry, and I end up rewatching sections just to catch a detail for a quiz that weighs heavily. The prerequisites hold up—what we build on makes sense—yet the collaboration expectations feel unclear, so I end up clarifying with teammates only after an awkward start. A single project about a small kernel module stands out, and it’s the most memorable bit, though the pace and cadence of deadlines in the term pattern weren’t helpful for planning. It’s usable, just not particularly smooth.",difficulty,neutral,False,False,"The review mentions being busy and that quizzes weigh heavily, but it doesn’t clearly assess the course’s difficulty level (easy/hard).","Organization is clearly negative, while difficulty is not explicitly stated."
47,"Overall, I’d say there’s a sense that this OS course is fine enough to finish, but the organization feels a bit messy for someone juggling a couple of other demanding classes in the final stretch before graduation. Prof. Haddad’s recorded lectures are handy when I’m rusty, but they’re pretty dry, and I end up rewatching sections just to catch a detail for a quiz that weighs heavily. The prerequisites hold up—what we build on makes sense—yet the collaboration expectations feel unclear, so I end up clarifying with teammates only after an awkward start. A single project about a small kernel module stands out, and it’s the most memorable bit, though the pace and cadence of deadlines in the term pattern weren’t helpful for planning. It’s usable, just not particularly smooth.",organization,negative,True,True,"It explicitly says the organization feels messy and deadlines/cadence weren’t helpful, indicating negative organization.","Organization is clearly negative, while difficulty is not explicitly stated."
47,"Overall, I’d say there’s a sense that this OS course is fine enough to finish, but the organization feels a bit messy for someone juggling a couple of other demanding classes in the final stretch before graduation. Prof. Haddad’s recorded lectures are handy when I’m rusty, but they’re pretty dry, and I end up rewatching sections just to catch a detail for a quiz that weighs heavily. The prerequisites hold up—what we build on makes sense—yet the collaboration expectations feel unclear, so I end up clarifying with teammates only after an awkward start. A single project about a small kernel module stands out, and it’s the most memorable bit, though the pace and cadence of deadlines in the term pattern weren’t helpful for planning. It’s usable, just not particularly smooth.",__row_summary__,,False,False,supported 1/2; sentiment 1/2,"Organization is clearly negative, while difficulty is not explicitly stated."
48,"I signed up for Operating Systems hoping to slot it around my short evening study sessions, and I did manage to fit in the lectures, labs, and a late-night debugging sprint here and there, but the rhythm felt uneven week to week. Prof. Cohen is clearly knowledgeable, and the prerequisite material did fill some gaps for me better than I expected, though the instruction delivery sometimes wandered and left me chasing what the point of a assignment or a slide was. The course leaned heavy on a few big projects and high-stakes exams, which pushed me to stay engaged early on, yet my attendance faded mid-semester as evenings got busy, especially after a few stretches where the lectures didn’t connect with the weekly lab tasks. Scores came back quickly, but the explanations were a little thin, so I walked away with a number and not a lot of actionable feedback. I learned a lot, but the whole experience wasn’t exactly enjoyable, and I still remember that early confusion about the memory hierarchy that colored my approach the rest of the term. Overall I’d probably recommend it to others who need the schedule fit, even if it’s not the smoothest ride.",exam_fairness,negative,False,False,The review mentions high-stakes exams but does not comment on whether exams were fair or unfair.,"One label is unsupported, and the other’s sentiment is opposite to the review."
48,"I signed up for Operating Systems hoping to slot it around my short evening study sessions, and I did manage to fit in the lectures, labs, and a late-night debugging sprint here and there, but the rhythm felt uneven week to week. Prof. Cohen is clearly knowledgeable, and the prerequisite material did fill some gaps for me better than I expected, though the instruction delivery sometimes wandered and left me chasing what the point of a assignment or a slide was. The course leaned heavy on a few big projects and high-stakes exams, which pushed me to stay engaged early on, yet my attendance faded mid-semester as evenings got busy, especially after a few stretches where the lectures didn’t connect with the weekly lab tasks. Scores came back quickly, but the explanations were a little thin, so I walked away with a number and not a lot of actionable feedback. I learned a lot, but the whole experience wasn’t exactly enjoyable, and I still remember that early confusion about the memory hierarchy that colored my approach the rest of the term. Overall I’d probably recommend it to others who need the schedule fit, even if it’s not the smoothest ride.",support,positive,True,False,"Feedback/explanations were described as thin and not actionable, indicating weak support rather than positive.","One label is unsupported, and the other’s sentiment is opposite to the review."
48,"I signed up for Operating Systems hoping to slot it around my short evening study sessions, and I did manage to fit in the lectures, labs, and a late-night debugging sprint here and there, but the rhythm felt uneven week to week. Prof. Cohen is clearly knowledgeable, and the prerequisite material did fill some gaps for me better than I expected, though the instruction delivery sometimes wandered and left me chasing what the point of a assignment or a slide was. The course leaned heavy on a few big projects and high-stakes exams, which pushed me to stay engaged early on, yet my attendance faded mid-semester as evenings got busy, especially after a few stretches where the lectures didn’t connect with the weekly lab tasks. Scores came back quickly, but the explanations were a little thin, so I walked away with a number and not a lot of actionable feedback. I learned a lot, but the whole experience wasn’t exactly enjoyable, and I still remember that early confusion about the memory hierarchy that colored my approach the rest of the term. Overall I’d probably recommend it to others who need the schedule fit, even if it’s not the smoothest ride.",__row_summary__,,False,False,supported 1/2; sentiment 0/2,"One label is unsupported, and the other’s sentiment is opposite to the review."
49,"This summer term felt like a rush to fit the Database Systems basics into a compressed pace, and I kept hoping the tool setup would pay off, but I found it tedious; still, the lectures helped me see how the prerequisites actually connect.",clarity,positive,False,False,"The review mentions rushed pace, tedious tool setup, and that lectures helped connect prerequisites, but it does not clearly评价 the course/explanations as clear.",The declared positive clarity label is not clearly supported by the review text.
49,"This summer term felt like a rush to fit the Database Systems basics into a compressed pace, and I kept hoping the tool setup would pay off, but I found it tedious; still, the lectures helped me see how the prerequisites actually connect.",__row_summary__,,False,False,supported 0/1; sentiment 0/1,The declared positive clarity label is not clearly supported by the review text.
50,"I started this Machine Learning course in my last semester feeling like I should’ve known more, but the truth is I didn’t. The slides are okay, serviceable but not memorable, and I spent more time fighting with the tooling setup than I’d like to admit, which made the early weeks frustrating. The staff were hard to reach, and in practice classmates helped each other more than anyone from the department did. Quick feedback helped me adjust after a few assignments, but I still feel like the grading was a bit off and left me more tired than satisfied. I liked the instructor, but the overall vibe was a mixed bag, and I’m glad I’m almost done.",overall_experience,neutral,True,True,"The review describes a mixed bag: some positives (liked instructor, quick feedback) and several negatives (tooling frustration, hard-to-reach staff, grading off), aligning with neutral overall.","Overall experience label is faithful, but feedback quality sentiment is misclassified."
50,"I started this Machine Learning course in my last semester feeling like I should’ve known more, but the truth is I didn’t. The slides are okay, serviceable but not memorable, and I spent more time fighting with the tooling setup than I’d like to admit, which made the early weeks frustrating. The staff were hard to reach, and in practice classmates helped each other more than anyone from the department did. Quick feedback helped me adjust after a few assignments, but I still feel like the grading was a bit off and left me more tired than satisfied. I liked the instructor, but the overall vibe was a mixed bag, and I’m glad I’m almost done.",feedback_quality,negative,True,False,"The review says ""Quick feedback helped me adjust,"" which is positive rather than negative.","Overall experience label is faithful, but feedback quality sentiment is misclassified."
50,"I started this Machine Learning course in my last semester feeling like I should’ve known more, but the truth is I didn’t. The slides are okay, serviceable but not memorable, and I spent more time fighting with the tooling setup than I’d like to admit, which made the early weeks frustrating. The staff were hard to reach, and in practice classmates helped each other more than anyone from the department did. Quick feedback helped me adjust after a few assignments, but I still feel like the grading was a bit off and left me more tired than satisfied. I liked the instructor, but the overall vibe was a mixed bag, and I’m glad I’m almost done.",__row_summary__,,True,False,supported 2/2; sentiment 1/2,"Overall experience label is faithful, but feedback quality sentiment is misclassified."
51,"I signed up for Cyber Security Basics mostly out of curiosity and because it’s a required course for the track, so I tried to fit study around short evening sessions. The LMS and submission flow were smooth enough, which helped since a lot of weeks had time pressure that was manageable, even when I was juggling other tasks. The material felt relevant and I could see how it fits with adjacent stuff I already know, though the heavy report-heavy workload dragged on and I wished the assessment tempo matched the quick evenings a bit better. Dr. Miller was approachable in office hours, but communication around deadlines could be sloppy, which left me scrambling once or twice.",relevance,positive,True,True,The reviewer says the material felt relevant and fit with adjacent knowledge.,Only relevance matches; exam fairness isn’t mentioned and tooling usability is described positively.
51,"I signed up for Cyber Security Basics mostly out of curiosity and because it’s a required course for the track, so I tried to fit study around short evening sessions. The LMS and submission flow were smooth enough, which helped since a lot of weeks had time pressure that was manageable, even when I was juggling other tasks. The material felt relevant and I could see how it fits with adjacent stuff I already know, though the heavy report-heavy workload dragged on and I wished the assessment tempo matched the quick evenings a bit better. Dr. Miller was approachable in office hours, but communication around deadlines could be sloppy, which left me scrambling once or twice.",exam_fairness,negative,False,False,"The review mentions workload, report-heavy assessments, and sloppy deadline communication, but does not discuss exams or their fairness.",Only relevance matches; exam fairness isn’t mentioned and tooling usability is described positively.
51,"I signed up for Cyber Security Basics mostly out of curiosity and because it’s a required course for the track, so I tried to fit study around short evening sessions. The LMS and submission flow were smooth enough, which helped since a lot of weeks had time pressure that was manageable, even when I was juggling other tasks. The material felt relevant and I could see how it fits with adjacent stuff I already know, though the heavy report-heavy workload dragged on and I wished the assessment tempo matched the quick evenings a bit better. Dr. Miller was approachable in office hours, but communication around deadlines could be sloppy, which left me scrambling once or twice.",tooling_usability,negative,True,False,"They describe the LMS and submission flow as 'smooth enough,' which is mildly positive rather than negative.",Only relevance matches; exam fairness isn’t mentioned and tooling usability is described positively.
51,"I signed up for Cyber Security Basics mostly out of curiosity and because it’s a required course for the track, so I tried to fit study around short evening sessions. The LMS and submission flow were smooth enough, which helped since a lot of weeks had time pressure that was manageable, even when I was juggling other tasks. The material felt relevant and I could see how it fits with adjacent stuff I already know, though the heavy report-heavy workload dragged on and I wished the assessment tempo matched the quick evenings a bit better. Dr. Miller was approachable in office hours, but communication around deadlines could be sloppy, which left me scrambling once or twice.",__row_summary__,,False,False,supported 2/3; sentiment 1/3,Only relevance matches; exam fairness isn’t mentioned and tooling usability is described positively.
52,"took Database Systems mainly because it’s required for the track, and i juggled it with a full‑time job, relying mostly on recordings and notes. the lectures are helpful but pretty dry, and the fast feedback with sparse explanations didn’t always clear up my confusion on indexing. a concrete moment stuck: the group project’s timeline felt tight and our team finally clicked only after we split tasks by who wasn’t available for live sessions. end of the semester, i can say i learned enough to move on, even if the delivery didn’t spark much enthusiasm.",lecturer_quality,neutral,True,True,"Lectures described as helpful but pretty dry, which reads as mixed/neutral overall.","Two labels align with the review, but tooling usability is not evidenced in the text."
52,"took Database Systems mainly because it’s required for the track, and i juggled it with a full‑time job, relying mostly on recordings and notes. the lectures are helpful but pretty dry, and the fast feedback with sparse explanations didn’t always clear up my confusion on indexing. a concrete moment stuck: the group project’s timeline felt tight and our team finally clicked only after we split tasks by who wasn’t available for live sessions. end of the semester, i can say i learned enough to move on, even if the delivery didn’t spark much enthusiasm.",clarity,negative,True,True,"Fast feedback with sparse explanations didn’t clear up confusion, indicating negative clarity.","Two labels align with the review, but tooling usability is not evidenced in the text."
52,"took Database Systems mainly because it’s required for the track, and i juggled it with a full‑time job, relying mostly on recordings and notes. the lectures are helpful but pretty dry, and the fast feedback with sparse explanations didn’t always clear up my confusion on indexing. a concrete moment stuck: the group project’s timeline felt tight and our team finally clicked only after we split tasks by who wasn’t available for live sessions. end of the semester, i can say i learned enough to move on, even if the delivery didn’t spark much enthusiasm.",tooling_usability,neutral,False,False,No mention of course tools/software usability; recordings and notes aren’t evaluated as tools.,"Two labels align with the review, but tooling usability is not evidenced in the text."
52,"took Database Systems mainly because it’s required for the track, and i juggled it with a full‑time job, relying mostly on recordings and notes. the lectures are helpful but pretty dry, and the fast feedback with sparse explanations didn’t always clear up my confusion on indexing. a concrete moment stuck: the group project’s timeline felt tight and our team finally clicked only after we split tasks by who wasn’t available for live sessions. end of the semester, i can say i learned enough to move on, even if the delivery didn’t spark much enthusiasm.",__row_summary__,,False,False,supported 2/3; sentiment 2/3,"Two labels align with the review, but tooling usability is not evidenced in the text."
53,"Machine Learning with Dr. Park was rough at first, but I stuck with the materials when I needed them and found the lectures clear enough to keep moving, even though I ended up failing the course while still feeling mixed about it. The software stack was a pain at the start, and some forum replies felt dismissive, but the office hours with one specific meet-up helped me finally sort out a model that produced decent results on a small project.",practical_application,positive,True,True,"Mentions a small project where they sorted out a model that produced decent results, indicating some positive practical outcome.","Two labels align with the text, but prerequisite fit is not evidenced in the review."
53,"Machine Learning with Dr. Park was rough at first, but I stuck with the materials when I needed them and found the lectures clear enough to keep moving, even though I ended up failing the course while still feeling mixed about it. The software stack was a pain at the start, and some forum replies felt dismissive, but the office hours with one specific meet-up helped me finally sort out a model that produced decent results on a small project.",prerequisite_fit,positive,False,False,No clear discussion of whether the student had the right background or how prerequisites matched their preparation.,"Two labels align with the text, but prerequisite fit is not evidenced in the review."
53,"Machine Learning with Dr. Park was rough at first, but I stuck with the materials when I needed them and found the lectures clear enough to keep moving, even though I ended up failing the course while still feeling mixed about it. The software stack was a pain at the start, and some forum replies felt dismissive, but the office hours with one specific meet-up helped me finally sort out a model that produced decent results on a small project.",difficulty,negative,True,True,"Describes the course as rough, with a painful software stack, and they failed the course, supporting negative difficulty.","Two labels align with the text, but prerequisite fit is not evidenced in the review."
53,"Machine Learning with Dr. Park was rough at first, but I stuck with the materials when I needed them and found the lectures clear enough to keep moving, even though I ended up failing the course while still feeling mixed about it. The software stack was a pain at the start, and some forum replies felt dismissive, but the office hours with one specific meet-up helped me finally sort out a model that produced decent results on a small project.",__row_summary__,,False,False,supported 2/3; sentiment 2/3,"Two labels align with the text, but prerequisite fit is not evidenced in the review."
54,"I chose Linear Algebra because it was required for my degree, and I pretty much made it my main focus this term, though the pace was brutal in the summer. The feedback comes fast, but the explanations are skimpy, and I fell behind until deadline week when I finally caught up. The forums can be helpful, but sometimes the replies feel dismissive, and I still liked the instructor even as I disliked the grading. One memorable week was the week of the big project where I realized the adjacent material would have",support,negative,True,True,"Mentions forums sometimes helpful but also dismissive, explanations skimpy, and dislikes grading—overall mixed but includes clear negatives, consistent with negative support.","The support label is reasonably grounded as negative, while the interest label is not clearly evidenced in the review."
54,"I chose Linear Algebra because it was required for my degree, and I pretty much made it my main focus this term, though the pace was brutal in the summer. The feedback comes fast, but the explanations are skimpy, and I fell behind until deadline week when I finally caught up. The forums can be helpful, but sometimes the replies feel dismissive, and I still liked the instructor even as I disliked the grading. One memorable week was the week of the big project where I realized the adjacent material would have",interest,positive,False,False,Does not clearly express enjoyment/interest in the subject; choosing it because required and focusing on it is not the same as being interested.,"The support label is reasonably grounded as negative, while the interest label is not clearly evidenced in the review."
54,"I chose Linear Algebra because it was required for my degree, and I pretty much made it my main focus this term, though the pace was brutal in the summer. The feedback comes fast, but the explanations are skimpy, and I fell behind until deadline week when I finally caught up. The forums can be helpful, but sometimes the replies feel dismissive, and I still liked the instructor even as I disliked the grading. One memorable week was the week of the big project where I realized the adjacent material would have",__row_summary__,,False,False,supported 1/2; sentiment 1/2,"The support label is reasonably grounded as negative, while the interest label is not clearly evidenced in the review."
55,"still not sure why calculus II felt designed around printed deadlines more than learning, but i was juggling a full-time job and rusty instincts yes, so the pace hit me hard the first few weeks. Prof. Rios is approachable in office hours, and i appreciate that he answers concrete questions about confusing steps, like how to set up the u-substitution when the chain rule keeps tripping me up. the assignments pile up with tight deadlines, and instructions sometimes leave too much room for interpretation, which adds stress when you’re winging it after a long shift. group work helps when the team actually communicates, and i found myself relying on a teammate to sanity-check thecalculator steps on a midterm review.",difficulty,neutral,True,False,"The student says the pace hit hard, assignments pile up with tight deadlines, and it adds stress—this reads negative rather than neutral.","Difficulty sentiment is mislabeled as neutral, while accessibility is supported and correctly positive."
55,"still not sure why calculus II felt designed around printed deadlines more than learning, but i was juggling a full-time job and rusty instincts yes, so the pace hit me hard the first few weeks. Prof. Rios is approachable in office hours, and i appreciate that he answers concrete questions about confusing steps, like how to set up the u-substitution when the chain rule keeps tripping me up. the assignments pile up with tight deadlines, and instructions sometimes leave too much room for interpretation, which adds stress when you’re winging it after a long shift. group work helps when the team actually communicates, and i found myself relying on a teammate to sanity-check thecalculator steps on a midterm review.",accessibility,positive,True,True,"Prof. Rios is described as approachable in office hours and helpful with concrete questions, indicating positive accessibility.","Difficulty sentiment is mislabeled as neutral, while accessibility is supported and correctly positive."
55,"still not sure why calculus II felt designed around printed deadlines more than learning, but i was juggling a full-time job and rusty instincts yes, so the pace hit me hard the first few weeks. Prof. Rios is approachable in office hours, and i appreciate that he answers concrete questions about confusing steps, like how to set up the u-substitution when the chain rule keeps tripping me up. the assignments pile up with tight deadlines, and instructions sometimes leave too much room for interpretation, which adds stress when you’re winging it after a long shift. group work helps when the team actually communicates, and i found myself relying on a teammate to sanity-check thecalculator steps on a midterm review.",__row_summary__,,True,False,supported 2/2; sentiment 1/2,"Difficulty sentiment is mislabeled as neutral, while accessibility is supported and correctly positive."
56,"Cyber Security Basics started reachable but sharpened fast, so I relied on recordings and notes and still felt lost at first. Prof. Haddad kept the feedback uneven, yet the report-heavy work helped me see practical crypto/watchlist bits, and office hours rescued the course when deadlines piled up.",clarity,negative,True,True,"The student says they ""felt lost at first"" and the course ""sharpened fast,"" implying unclear/difficult pacing.",Both declared aspect sentiments are supported by the review and match the expressed tone.
56,"Cyber Security Basics started reachable but sharpened fast, so I relied on recordings and notes and still felt lost at first. Prof. Haddad kept the feedback uneven, yet the report-heavy work helped me see practical crypto/watchlist bits, and office hours rescued the course when deadlines piled up.",practical_application,positive,True,True,"They say the report-heavy work helped them see ""practical crypto/watchlist bits,"" indicating positive practical application.",Both declared aspect sentiments are supported by the review and match the expressed tone.
56,"Cyber Security Basics started reachable but sharpened fast, so I relied on recordings and notes and still felt lost at first. Prof. Haddad kept the feedback uneven, yet the report-heavy work helped me see practical crypto/watchlist bits, and office hours rescued the course when deadlines piled up.",__row_summary__,,True,True,supported 2/2; sentiment 2/2,Both declared aspect sentiments are supported by the review and match the expressed tone.
57,"Machine Learning with Dr. Singh was a mixed bag for me: the pure theory bits clicked pretty well, and I liked how the concepts were explained, but the examples felt thin and I left more confused after some sessions than before. The LMS and submission flow were smooth, which helped when deadlines stacked up in unpredictable bursts, but the timing of feedback was a problem—some assignments came back late, and the quality varied a lot, so it was hard to know what I should really fix for the next task. I’m comfortable with proofs, not so much with getting things to work in practice, so I felt the course skimmed over the concrete, hands-on stuff that would have tied the ideas to something tangible I could iterate on. A small moment sticks: during a week when three due dates collided, the instructor’s note about “focus on the intuition” didn’t quite help me map that intuition to the actual code I needed to write for the project, which felt frustrating. Still, the material felt somewhat useful, even if I didn’t enjoy slogging through it, and the deadlines pattern was a thing I had to brace for.",overall_experience,negative,True,False,"The review is explicitly a 'mixed bag' with both positives (theory clicked, explanations liked, smooth LMS, somewhat useful) and negatives (thin examples, confusion, late/variable feedback, lack of hands-on, frustrating deadlines), so purely negative is too strong.","Both aspects are mentioned, but the declared sentiments are stricter/more positive than what the mixed-to-negative text supports."
57,"Machine Learning with Dr. Singh was a mixed bag for me: the pure theory bits clicked pretty well, and I liked how the concepts were explained, but the examples felt thin and I left more confused after some sessions than before. The LMS and submission flow were smooth, which helped when deadlines stacked up in unpredictable bursts, but the timing of feedback was a problem—some assignments came back late, and the quality varied a lot, so it was hard to know what I should really fix for the next task. I’m comfortable with proofs, not so much with getting things to work in practice, so I felt the course skimmed over the concrete, hands-on stuff that would have tied the ideas to something tangible I could iterate on. A small moment sticks: during a week when three due dates collided, the instructor’s note about “focus on the intuition” didn’t quite help me map that intuition to the actual code I needed to write for the project, which felt frustrating. Still, the material felt somewhat useful, even if I didn’t enjoy slogging through it, and the deadlines pattern was a thing I had to brace for.",interest,positive,True,False,"The student says they 'didn’t enjoy slogging through it' and felt frustrated, despite finding some parts useful, which does not clearly indicate positive interest.","Both aspects are mentioned, but the declared sentiments are stricter/more positive than what the mixed-to-negative text supports."
57,"Machine Learning with Dr. Singh was a mixed bag for me: the pure theory bits clicked pretty well, and I liked how the concepts were explained, but the examples felt thin and I left more confused after some sessions than before. The LMS and submission flow were smooth, which helped when deadlines stacked up in unpredictable bursts, but the timing of feedback was a problem—some assignments came back late, and the quality varied a lot, so it was hard to know what I should really fix for the next task. I’m comfortable with proofs, not so much with getting things to work in practice, so I felt the course skimmed over the concrete, hands-on stuff that would have tied the ideas to something tangible I could iterate on. A small moment sticks: during a week when three due dates collided, the instructor’s note about “focus on the intuition” didn’t quite help me map that intuition to the actual code I needed to write for the project, which felt frustrating. Still, the material felt somewhat useful, even if I didn’t enjoy slogging through it, and the deadlines pattern was a thing I had to brace for.",__row_summary__,,True,False,supported 2/2; sentiment 0/2,"Both aspects are mentioned, but the declared sentiments are stricter/more positive than what the mixed-to-negative text supports."
58,"The lecturer was fine, but the assessment design felt punitive: a handful of big, high-stakes tasks that mattered a lot and didn’t align well with the in-class pace. With a heavy load from other courses, I mostly relied on recordings and notes, and the platform quirks only added stress when deadlines nudged later. By the late-semester turning point, I’d compare this to another course from the term and realize the grading felt uneven, yet I’d still recommend it to others who can juggle",lecturer_quality,neutral,True,True,"The review says ""The lecturer was fine,"" indicating a neutral/okay view of the lecturer.",Both declared aspect-sentiment labels are supported and match the review.
58,"The lecturer was fine, but the assessment design felt punitive: a handful of big, high-stakes tasks that mattered a lot and didn’t align well with the in-class pace. With a heavy load from other courses, I mostly relied on recordings and notes, and the platform quirks only added stress when deadlines nudged later. By the late-semester turning point, I’d compare this to another course from the term and realize the grading felt uneven, yet I’d still recommend it to others who can juggle",assessment_design,negative,True,True,"It describes the assessment as ""punitive,"" high-stakes, misaligned with pace, and grading uneven, which is negative.",Both declared aspect-sentiment labels are supported and match the review.
58,"The lecturer was fine, but the assessment design felt punitive: a handful of big, high-stakes tasks that mattered a lot and didn’t align well with the in-class pace. With a heavy load from other courses, I mostly relied on recordings and notes, and the platform quirks only added stress when deadlines nudged later. By the late-semester turning point, I’d compare this to another course from the term and realize the grading felt uneven, yet I’d still recommend it to others who can juggle",__row_summary__,,True,True,supported 2/2; sentiment 2/2,Both declared aspect-sentiment labels are supported and match the review.
59,"Taking Linear Algebra in my first semester, I went in with a strong coding background but pretty weak theory, and Dr. Singh kept things demanding without drowning us in abstractions. The course is very assignment-heavy, with frequent deadlines that push you to stay on a rhythm, and I appreciate how the forums helped when I got stuck—though sometimes I sensed a bit of dismissiveness there, which was frustrating. The structure mostly separates us for solo work, so I relied a lot on my own notes, and I remember an early moment when I mistook a vector space concept and the whole term framing clicked only after a concrete coding example I built in a notebook. It’s tougher than the prerequisite I had, but the difficulty feels like progress, not punishment.",feedback_quality,positive,True,False,"Forums were helpful, but the student also notes occasional dismissiveness that was frustrating, making overall feedback quality mixed rather than clearly positive.","Difficulty is faithfully labeled, while feedback quality is supported but the sentiment is overstated as positive."
59,"Taking Linear Algebra in my first semester, I went in with a strong coding background but pretty weak theory, and Dr. Singh kept things demanding without drowning us in abstractions. The course is very assignment-heavy, with frequent deadlines that push you to stay on a rhythm, and I appreciate how the forums helped when I got stuck—though sometimes I sensed a bit of dismissiveness there, which was frustrating. The structure mostly separates us for solo work, so I relied a lot on my own notes, and I remember an early moment when I mistook a vector space concept and the whole term framing clicked only after a concrete coding example I built in a notebook. It’s tougher than the prerequisite I had, but the difficulty feels like progress, not punishment.",difficulty,positive,True,True,"The course is described as tougher than the prerequisite and demanding, but in a good way (“progress, not punishment”).","Difficulty is faithfully labeled, while feedback quality is supported but the sentiment is overstated as positive."
59,"Taking Linear Algebra in my first semester, I went in with a strong coding background but pretty weak theory, and Dr. Singh kept things demanding without drowning us in abstractions. The course is very assignment-heavy, with frequent deadlines that push you to stay on a rhythm, and I appreciate how the forums helped when I got stuck—though sometimes I sensed a bit of dismissiveness there, which was frustrating. The structure mostly separates us for solo work, so I relied a lot on my own notes, and I remember an early moment when I mistook a vector space concept and the whole term framing clicked only after a concrete coding example I built in a notebook. It’s tougher than the prerequisite I had, but the difficulty feels like progress, not punishment.",__row_summary__,,True,False,supported 2/2; sentiment 1/2,"Difficulty is faithfully labeled, while feedback quality is supported but the sentiment is overstated as positive."
60,"The Operating Systems course was a rough start for me as a beginner juggling full‑time work, but the forums helped when I was stuck on process scheduling; I barely passed because feedback felt late, and the software stack got smoother once I learned the basics.",peer_interaction,neutral,True,True,"Mentions forums helped when stuck, indicating peer interaction with a mildly positive but limited impact; neutral label is acceptable.","Two labels are plausible, but the materials aspect is not evidenced in the review."
60,"The Operating Systems course was a rough start for me as a beginner juggling full‑time work, but the forums helped when I was stuck on process scheduling; I barely passed because feedback felt late, and the software stack got smoother once I learned the basics.",tooling_usability,neutral,True,True,"Says the software stack got smoother once basics were learned, implying mixed experience; neutral fits.","Two labels are plausible, but the materials aspect is not evidenced in the review."
60,"The Operating Systems course was a rough start for me as a beginner juggling full‑time work, but the forums helped when I was stuck on process scheduling; I barely passed because feedback felt late, and the software stack got smoother once I learned the basics.",materials,positive,False,False,"No clear mention of course materials/content quality, only forums, feedback timing, and software stack.","Two labels are plausible, but the materials aspect is not evidenced in the review."
60,"The Operating Systems course was a rough start for me as a beginner juggling full‑time work, but the forums helped when I was stuck on process scheduling; I barely passed because feedback felt late, and the software stack got smoother once I learned the basics.",__row_summary__,,False,False,supported 2/3; sentiment 2/3,"Two labels are plausible, but the materials aspect is not evidenced in the review."
61,"I like that the course organized stuff well, but the peer discussion helped me more than the official materials, and timing on grading comments felt slow; still, Dr. Chen builds on the prerequisites, and the project on eigenfaces was memorable, even if motivation drifted.",peer_interaction,negative,True,False,"The review says peer discussion helped more than official materials, indicating a positive view of peer interaction.",Two labels have sentiment mismatches: peer_interaction and feedback_quality.
61,"I like that the course organized stuff well, but the peer discussion helped me more than the official materials, and timing on grading comments felt slow; still, Dr. Chen builds on the prerequisites, and the project on eigenfaces was memorable, even if motivation drifted.",organization,positive,True,True,The student explicitly says the course organized stuff well.,Two labels have sentiment mismatches: peer_interaction and feedback_quality.
61,"I like that the course organized stuff well, but the peer discussion helped me more than the official materials, and timing on grading comments felt slow; still, Dr. Chen builds on the prerequisites, and the project on eigenfaces was memorable, even if motivation drifted.",feedback_quality,neutral,True,False,"They say timing on grading comments felt slow, which is negative rather than neutral.",Two labels have sentiment mismatches: peer_interaction and feedback_quality.
61,"I like that the course organized stuff well, but the peer discussion helped me more than the official materials, and timing on grading comments felt slow; still, Dr. Chen builds on the prerequisites, and the project on eigenfaces was memorable, even if motivation drifted.",__row_summary__,,True,False,supported 3/3; sentiment 1/3,Two labels have sentiment mismatches: peer_interaction and feedback_quality.
62,"I started off really into the idea that this Machine Learning course would be useful for real work, but as the semester wore on I found myself losing steam and attendance started to fade, even though I kept coding along at home. Dr. Chen is quick with feedback and you can adjust things fast, which helped a lot early on, but the exams felt like a trap—high-stakes and not clearly aligned with the project work, which left me frustrated and a bit wary about how my efforts would actually pay off. I have a strong coding background but weaker theory, so I leaned on hands-on parts, yet the big project kept throwing curveballs that didn’t always match what the rubric hinted at; the grading rubric itself felt vague enough to make me second-guess what mattered. A late-semester turning point came when I had to defend a model in front of peers and realized I’d learned a ton of practical tricks, even if I didn’t love the overall vibe of the exam fairness. The LMS and submission flow stayed smooth, and the quick turnaround on feedback helped me iterate, but I’m still unsure whether I’d recommend taking it if you’re mainly chasing a tidy, theory-heavy payoff.",exam_fairness,negative,True,True,"Reviewer says exams felt like a trap, high-stakes, misaligned with project work, and mentions not loving the exam fairness.",Both declared labels are clearly supported by the review and match the expressed sentiments.
62,"I started off really into the idea that this Machine Learning course would be useful for real work, but as the semester wore on I found myself losing steam and attendance started to fade, even though I kept coding along at home. Dr. Chen is quick with feedback and you can adjust things fast, which helped a lot early on, but the exams felt like a trap—high-stakes and not clearly aligned with the project work, which left me frustrated and a bit wary about how my efforts would actually pay off. I have a strong coding background but weaker theory, so I leaned on hands-on parts, yet the big project kept throwing curveballs that didn’t always match what the rubric hinted at; the grading rubric itself felt vague enough to make me second-guess what mattered. A late-semester turning point came when I had to defend a model in front of peers and realized I’d learned a ton of practical tricks, even if I didn’t love the overall vibe of the exam fairness. The LMS and submission flow stayed smooth, and the quick turnaround on feedback helped me iterate, but I’m still unsure whether I’d recommend taking it if you’re mainly chasing a tidy, theory-heavy payoff.",interest,negative,True,True,"Reviewer started very interested but ""lost steam"" over the semester and is unsure about recommending it, indicating declining/negative interest overall.",Both declared labels are clearly supported by the review and match the expressed sentiments.
62,"I started off really into the idea that this Machine Learning course would be useful for real work, but as the semester wore on I found myself losing steam and attendance started to fade, even though I kept coding along at home. Dr. Chen is quick with feedback and you can adjust things fast, which helped a lot early on, but the exams felt like a trap—high-stakes and not clearly aligned with the project work, which left me frustrated and a bit wary about how my efforts would actually pay off. I have a strong coding background but weaker theory, so I leaned on hands-on parts, yet the big project kept throwing curveballs that didn’t always match what the rubric hinted at; the grading rubric itself felt vague enough to make me second-guess what mattered. A late-semester turning point came when I had to defend a model in front of peers and realized I’d learned a ton of practical tricks, even if I didn’t love the overall vibe of the exam fairness. The LMS and submission flow stayed smooth, and the quick turnaround on feedback helped me iterate, but I’m still unsure whether I’d recommend taking it if you’re mainly chasing a tidy, theory-heavy payoff.",__row_summary__,,True,True,supported 2/2; sentiment 2/2,Both declared labels are clearly supported by the review and match the expressed sentiments.
63,"Data Structures had me genuinely curious about how everything clicks, but I mostly relied on recordings and notes to keep up. The TAs were quick to respond and gave practical tips, which helped when I started trying to implement a red-black tree for a small project in a late-semester crunch. I learned a lot, yet I left feeling frustrated by how the assessments didn’t always align with what we covered in lectures—the mix between quizzes and long essays plus coding tasks felt off. I dragged myself through a few late-night problem sets that required looping through multiple data structure variants, and a turning point around week eight finally clicked the idea that the course was really about thinking in terms of invariants. Overall, I’m glad I stuck with it, even if the ride was uneven.",peer_interaction,positive,True,True,"The reviewer praises TAs as quick to respond and helpful with practical tips, indicating positive interaction with course support staff.",The label is supported by explicit positive comments about interactions with TAs.
63,"Data Structures had me genuinely curious about how everything clicks, but I mostly relied on recordings and notes to keep up. The TAs were quick to respond and gave practical tips, which helped when I started trying to implement a red-black tree for a small project in a late-semester crunch. I learned a lot, yet I left feeling frustrated by how the assessments didn’t always align with what we covered in lectures—the mix between quizzes and long essays plus coding tasks felt off. I dragged myself through a few late-night problem sets that required looping through multiple data structure variants, and a turning point around week eight finally clicked the idea that the course was really about thinking in terms of invariants. Overall, I’m glad I stuck with it, even if the ride was uneven.",__row_summary__,,True,True,supported 1/1; sentiment 1/1,The label is supported by explicit positive comments about interactions with TAs.
64,"I kept up with nearly every lecture, but I took the introductory Machine Learning course mainly because it fit my schedule more than because I was excited about the topic. Early on I stumbled over a concept that I’m sure I’ll forget soon, and that misstep colored the rest of the term; the rest of the term dragged on under deadlines that piled up uncomfortably. Peer discussions helped more than the official materials, and the platform quirks kept adding unnecessary stress.",relevance,negative,True,True,"The student says they took the course mainly because it fit their schedule rather than interest, implying low personal relevance/fit and a negative stance toward that aspect.",The declared negative sentiment for relevance is supported by the review.
64,"I kept up with nearly every lecture, but I took the introductory Machine Learning course mainly because it fit my schedule more than because I was excited about the topic. Early on I stumbled over a concept that I’m sure I’ll forget soon, and that misstep colored the rest of the term; the rest of the term dragged on under deadlines that piled up uncomfortably. Peer discussions helped more than the official materials, and the platform quirks kept adding unnecessary stress.",__row_summary__,,True,True,supported 1/1; sentiment 1/1,The declared negative sentiment for relevance is supported by the review.
65,"So, I took Operating Systems mainly because it’s required for the degree, and I’m in the thick of a heavy semester, which makes the course feel more single-minded than I’d like. Prof. Cohen is solid, but the feedback quality varies a lot by assignment, and the forums can be helpful yet at times feel a bit dismissive; I remember one office-hours session where a TA walked me through a tricky process for the project, which helped more than the official notes. The platform quirks stress me",accessibility,positive,False,False,"The review discusses feedback, forums, office hours, and platform quirks, but does not clearly address course accessibility (e.g., accommodations, ease of access, inclusivity).","Only assessment_design is clearly grounded in the review, and accessibility is not directly evidenced."
65,"So, I took Operating Systems mainly because it’s required for the degree, and I’m in the thick of a heavy semester, which makes the course feel more single-minded than I’d like. Prof. Cohen is solid, but the feedback quality varies a lot by assignment, and the forums can be helpful yet at times feel a bit dismissive; I remember one office-hours session where a TA walked me through a tricky process for the project, which helped more than the official notes. The platform quirks stress me",assessment_design,neutral,True,True,"Mentions assignments and that feedback quality varies by assignment, which relates to assessment; overall tone is mixed rather than clearly positive/negative, fitting neutral.","Only assessment_design is clearly grounded in the review, and accessibility is not directly evidenced."
65,"So, I took Operating Systems mainly because it’s required for the degree, and I’m in the thick of a heavy semester, which makes the course feel more single-minded than I’d like. Prof. Cohen is solid, but the feedback quality varies a lot by assignment, and the forums can be helpful yet at times feel a bit dismissive; I remember one office-hours session where a TA walked me through a tricky process for the project, which helped more than the official notes. The platform quirks stress me",__row_summary__,,False,False,supported 1/2; sentiment 1/2,"Only assessment_design is clearly grounded in the review, and accessibility is not directly evidenced."
66,"Taking Data Structures with Dr. Miller last term as my main focus course was a rough ride; the organization felt scattered, with weekly announcements that arrived late and deadlines that moved around more than a schedule change in a lab. The design of assessments left me flipping between “this makes sense” and “how do we even stage this?” faster than the topics changed, and the grading window often felt like a narrow squeeze right when I was already juggling other core classes. The lectures were uneven week to week—some days he covered the material crisply, other days I left wondering what the point of the exercise was, which didn’t help when I was under time pressure but still managed to keep up enough to not bomb the tests. Yet office hours saved the course for me; when I showed up with a specific data structure problem from a project, a quick walk-through helped a lot, and the quick feedback loop did let me adjust in time. The course works better if you have a study group, honestly, because explaining concepts to others in the room kept me moving, even if I couldn’t rely on a tight, steady path from week to week. I would not take it again, even though it helped in spots, and I’m not sure I’d say it was worth the effort as a whole.",organization,negative,True,True,"Mentions scattered organization, late announcements, and shifting deadlines.","Organization and assessment design are clearly negative, but interest is not explicitly discussed."
66,"Taking Data Structures with Dr. Miller last term as my main focus course was a rough ride; the organization felt scattered, with weekly announcements that arrived late and deadlines that moved around more than a schedule change in a lab. The design of assessments left me flipping between “this makes sense” and “how do we even stage this?” faster than the topics changed, and the grading window often felt like a narrow squeeze right when I was already juggling other core classes. The lectures were uneven week to week—some days he covered the material crisply, other days I left wondering what the point of the exercise was, which didn’t help when I was under time pressure but still managed to keep up enough to not bomb the tests. Yet office hours saved the course for me; when I showed up with a specific data structure problem from a project, a quick walk-through helped a lot, and the quick feedback loop did let me adjust in time. The course works better if you have a study group, honestly, because explaining concepts to others in the room kept me moving, even if I couldn’t rely on a tight, steady path from week to week. I would not take it again, even though it helped in spots, and I’m not sure I’d say it was worth the effort as a whole.",assessment_design,negative,True,True,Describes assessments as confusing/unstable and the grading window as a stressful squeeze.,"Organization and assessment design are clearly negative, but interest is not explicitly discussed."
66,"Taking Data Structures with Dr. Miller last term as my main focus course was a rough ride; the organization felt scattered, with weekly announcements that arrived late and deadlines that moved around more than a schedule change in a lab. The design of assessments left me flipping between “this makes sense” and “how do we even stage this?” faster than the topics changed, and the grading window often felt like a narrow squeeze right when I was already juggling other core classes. The lectures were uneven week to week—some days he covered the material crisply, other days I left wondering what the point of the exercise was, which didn’t help when I was under time pressure but still managed to keep up enough to not bomb the tests. Yet office hours saved the course for me; when I showed up with a specific data structure problem from a project, a quick walk-through helped a lot, and the quick feedback loop did let me adjust in time. The course works better if you have a study group, honestly, because explaining concepts to others in the room kept me moving, even if I couldn’t rely on a tight, steady path from week to week. I would not take it again, even though it helped in spots, and I’m not sure I’d say it was worth the effort as a whole.",interest,negative,False,False,"The review criticizes quality and effort/worth, but does not clearly state lack of interest or engagement.","Organization and assessment design are clearly negative, but interest is not explicitly discussed."
66,"Taking Data Structures with Dr. Miller last term as my main focus course was a rough ride; the organization felt scattered, with weekly announcements that arrived late and deadlines that moved around more than a schedule change in a lab. The design of assessments left me flipping between “this makes sense” and “how do we even stage this?” faster than the topics changed, and the grading window often felt like a narrow squeeze right when I was already juggling other core classes. The lectures were uneven week to week—some days he covered the material crisply, other days I left wondering what the point of the exercise was, which didn’t help when I was under time pressure but still managed to keep up enough to not bomb the tests. Yet office hours saved the course for me; when I showed up with a specific data structure problem from a project, a quick walk-through helped a lot, and the quick feedback loop did let me adjust in time. The course works better if you have a study group, honestly, because explaining concepts to others in the room kept me moving, even if I couldn’t rely on a tight, steady path from week to week. I would not take it again, even though it helped in spots, and I’m not sure I’d say it was worth the effort as a whole.",__row_summary__,,False,False,supported 2/3; sentiment 2/3,"Organization and assessment design are clearly negative, but interest is not explicitly discussed."
67,"took Computer Networks as my main focus this term, and its difficulty was tougher than I expected given my full-time job; i mostly relied on recordings and notes, and the tooling setup was frustrating. office hours helped once, but the forums could feel dismissive.",difficulty,negative,True,True,"Says the course difficulty was tougher than expected, implying a negative experience with difficulty.","Difficulty label is faithful, but prerequisite_fit is not evidenced in the review."
67,"took Computer Networks as my main focus this term, and its difficulty was tougher than I expected given my full-time job; i mostly relied on recordings and notes, and the tooling setup was frustrating. office hours helped once, but the forums could feel dismissive.",prerequisite_fit,neutral,False,False,"No clear mention of prior preparation, prerequisites, or background fit—only workload/time constraints from a full-time job.","Difficulty label is faithful, but prerequisite_fit is not evidenced in the review."
67,"took Computer Networks as my main focus this term, and its difficulty was tougher than I expected given my full-time job; i mostly relied on recordings and notes, and the tooling setup was frustrating. office hours helped once, but the forums could feel dismissive.",__row_summary__,,False,False,supported 1/2; sentiment 1/2,"Difficulty label is faithful, but prerequisite_fit is not evidenced in the review."
68,"Cyber Security Basics was mostly useful when I actually dug into the lab notes and 사례 snippets right before a short evening session. I appreciated the practical applications and how the material clicked when I worked through a quick incident trace, but the heavy emphasis on reports and the time sink of documentation felt endless, especially since I was juggling another hard class. The platform quirks and some unclear collaboration expectations plus the staff's slower responses pushed me to rely on my peers more than official support, which was fine but left me wondering about the grading curve and the exact criteria. I’d recommend it only if you’re prepared to fit it around busy evenings and expect to spend extra time on the writeups.",practical_application,positive,True,True,The reviewer says they appreciated the practical applications and that the material clicked during an incident trace.,"One label is well supported (practical application), while exam fairness is not evidenced in the text."
68,"Cyber Security Basics was mostly useful when I actually dug into the lab notes and 사례 snippets right before a short evening session. I appreciated the practical applications and how the material clicked when I worked through a quick incident trace, but the heavy emphasis on reports and the time sink of documentation felt endless, especially since I was juggling another hard class. The platform quirks and some unclear collaboration expectations plus the staff's slower responses pushed me to rely on my peers more than official support, which was fine but left me wondering about the grading curve and the exact criteria. I’d recommend it only if you’re prepared to fit it around busy evenings and expect to spend extra time on the writeups.",exam_fairness,negative,False,False,"The review mentions uncertainty about grading curve/criteria, but does not discuss exams or exam fairness.","One label is well supported (practical application), while exam fairness is not evidenced in the text."
68,"Cyber Security Basics was mostly useful when I actually dug into the lab notes and 사례 snippets right before a short evening session. I appreciated the practical applications and how the material clicked when I worked through a quick incident trace, but the heavy emphasis on reports and the time sink of documentation felt endless, especially since I was juggling another hard class. The platform quirks and some unclear collaboration expectations plus the staff's slower responses pushed me to rely on my peers more than official support, which was fine but left me wondering about the grading curve and the exact criteria. I’d recommend it only if you’re prepared to fit it around busy evenings and expect to spend extra time on the writeups.",__row_summary__,,False,False,supported 1/2; sentiment 1/2,"One label is well supported (practical application), while exam fairness is not evidenced in the text."
69,"Taking Database Systems was something I did mostly to fit the schedule more than out of interest, and it felt like I spent the term chugging through it as the middle of a brutal workload. The lectures were clear enough to follow, but the professor’s explanations often missed the practical wiggle room, and the grading comments came way after the fact, which left me chasing tweaks rather than learning. Office hours helped rescue the course, though the tool setup for the labs felt like a waste of time relative to the payoff.",clarity,neutral,True,True,"Says lectures were ""clear enough to follow,"" which is roughly neutral/mildly positive.","Two labels align with the review, but exam fairness is not discussed."
69,"Taking Database Systems was something I did mostly to fit the schedule more than out of interest, and it felt like I spent the term chugging through it as the middle of a brutal workload. The lectures were clear enough to follow, but the professor’s explanations often missed the practical wiggle room, and the grading comments came way after the fact, which left me chasing tweaks rather than learning. Office hours helped rescue the course, though the tool setup for the labs felt like a waste of time relative to the payoff.",lecturer_quality,negative,True,True,"Notes professor’s explanations missed practical considerations and feedback was very late, indicating negative quality.","Two labels align with the review, but exam fairness is not discussed."
69,"Taking Database Systems was something I did mostly to fit the schedule more than out of interest, and it felt like I spent the term chugging through it as the middle of a brutal workload. The lectures were clear enough to follow, but the professor’s explanations often missed the practical wiggle room, and the grading comments came way after the fact, which left me chasing tweaks rather than learning. Office hours helped rescue the course, though the tool setup for the labs felt like a waste of time relative to the payoff.",exam_fairness,negative,False,False,No mention of exams or their fairness; complaints are about grading comments and labs/tooling.,"Two labels align with the review, but exam fairness is not discussed."
69,"Taking Database Systems was something I did mostly to fit the schedule more than out of interest, and it felt like I spent the term chugging through it as the middle of a brutal workload. The lectures were clear enough to follow, but the professor’s explanations often missed the practical wiggle room, and the grading comments came way after the fact, which left me chasing tweaks rather than learning. Office hours helped rescue the course, though the tool setup for the labs felt like a waste of time relative to the payoff.",__row_summary__,,False,False,supported 2/3; sentiment 2/3,"Two labels align with the review, but exam fairness is not discussed."
70,"I kept up with nearly every lecture in Database Systems, and the workload felt doable even though my motivation was patchy at times. Dr. Chen explains concepts clearly, and the quick feedback helped me adjust sections of my report-heavy assignments, but the examples sometimes felt thin for grounding the theory I’m weaker in. A concrete quirk: the deadline pattern for the mini-projects tended to cluster and stress time, though I appreciated how it lined up with the quick-turn feedback. Overall it built nicely on prerequisites, even if I found the theory side tougher to connect.",workload,positive,True,False,"Workload is described as ""doable"" but also report-heavy with clustered deadlines that caused stress, making the overall sentiment mixed rather than clearly positive.",Two labels are questionable: workload is mixed and relevance is not clearly addressed.
70,"I kept up with nearly every lecture in Database Systems, and the workload felt doable even though my motivation was patchy at times. Dr. Chen explains concepts clearly, and the quick feedback helped me adjust sections of my report-heavy assignments, but the examples sometimes felt thin for grounding the theory I’m weaker in. A concrete quirk: the deadline pattern for the mini-projects tended to cluster and stress time, though I appreciated how it lined up with the quick-turn feedback. Overall it built nicely on prerequisites, even if I found the theory side tougher to connect.",relevance,neutral,False,False,"The review discusses prerequisites and connecting to theory, but not the course’s relevance to goals, career, or real-world use.",Two labels are questionable: workload is mixed and relevance is not clearly addressed.
70,"I kept up with nearly every lecture in Database Systems, and the workload felt doable even though my motivation was patchy at times. Dr. Chen explains concepts clearly, and the quick feedback helped me adjust sections of my report-heavy assignments, but the examples sometimes felt thin for grounding the theory I’m weaker in. A concrete quirk: the deadline pattern for the mini-projects tended to cluster and stress time, though I appreciated how it lined up with the quick-turn feedback. Overall it built nicely on prerequisites, even if I found the theory side tougher to connect.",feedback_quality,positive,True,True,"The student mentions ""quick feedback"" that helped them adjust assignments, indicating positive feedback quality.",Two labels are questionable: workload is mixed and relevance is not clearly addressed.
70,"I kept up with nearly every lecture in Database Systems, and the workload felt doable even though my motivation was patchy at times. Dr. Chen explains concepts clearly, and the quick feedback helped me adjust sections of my report-heavy assignments, but the examples sometimes felt thin for grounding the theory I’m weaker in. A concrete quirk: the deadline pattern for the mini-projects tended to cluster and stress time, though I appreciated how it lined up with the quick-turn feedback. Overall it built nicely on prerequisites, even if I found the theory side tougher to connect.",__row_summary__,,False,False,supported 2/3; sentiment 1/3,Two labels are questionable: workload is mixed and relevance is not clearly addressed.
71,"I took Linear Algebra mid-program, juggling it with a full-time job, and it felt like I was constantly chasing the room to catch up. Dr. Chen’s explanations were solid on the concepts, but the real gaps showed up in the examples—they were thin, and I kept staring at notes trying to map the theory to a problem I actually cared about for the specialization. The TAs were responsive and practical when I did reach out, which helped a little, but feedback came sparse until it felt almost too late to adjust. The assessment mix never quite clicked with the lectures, and I barely scraped a pass after wrestling through most of the term; it’s hard to call it value-added when I’m still wondering what I could have done differently.",support,negative,True,False,"The review criticizes sparse/late feedback and misaligned assessments, but also says Dr. Chen’s explanations were solid and TAs were responsive, so overall support is mixed rather than purely negative.",One label is overly one-sided and the other is not evidenced by the review.
71,"I took Linear Algebra mid-program, juggling it with a full-time job, and it felt like I was constantly chasing the room to catch up. Dr. Chen’s explanations were solid on the concepts, but the real gaps showed up in the examples—they were thin, and I kept staring at notes trying to map the theory to a problem I actually cared about for the specialization. The TAs were responsive and practical when I did reach out, which helped a little, but feedback came sparse until it felt almost too late to adjust. The assessment mix never quite clicked with the lectures, and I barely scraped a pass after wrestling through most of the term; it’s hard to call it value-added when I’m still wondering what I could have done differently.",peer_interaction,neutral,False,False,There is no mention of classmates or peer-to-peer interaction; only instructor and TA support are discussed.,One label is overly one-sided and the other is not evidenced by the review.
71,"I took Linear Algebra mid-program, juggling it with a full-time job, and it felt like I was constantly chasing the room to catch up. Dr. Chen’s explanations were solid on the concepts, but the real gaps showed up in the examples—they were thin, and I kept staring at notes trying to map the theory to a problem I actually cared about for the specialization. The TAs were responsive and practical when I did reach out, which helped a little, but feedback came sparse until it felt almost too late to adjust. The assessment mix never quite clicked with the lectures, and I barely scraped a pass after wrestling through most of the term; it’s hard to call it value-added when I’m still wondering what I could have done differently.",__row_summary__,,False,False,supported 1/2; sentiment 0/2,One label is overly one-sided and the other is not evidenced by the review.
72,"I’m wrapping up the last semester with Database Systems, and I’m not sure the grade reflects my own understanding after juggling work and two other tough courses. The recorded lectures help, but I found the collaboration rules and forums a bit murky, and mid-semester attendance faded for me.",lecturer_quality,neutral,False,False,The review mentions recorded lectures helping but does not clearly evaluate the lecturer's quality.,Both declared labels are not clearly grounded in the review text.
72,"I’m wrapping up the last semester with Database Systems, and I’m not sure the grade reflects my own understanding after juggling work and two other tough courses. The recorded lectures help, but I found the collaboration rules and forums a bit murky, and mid-semester attendance faded for me.",pacing,neutral,False,False,"There is no clear statement about course speed or workload pacing, only personal juggling of other commitments.",Both declared labels are not clearly grounded in the review text.
72,"I’m wrapping up the last semester with Database Systems, and I’m not sure the grade reflects my own understanding after juggling work and two other tough courses. The recorded lectures help, but I found the collaboration rules and forums a bit murky, and mid-semester attendance faded for me.",__row_summary__,,False,False,supported 0/2; sentiment 0/2,Both declared labels are not clearly grounded in the review text.
73,"Database Systems in my first semester was solid but exhausting: I kept up with nearly every lecture, and the pacing felt fine, especially when we used real-world examples in class. The part that stuck was the late-semester turning point when our group finally clicked on the data modeling project, even though the assessments still felt fair yet draining; the platform quirks added unnecessary stress, and the collaboration expectations were fuzzy at first, which made juggling another hard course feel chaotic.",peer_interaction,positive,True,False,"The review mentions group collaboration that was ""fuzzy at first"" and stressful, with a later improvement when the group ""finally clicked,"" making the overall sentiment mixed rather than clearly positive.",The aspect is present but the declared positive sentiment is overstated given the mixed collaboration experience described.
73,"Database Systems in my first semester was solid but exhausting: I kept up with nearly every lecture, and the pacing felt fine, especially when we used real-world examples in class. The part that stuck was the late-semester turning point when our group finally clicked on the data modeling project, even though the assessments still felt fair yet draining; the platform quirks added unnecessary stress, and the collaboration expectations were fuzzy at first, which made juggling another hard course feel chaotic.",__row_summary__,,True,False,supported 1/1; sentiment 0/1,The aspect is present but the declared positive sentiment is overstated given the mixed collaboration experience described.
74,"Calculus II was the main focus for me last term, since I was new to the discipline and trying to learn the basics before graduation, and I have to admit I spent a lot of time wrestling with the jump from a few integral tricks to the whole chapter of sequences and series. Prof. Rios showed up with slides that are serviceable but never memorable, and I found the delivery mostly okay when I was sitting through class, though I left the room not sure I could replicate the same steps on my own. The course felt heavy on assignments and tight deadlines, which made the week-to-week grind feel real, even though the rubric for grading always seemed vague and left me second-guessing whether I had hit the mark. I remember a specific office-hours chat where a quick clarification about convergence tests finally clicked after I described my shaky understanding aloud, which helped a bit, but I still felt like the prerequisites assumed more prior knowledge than the advertised level. The exam format and constant problem sets kept a steady rhythm, but the core impact was that I kept comparing this to what I expected from a calculus course in the last term before graduation, not another class, and I’m left with mixed takeaways.",assessment_design,positive,True,False,"Assessment is discussed (heavy assignments, tight deadlines, vague rubric); overall tone is mixed-to-negative rather than positive.","All aspects are mentioned, but two of the three sentiments are stricter than what the review supports."
74,"Calculus II was the main focus for me last term, since I was new to the discipline and trying to learn the basics before graduation, and I have to admit I spent a lot of time wrestling with the jump from a few integral tricks to the whole chapter of sequences and series. Prof. Rios showed up with slides that are serviceable but never memorable, and I found the delivery mostly okay when I was sitting through class, though I left the room not sure I could replicate the same steps on my own. The course felt heavy on assignments and tight deadlines, which made the week-to-week grind feel real, even though the rubric for grading always seemed vague and left me second-guessing whether I had hit the mark. I remember a specific office-hours chat where a quick clarification about convergence tests finally clicked after I described my shaky understanding aloud, which helped a bit, but I still felt like the prerequisites assumed more prior knowledge than the advertised level. The exam format and constant problem sets kept a steady rhythm, but the core impact was that I kept comparing this to what I expected from a calculus course in the last term before graduation, not another class, and I’m left with mixed takeaways.",materials,neutral,True,True,"Slides are described as 'serviceable but never memorable,' which fits a neutral/slightly negative view; neutral is acceptable.","All aspects are mentioned, but two of the three sentiments are stricter than what the review supports."
74,"Calculus II was the main focus for me last term, since I was new to the discipline and trying to learn the basics before graduation, and I have to admit I spent a lot of time wrestling with the jump from a few integral tricks to the whole chapter of sequences and series. Prof. Rios showed up with slides that are serviceable but never memorable, and I found the delivery mostly okay when I was sitting through class, though I left the room not sure I could replicate the same steps on my own. The course felt heavy on assignments and tight deadlines, which made the week-to-week grind feel real, even though the rubric for grading always seemed vague and left me second-guessing whether I had hit the mark. I remember a specific office-hours chat where a quick clarification about convergence tests finally clicked after I described my shaky understanding aloud, which helped a bit, but I still felt like the prerequisites assumed more prior knowledge than the advertised level. The exam format and constant problem sets kept a steady rhythm, but the core impact was that I kept comparing this to what I expected from a calculus course in the last term before graduation, not another class, and I’m left with mixed takeaways.",lecturer_quality,negative,True,False,"Instructor delivery is 'mostly okay' with some helpful office-hours clarification, so not clearly negative overall.","All aspects are mentioned, but two of the three sentiments are stricter than what the review supports."
74,"Calculus II was the main focus for me last term, since I was new to the discipline and trying to learn the basics before graduation, and I have to admit I spent a lot of time wrestling with the jump from a few integral tricks to the whole chapter of sequences and series. Prof. Rios showed up with slides that are serviceable but never memorable, and I found the delivery mostly okay when I was sitting through class, though I left the room not sure I could replicate the same steps on my own. The course felt heavy on assignments and tight deadlines, which made the week-to-week grind feel real, even though the rubric for grading always seemed vague and left me second-guessing whether I had hit the mark. I remember a specific office-hours chat where a quick clarification about convergence tests finally clicked after I described my shaky understanding aloud, which helped a bit, but I still felt like the prerequisites assumed more prior knowledge than the advertised level. The exam format and constant problem sets kept a steady rhythm, but the core impact was that I kept comparing this to what I expected from a calculus course in the last term before graduation, not another class, and I’m left with mixed takeaways.",__row_summary__,,True,False,supported 3/3; sentiment 1/3,"All aspects are mentioned, but two of the three sentiments are stricter than what the review supports."
75,"I found Linear Algebra tougher than I expected, especially since I was still getting my bearings as someone new to the discipline. I mostly relied on recordings and notes, and the mid‑semester crunch left me scrambling despite the LMS being smooth and the submission flow feeling reliable. Prof. Alvarez gave detailed feedback, but the grading comments often arrived late, which didn’t help when deadlines hit.",difficulty,negative,True,True,"The student says the course was tougher than expected and they were scrambling, indicating negative difficulty.","Difficulty is clearly negative, while organization is present but expressed with mixed sentiment."
75,"I found Linear Algebra tougher than I expected, especially since I was still getting my bearings as someone new to the discipline. I mostly relied on recordings and notes, and the mid‑semester crunch left me scrambling despite the LMS being smooth and the submission flow feeling reliable. Prof. Alvarez gave detailed feedback, but the grading comments often arrived late, which didn’t help when deadlines hit.",organization,negative,True,False,"They mention a mid-semester crunch and late grading comments (negative), but also say the LMS was smooth and submission flow reliable (positive), making overall organization sentiment mixed rather than clearly negative.","Difficulty is clearly negative, while organization is present but expressed with mixed sentiment."
75,"I found Linear Algebra tougher than I expected, especially since I was still getting my bearings as someone new to the discipline. I mostly relied on recordings and notes, and the mid‑semester crunch left me scrambling despite the LMS being smooth and the submission flow feeling reliable. Prof. Alvarez gave detailed feedback, but the grading comments often arrived late, which didn’t help when deadlines hit.",__row_summary__,,True,False,supported 2/2; sentiment 1/2,"Difficulty is clearly negative, while organization is present but expressed with mixed sentiment."
76,"Cyber Security Basics with Prof. Alvarez felt like a lot of noise and a few sharp edges. I’m in the intro service course mode, trying to fit short evening sessions around my job, and the platform quirks this term didn’t help—random login prompts during a sprint of assignments, and the quiz timer sometimes eating questions right as I hit submit. The grading rubric seems vague, so I’m unsure if my C reflects understanding or just how the rubric scraped the main points, and feedback quality really varied by assignment. Peer discussion helped more than the official materials, and I remember one office-hours chat where a quirky example about a phishing flow clicked for me, but otherwise I wasn’t convinced the tools were friendly. I wouldn’t take it again, even though a few moments did stick. The tradeoffs nag at me: it built a few instincts, but the friction and the late-night platform headaches wore me down.",interest,neutral,True,False,"The reviewer says they ""wouldn’t take it again"" and felt worn down despite a few good moments, indicating overall negative interest rather than neutral.","Tooling usability is correctly labeled negative, but interest is expressed as negative rather than neutral."
76,"Cyber Security Basics with Prof. Alvarez felt like a lot of noise and a few sharp edges. I’m in the intro service course mode, trying to fit short evening sessions around my job, and the platform quirks this term didn’t help—random login prompts during a sprint of assignments, and the quiz timer sometimes eating questions right as I hit submit. The grading rubric seems vague, so I’m unsure if my C reflects understanding or just how the rubric scraped the main points, and feedback quality really varied by assignment. Peer discussion helped more than the official materials, and I remember one office-hours chat where a quirky example about a phishing flow clicked for me, but otherwise I wasn’t convinced the tools were friendly. I wouldn’t take it again, even though a few moments did stick. The tradeoffs nag at me: it built a few instincts, but the friction and the late-night platform headaches wore me down.",tooling_usability,negative,True,True,"They describe platform quirks (random login prompts, quiz timer issues) and that they ""wasn’t convinced the tools were friendly,"" clearly negative.","Tooling usability is correctly labeled negative, but interest is expressed as negative rather than neutral."
76,"Cyber Security Basics with Prof. Alvarez felt like a lot of noise and a few sharp edges. I’m in the intro service course mode, trying to fit short evening sessions around my job, and the platform quirks this term didn’t help—random login prompts during a sprint of assignments, and the quiz timer sometimes eating questions right as I hit submit. The grading rubric seems vague, so I’m unsure if my C reflects understanding or just how the rubric scraped the main points, and feedback quality really varied by assignment. Peer discussion helped more than the official materials, and I remember one office-hours chat where a quirky example about a phishing flow clicked for me, but otherwise I wasn’t convinced the tools were friendly. I wouldn’t take it again, even though a few moments did stick. The tradeoffs nag at me: it built a few instincts, but the friction and the late-night platform headaches wore me down.",__row_summary__,,True,False,supported 2/2; sentiment 1/2,"Tooling usability is correctly labeled negative, but interest is expressed as negative rather than neutral."
77,"Calculus II was tougher than I expected, but in a way that pushed me to actually memorize and apply the core ideas instead of just following steps. Prof. Alvarez kept the vibe rigorous, and I relied mostly on recordings and notes because live sessions got crowded and deadlines felt heavier during the mid‑semester crunch; the tooling glitches didn’t help either. The course builds on the prerequisites well, yet the grading mix didn’t line up with what we covered in lectures, and I’m not sure I’d recommend it without",difficulty,positive,True,True,"The review says the course was tougher than expected, but frames the difficulty as beneficial in pushing learning, indicating a positive view of the challenge.",The difficulty aspect is explicitly mentioned and the sentiment is overall positive toward the challenge.
77,"Calculus II was tougher than I expected, but in a way that pushed me to actually memorize and apply the core ideas instead of just following steps. Prof. Alvarez kept the vibe rigorous, and I relied mostly on recordings and notes because live sessions got crowded and deadlines felt heavier during the mid‑semester crunch; the tooling glitches didn’t help either. The course builds on the prerequisites well, yet the grading mix didn’t line up with what we covered in lectures, and I’m not sure I’d recommend it without",__row_summary__,,True,True,supported 1/1; sentiment 1/1,The difficulty aspect is explicitly mentioned and the sentiment is overall positive toward the challenge.
78,"This Linear Algebra class in my last semester before graduation felt like it barely met me where I am—comfortable with proofs but not with systems work, and I kept thinking the prereqs assumed more background than the catalog promised. The peer discussion sessions were the real lifeline; I’d sit with a few classmates and suddenly the whole thing clicked, while the official slides felt serviceable but not memorable—just a stream of bullets that didn’t stick. The biggest strain was the timing of feedback: I’d hand in a matrix decomposition assignment and hear back after the next deadline, which left me chasing the critique instead of using it to improve, especially since I needed this for a specialization anyway. I remember an exam that leaned on a few tricks from the lectures and a couple of tricky problem setups, and I walked away frustrated that the grading quirks didn’t align with what was actually taught in discussion. Compared to another course from the same term, this one felt more about getting through the motions than building the intuition I hoped for, and that late-semester turning point left me with mixed feelings I’m still sorting out.",relevance,neutral,False,False,"The review discusses prerequisites, teaching materials, feedback timing, exams, and grading alignment, but does not clearly address whether course content was relevant to the student's goals.",The declared neutral relevance label is not faithful because relevance is not explicitly discussed.
78,"This Linear Algebra class in my last semester before graduation felt like it barely met me where I am—comfortable with proofs but not with systems work, and I kept thinking the prereqs assumed more background than the catalog promised. The peer discussion sessions were the real lifeline; I’d sit with a few classmates and suddenly the whole thing clicked, while the official slides felt serviceable but not memorable—just a stream of bullets that didn’t stick. The biggest strain was the timing of feedback: I’d hand in a matrix decomposition assignment and hear back after the next deadline, which left me chasing the critique instead of using it to improve, especially since I needed this for a specialization anyway. I remember an exam that leaned on a few tricks from the lectures and a couple of tricky problem setups, and I walked away frustrated that the grading quirks didn’t align with what was actually taught in discussion. Compared to another course from the same term, this one felt more about getting through the motions than building the intuition I hoped for, and that late-semester turning point left me with mixed feelings I’m still sorting out.",__row_summary__,,False,False,supported 0/1; sentiment 0/1,The declared neutral relevance label is not faithful because relevance is not explicitly discussed.
79,"I took Linear Algebra in the summer term, right after another hard class, so I mostly relied on recordings and notes because I couldn’t always make the live sessions and still try to keep up. As someone new to the discipline, the pace felt compressed and the pacing didn’t align well with my own slow start—the slides were serviceable but not memorable, and I left wanting a bit more intuition rather than just definitions. The biggest piece that stuck was the grading vibe: the instructor I liked, but the explanations behind the scores were thin, and feedback came too late to actually help with the next assignment, which made it hard to adjust on the fly. I didn’t feel a clear sense of how to collaborate in groups either; the collaboration structure seemed vague, so I mostly did my own thing and hoped the rubric would catch what mattered. There were moments where the content clicked with a concrete example in a project, yet those moments were rare and didn’t quite bridge the overall struggle with motivation, so I’d recommend it only if you’re prepared and can tolerate the rough edges.",peer_interaction,neutral,True,False,"The review says group collaboration structure was vague and they mostly worked alone, which is negative rather than neutral.",All three labels are at least partly unfaithful to the review text.
79,"I took Linear Algebra in the summer term, right after another hard class, so I mostly relied on recordings and notes because I couldn’t always make the live sessions and still try to keep up. As someone new to the discipline, the pace felt compressed and the pacing didn’t align well with my own slow start—the slides were serviceable but not memorable, and I left wanting a bit more intuition rather than just definitions. The biggest piece that stuck was the grading vibe: the instructor I liked, but the explanations behind the scores were thin, and feedback came too late to actually help with the next assignment, which made it hard to adjust on the fly. I didn’t feel a clear sense of how to collaborate in groups either; the collaboration structure seemed vague, so I mostly did my own thing and hoped the rubric would catch what mattered. There were moments where the content clicked with a concrete example in a project, yet those moments were rare and didn’t quite bridge the overall struggle with motivation, so I’d recommend it only if you’re prepared and can tolerate the rough edges.",relevance,negative,False,False,"The review focuses on pacing, materials, grading feedback, and collaboration, not whether the course felt relevant/useful.",All three labels are at least partly unfaithful to the review text.
79,"I took Linear Algebra in the summer term, right after another hard class, so I mostly relied on recordings and notes because I couldn’t always make the live sessions and still try to keep up. As someone new to the discipline, the pace felt compressed and the pacing didn’t align well with my own slow start—the slides were serviceable but not memorable, and I left wanting a bit more intuition rather than just definitions. The biggest piece that stuck was the grading vibe: the instructor I liked, but the explanations behind the scores were thin, and feedback came too late to actually help with the next assignment, which made it hard to adjust on the fly. I didn’t feel a clear sense of how to collaborate in groups either; the collaboration structure seemed vague, so I mostly did my own thing and hoped the rubric would catch what mattered. There were moments where the content clicked with a concrete example in a project, yet those moments were rare and didn’t quite bridge the overall struggle with motivation, so I’d recommend it only if you’re prepared and can tolerate the rough edges.",support,neutral,True,False,"Thin score explanations, late feedback, and vague collaboration structure indicate insufficient support (negative), not neutral.",All three labels are at least partly unfaithful to the review text.
79,"I took Linear Algebra in the summer term, right after another hard class, so I mostly relied on recordings and notes because I couldn’t always make the live sessions and still try to keep up. As someone new to the discipline, the pace felt compressed and the pacing didn’t align well with my own slow start—the slides were serviceable but not memorable, and I left wanting a bit more intuition rather than just definitions. The biggest piece that stuck was the grading vibe: the instructor I liked, but the explanations behind the scores were thin, and feedback came too late to actually help with the next assignment, which made it hard to adjust on the fly. I didn’t feel a clear sense of how to collaborate in groups either; the collaboration structure seemed vague, so I mostly did my own thing and hoped the rubric would catch what mattered. There were moments where the content clicked with a concrete example in a project, yet those moments were rare and didn’t quite bridge the overall struggle with motivation, so I’d recommend it only if you’re prepared and can tolerate the rough edges.",__row_summary__,,False,False,supported 2/3; sentiment 0/3,All three labels are at least partly unfaithful to the review text.
80,"Taking Machine Learning mid-program core while juggling a couple other demanding courses worked OK for me, and I appreciated that the workload felt manageable most weeks even though it was heavy. I signed up mainly because the schedule fit my term better than because I was dying for the topic, and the course did build well on the prerequisites, which helped me not feel completely lost when we dove into the stats basics and gradient ideas. The assessments were mostly long report-style tasks that ate into my time, and I didn’t love that the collaboration expectations were a bit fuzzy—my group didn’t have a clear plan for who did what, so I ended up drafting more than I expected on my own. Recorded lectures were useful to retake, but they felt dry, like listening to a textbook rather than a discussion, which made it harder to stay engaged at times. I’m a bit unsure whether my C-grade reflects my understanding, since the final project and the reports were heavy on presentation and not as transparent about the reasoning steps I wanted to show. Overall I’d still recommend broadly, just not expect a breezy ride.",overall_experience,positive,True,True,"Despite several criticisms (dry lectures, fuzzy collaboration, heavy reports, grade uncertainty), the reviewer still says they’d recommend the course overall.",Both aspects are mentioned in the review and the declared sentiments are broadly consistent with the text.
80,"Taking Machine Learning mid-program core while juggling a couple other demanding courses worked OK for me, and I appreciated that the workload felt manageable most weeks even though it was heavy. I signed up mainly because the schedule fit my term better than because I was dying for the topic, and the course did build well on the prerequisites, which helped me not feel completely lost when we dove into the stats basics and gradient ideas. The assessments were mostly long report-style tasks that ate into my time, and I didn’t love that the collaboration expectations were a bit fuzzy—my group didn’t have a clear plan for who did what, so I ended up drafting more than I expected on my own. Recorded lectures were useful to retake, but they felt dry, like listening to a textbook rather than a discussion, which made it harder to stay engaged at times. I’m a bit unsure whether my C-grade reflects my understanding, since the final project and the reports were heavy on presentation and not as transparent about the reasoning steps I wanted to show. Overall I’d still recommend broadly, just not expect a breezy ride.",workload,positive,True,True,"They describe the workload as heavy but manageable most weeks, which is a generally positive/acceptable view of workload.",Both aspects are mentioned in the review and the declared sentiments are broadly consistent with the text.
80,"Taking Machine Learning mid-program core while juggling a couple other demanding courses worked OK for me, and I appreciated that the workload felt manageable most weeks even though it was heavy. I signed up mainly because the schedule fit my term better than because I was dying for the topic, and the course did build well on the prerequisites, which helped me not feel completely lost when we dove into the stats basics and gradient ideas. The assessments were mostly long report-style tasks that ate into my time, and I didn’t love that the collaboration expectations were a bit fuzzy—my group didn’t have a clear plan for who did what, so I ended up drafting more than I expected on my own. Recorded lectures were useful to retake, but they felt dry, like listening to a textbook rather than a discussion, which made it harder to stay engaged at times. I’m a bit unsure whether my C-grade reflects my understanding, since the final project and the reports were heavy on presentation and not as transparent about the reasoning steps I wanted to show. Overall I’d still recommend broadly, just not expect a breezy ride.",__row_summary__,,True,True,supported 2/2; sentiment 2/2,Both aspects are mentioned in the review and the declared sentiments are broadly consistent with the text.
81,"I’m in mid-program core courses, and Operating Systems with Dr. Park felt like a mix of solid material and stress I wasn’t expecting. The recorded lectures helped when I isolated a late-night doubt, but they’re pretty dry, and the platform quirks made a few submission steps feel unnecessarily fiddly. The report-heavy workload stacked up fast around exams, and a early confusion about process scheduling shaped how I approached everything after, even though I learned a lot. The course works best if you’re in a study group, and I wish the deadlines weren’t so clustered.",workload,neutral,True,False,"Review describes a report-heavy workload that 'stacked up fast' and added stress, implying negative sentiment rather than neutral.","All three aspects are mentioned, but each declared sentiment is overly positive/neutral compared to the review’s mixed-to-negative tone."
81,"I’m in mid-program core courses, and Operating Systems with Dr. Park felt like a mix of solid material and stress I wasn’t expecting. The recorded lectures helped when I isolated a late-night doubt, but they’re pretty dry, and the platform quirks made a few submission steps feel unnecessarily fiddly. The report-heavy workload stacked up fast around exams, and a early confusion about process scheduling shaped how I approached everything after, even though I learned a lot. The course works best if you’re in a study group, and I wish the deadlines weren’t so clustered.",materials,positive,True,False,"Recorded lectures helped (positive) but are 'pretty dry' and platform quirks were fiddly (negative), making overall sentiment mixed, not purely positive.","All three aspects are mentioned, but each declared sentiment is overly positive/neutral compared to the review’s mixed-to-negative tone."
81,"I’m in mid-program core courses, and Operating Systems with Dr. Park felt like a mix of solid material and stress I wasn’t expecting. The recorded lectures helped when I isolated a late-night doubt, but they’re pretty dry, and the platform quirks made a few submission steps feel unnecessarily fiddly. The report-heavy workload stacked up fast around exams, and a early confusion about process scheduling shaped how I approached everything after, even though I learned a lot. The course works best if you’re in a study group, and I wish the deadlines weren’t so clustered.",pacing,positive,True,False,"Deadlines and workload were 'clustered' around exams, suggesting poor pacing/overload, not positive.","All three aspects are mentioned, but each declared sentiment is overly positive/neutral compared to the review’s mixed-to-negative tone."
81,"I’m in mid-program core courses, and Operating Systems with Dr. Park felt like a mix of solid material and stress I wasn’t expecting. The recorded lectures helped when I isolated a late-night doubt, but they’re pretty dry, and the platform quirks made a few submission steps feel unnecessarily fiddly. The report-heavy workload stacked up fast around exams, and a early confusion about process scheduling shaped how I approached everything after, even though I learned a lot. The course works best if you’re in a study group, and I wish the deadlines weren’t so clustered.",__row_summary__,,True,False,supported 3/3; sentiment 0/3,"All three aspects are mentioned, but each declared sentiment is overly positive/neutral compared to the review’s mixed-to-negative tone."
82,"I’m a returning student who felt rusty, kept up with nearly every lecture in Computer Networks, and kept wondering if I’d ever get confident with the material. The slides are serviceable but not memorable, and the platform quirks created avoidable stress during weeks with deadline cascades—office hours with Prof. Haddad were a real rescue, especially the quick walkthrough of subnetting on a shared board. Group work helped when our team clicked, but I’m still uncertain about the overall assessment design. The memory that",assessment_design,negative,True,False,"The review says they are ""still uncertain about the overall assessment design,"" which is uncertainty/ambivalence rather than clearly negative.","Both aspects are mentioned, but the declared sentiments are stronger or different than what the text supports."
82,"I’m a returning student who felt rusty, kept up with nearly every lecture in Computer Networks, and kept wondering if I’d ever get confident with the material. The slides are serviceable but not memorable, and the platform quirks created avoidable stress during weeks with deadline cascades—office hours with Prof. Haddad were a real rescue, especially the quick walkthrough of subnetting on a shared board. Group work helped when our team clicked, but I’m still uncertain about the overall assessment design. The memory that",prerequisite_fit,neutral,True,False,"They felt rusty and lacked confidence with the material, suggesting a somewhat poor fit rather than neutral.","Both aspects are mentioned, but the declared sentiments are stronger or different than what the text supports."
82,"I’m a returning student who felt rusty, kept up with nearly every lecture in Computer Networks, and kept wondering if I’d ever get confident with the material. The slides are serviceable but not memorable, and the platform quirks created avoidable stress during weeks with deadline cascades—office hours with Prof. Haddad were a real rescue, especially the quick walkthrough of subnetting on a shared board. Group work helped when our team clicked, but I’m still uncertain about the overall assessment design. The memory that",__row_summary__,,True,False,supported 2/2; sentiment 0/2,"Both aspects are mentioned, but the declared sentiments are stronger or different than what the text supports."
83,"I took Linear Algebra because I heard it would be useful for industry work, but with a full-time job and only so many hours each week I constantly felt behind and then scrambled to catch up around deadlines. The peer discussion helped more than the official materials, so I relied on getting quick explanations from classmates when I could, especially during the weeks when the tooling hiccups made the platform behave oddly and deadlines stretched into sleep-deprived chaos. The exam felt fair in its wording, but the actual grading and how the questions mapped to what we covered in lectures never quite lined up, which left me frustrated and tired rather than confident. I remember one office-hours session where the TA walked through a matrix factorization example for 20 minutes, and that concrete moment stuck with me more than the lecture slides. The feedback felt positive when it came to clarity and focus, but the notes often seemed out of sync with what the assessment expected, so I didn’t always know what to prioritize. By the end I was managing with sporadic motivation, and the whole thing felt like a slog I dutifully endured rather than enjoyed.",exam_fairness,negative,True,True,"The review says the exam wording felt fair but grading/mapping to lectures didn’t line up, leaving the student frustrated overall.","Exam fairness is expressed with an overall negative takeaway, while feedback quality is mixed and not clearly positive overall."
83,"I took Linear Algebra because I heard it would be useful for industry work, but with a full-time job and only so many hours each week I constantly felt behind and then scrambled to catch up around deadlines. The peer discussion helped more than the official materials, so I relied on getting quick explanations from classmates when I could, especially during the weeks when the tooling hiccups made the platform behave oddly and deadlines stretched into sleep-deprived chaos. The exam felt fair in its wording, but the actual grading and how the questions mapped to what we covered in lectures never quite lined up, which left me frustrated and tired rather than confident. I remember one office-hours session where the TA walked through a matrix factorization example for 20 minutes, and that concrete moment stuck with me more than the lecture slides. The feedback felt positive when it came to clarity and focus, but the notes often seemed out of sync with what the assessment expected, so I didn’t always know what to prioritize. By the end I was managing with sporadic motivation, and the whole thing felt like a slog I dutifully endured rather than enjoyed.",feedback_quality,positive,True,False,"They mention some positive clarity/focus, but also that feedback notes were out of sync with assessments and didn’t help them prioritize, yielding a mixed-to-negative overall impression.","Exam fairness is expressed with an overall negative takeaway, while feedback quality is mixed and not clearly positive overall."
83,"I took Linear Algebra because I heard it would be useful for industry work, but with a full-time job and only so many hours each week I constantly felt behind and then scrambled to catch up around deadlines. The peer discussion helped more than the official materials, so I relied on getting quick explanations from classmates when I could, especially during the weeks when the tooling hiccups made the platform behave oddly and deadlines stretched into sleep-deprived chaos. The exam felt fair in its wording, but the actual grading and how the questions mapped to what we covered in lectures never quite lined up, which left me frustrated and tired rather than confident. I remember one office-hours session where the TA walked through a matrix factorization example for 20 minutes, and that concrete moment stuck with me more than the lecture slides. The feedback felt positive when it came to clarity and focus, but the notes often seemed out of sync with what the assessment expected, so I didn’t always know what to prioritize. By the end I was managing with sporadic motivation, and the whole thing felt like a slog I dutifully endured rather than enjoyed.",__row_summary__,,True,False,supported 2/2; sentiment 1/2,"Exam fairness is expressed with an overall negative takeaway, while feedback quality is mixed and not clearly positive overall."
84,"I’d say the course was a mixed bag and it left me frustrated but still willing to say I’d recommend it to others who can weather the rough spots. The lectures mostly relied on slides, which were serviceable but not memorable, and I found myself leaning on recordings and notes to keep up. Prof. Haddad’s office hours were a lifesaver when things clicked, even if the grading comments came late and felt detailed but distant until the last minute. The ramp-up started accessible but shifted harder than I expected, and by late semester I was looping back to that turning point where I finally understood something, even as I still felt like I missed a lot. A small group project deadline and a stray mismatch between what was asked and what we practiced sticks with me.",support,negative,True,False,"The review describes office hours as a ""lifesaver"" (positive support), while also noting late/distant grading comments (negative), so overall sentiment is mixed rather than purely negative.","The aspect is present, but the declared negative sentiment is too one-sided for the mixed support described."
84,"I’d say the course was a mixed bag and it left me frustrated but still willing to say I’d recommend it to others who can weather the rough spots. The lectures mostly relied on slides, which were serviceable but not memorable, and I found myself leaning on recordings and notes to keep up. Prof. Haddad’s office hours were a lifesaver when things clicked, even if the grading comments came late and felt detailed but distant until the last minute. The ramp-up started accessible but shifted harder than I expected, and by late semester I was looping back to that turning point where I finally understood something, even as I still felt like I missed a lot. A small group project deadline and a stray mismatch between what was asked and what we practiced sticks with me.",__row_summary__,,True,False,supported 1/1; sentiment 0/1,"The aspect is present, but the declared negative sentiment is too one-sided for the mixed support described."
85,"Taking Database Systems mainly because it’s required for my degree, I went in with a strong coding background but shaky theory, and I left with mixed feelings. The forums helped me a lot—quick replies, but parts of the discussion felt a bit dismissive. The week of the databases exam still sticks with me—memorable, because it mixed practical queries with tricky wording and a last-minute rush to finish.",tooling_usability,negative,False,False,"The review discusses forums and an exam experience, but not the usability of tools/software.",One label is unsupported and the other oversimplifies a mixed sentiment.
85,"Taking Database Systems mainly because it’s required for my degree, I went in with a strong coding background but shaky theory, and I left with mixed feelings. The forums helped me a lot—quick replies, but parts of the discussion felt a bit dismissive. The week of the databases exam still sticks with me—memorable, because it mixed practical queries with tricky wording and a last-minute rush to finish.",peer_interaction,positive,True,False,"Forums had quick replies (positive) but also felt dismissive (negative), so overall sentiment is mixed rather than purely positive.",One label is unsupported and the other oversimplifies a mixed sentiment.
85,"Taking Database Systems mainly because it’s required for my degree, I went in with a strong coding background but shaky theory, and I left with mixed feelings. The forums helped me a lot—quick replies, but parts of the discussion felt a bit dismissive. The week of the databases exam still sticks with me—memorable, because it mixed practical queries with tricky wording and a last-minute rush to finish.",__row_summary__,,False,False,supported 1/2; sentiment 0/2,One label is unsupported and the other oversimplifies a mixed sentiment.
86,"Linear Algebra mostly felt like a slog, and I barely scraped by, even though I did have time to study. The TAs were surprisingly practical and responsive, which helped when motivation waxed and waned, and the lectures were clear enough to follow at a steady pace, but the few big assessments mattered a lot and this term’s rhythm stacked on my full-time job. I’ll remember week 7’s weird deadline pattern and one group problem that finally clicked, even if most days felt like pushing through.",pacing,negative,True,True,"The term’s rhythm and week 7 deadline pattern are described as burdensome, stacking on a full-time job, indicating negative pacing.",Both declared aspect sentiments are supported by and consistent with the review.
86,"Linear Algebra mostly felt like a slog, and I barely scraped by, even though I did have time to study. The TAs were surprisingly practical and responsive, which helped when motivation waxed and waned, and the lectures were clear enough to follow at a steady pace, but the few big assessments mattered a lot and this term’s rhythm stacked on my full-time job. I’ll remember week 7’s weird deadline pattern and one group problem that finally clicked, even if most days felt like pushing through.",practical_application,positive,True,True,"The review says the TAs were “surprisingly practical and responsive,” a clearly positive statement about practical help/application.",Both declared aspect sentiments are supported by and consistent with the review.
86,"Linear Algebra mostly felt like a slog, and I barely scraped by, even though I did have time to study. The TAs were surprisingly practical and responsive, which helped when motivation waxed and waned, and the lectures were clear enough to follow at a steady pace, but the few big assessments mattered a lot and this term’s rhythm stacked on my full-time job. I’ll remember week 7’s weird deadline pattern and one group problem that finally clicked, even if most days felt like pushing through.",__row_summary__,,True,True,supported 2/2; sentiment 2/2,Both declared aspect sentiments are supported by and consistent with the review.
87,"Midway through this heavy semester, the lectures sometimes feel uneven, but the LMS flow and submission felt smooth; I had enough time but motivation wobbled, and my strong coding but weaker theory background made the heavy report focus feel draining. Office hours helped, though.",lecturer_quality,positive,True,False,"The review says lectures ""sometimes feel uneven,"" which is more negative/mixed than positive.","Workload is labeled faithfully, but lecturer quality is not positive in the review."
87,"Midway through this heavy semester, the lectures sometimes feel uneven, but the LMS flow and submission felt smooth; I had enough time but motivation wobbled, and my strong coding but weaker theory background made the heavy report focus feel draining. Office hours helped, though.",workload,negative,True,True,"Mentions a ""heavy semester"" and ""heavy report focus"" feeling draining, indicating negative workload.","Workload is labeled faithfully, but lecturer quality is not positive in the review."
87,"Midway through this heavy semester, the lectures sometimes feel uneven, but the LMS flow and submission felt smooth; I had enough time but motivation wobbled, and my strong coding but weaker theory background made the heavy report focus feel draining. Office hours helped, though.",__row_summary__,,True,False,supported 2/2; sentiment 1/2,"Workload is labeled faithfully, but lecturer quality is not positive in the review."
88,"Data Structures in my first semester with Dr. Chen was solid for filling gaps I had, and the quick feedback helps adjust fast, but the email replies drag when deadlines hit; I started engaged, attendance faded, and office hours felt like a lifeline after a tough bug in week 6.",organization,neutral,False,False,"The review discusses feedback speed, email delays, engagement/attendance, and office hours, but not course structure or organization.","Accessibility is supported and positive, while organization is not evidenced in the text."
88,"Data Structures in my first semester with Dr. Chen was solid for filling gaps I had, and the quick feedback helps adjust fast, but the email replies drag when deadlines hit; I started engaged, attendance faded, and office hours felt like a lifeline after a tough bug in week 6.",accessibility,positive,True,True,"Quick feedback and office hours being a 'lifeline' indicate helpful access to support, despite slower email replies.","Accessibility is supported and positive, while organization is not evidenced in the text."
88,"Data Structures in my first semester with Dr. Chen was solid for filling gaps I had, and the quick feedback helps adjust fast, but the email replies drag when deadlines hit; I started engaged, attendance faded, and office hours felt like a lifeline after a tough bug in week 6.",__row_summary__,,False,False,supported 1/2; sentiment 1/2,"Accessibility is supported and positive, while organization is not evidenced in the text."
89,"Last semester in Linear Algebra, I kept up with nearly every lecture, but the tooling setup was a headache and the admin friction didn’t help, especially when I was juggling the last-minute access to the online quiz system. The few assessments mattered a lot, and though the recorded lectures were useful, they felt dry, which left me wishing for a study group to break things down; I had a late-night chat in office hours that finally clicked one concept, and it suggested my overall view is mixed and a bit fragile",tooling_usability,neutral,True,False,"The review says the tooling setup was 'a headache' and mentions last-minute access issues, which is negative, not neutral.","Both aspects are discussed, but the tooling sentiment is mislabeled as neutral despite clearly negative phrasing."
89,"Last semester in Linear Algebra, I kept up with nearly every lecture, but the tooling setup was a headache and the admin friction didn’t help, especially when I was juggling the last-minute access to the online quiz system. The few assessments mattered a lot, and though the recorded lectures were useful, they felt dry, which left me wishing for a study group to break things down; I had a late-night chat in office hours that finally clicked one concept, and it suggested my overall view is mixed and a bit fragile",assessment_design,negative,True,True,"The review complains that the few assessments 'mattered a lot,' implying high-stakes structure and a negative view of the assessment setup.","Both aspects are discussed, but the tooling sentiment is mislabeled as neutral despite clearly negative phrasing."
89,"Last semester in Linear Algebra, I kept up with nearly every lecture, but the tooling setup was a headache and the admin friction didn’t help, especially when I was juggling the last-minute access to the online quiz system. The few assessments mattered a lot, and though the recorded lectures were useful, they felt dry, which left me wishing for a study group to break things down; I had a late-night chat in office hours that finally clicked one concept, and it suggested my overall view is mixed and a bit fragile",__row_summary__,,True,False,supported 2/2; sentiment 1/2,"Both aspects are discussed, but the tooling sentiment is mislabeled as neutral despite clearly negative phrasing."
90,"Looking back, the Computer Networks course felt like it finally clicked once I started treating the lectures as the backbone and the labs as the glue, especially since I came in pretty new to the discipline and was learning the basics on the fly. I kept up with nearly every lecture, and the content built on the prerequisites in a way that helped me connect concepts from the first week to the more practical stuff, like the way routing tables actually get updated in real time. The exam felt fair, with problems that matched what we’d practiced in class and on the weekly problem sets, even as I wrestled with one tricky routing question right before the midterm under a rough crunch. The main friction was the setup and getting the tooling running, which took more effort than I expected and ate into study time; once I got the hang of the lab environment, I still wished the payoff from that setup were a bit bigger. Feedback from TAs was sparse until late in the term, which left me chasing drafts, and I remember an early confusion about subnets that shaped how I approached the rest of the term, almost like a small anchor I kept returning to.",exam_fairness,positive,True,True,"The reviewer explicitly says the exam felt fair and aligned with practiced material, despite one tricky question.",The declared positive sentiment for exam fairness is clearly supported by the review.
90,"Looking back, the Computer Networks course felt like it finally clicked once I started treating the lectures as the backbone and the labs as the glue, especially since I came in pretty new to the discipline and was learning the basics on the fly. I kept up with nearly every lecture, and the content built on the prerequisites in a way that helped me connect concepts from the first week to the more practical stuff, like the way routing tables actually get updated in real time. The exam felt fair, with problems that matched what we’d practiced in class and on the weekly problem sets, even as I wrestled with one tricky routing question right before the midterm under a rough crunch. The main friction was the setup and getting the tooling running, which took more effort than I expected and ate into study time; once I got the hang of the lab environment, I still wished the payoff from that setup were a bit bigger. Feedback from TAs was sparse until late in the term, which left me chasing drafts, and I remember an early confusion about subnets that shaped how I approached the rest of the term, almost like a small anchor I kept returning to.",__row_summary__,,True,True,supported 1/1; sentiment 1/1,The declared positive sentiment for exam fairness is clearly supported by the review.
91,"I took Computer Networks because I heard it would be useful in industry, and Prof. Haddad is engaging, but the assessment design felt off and the grading wasn’t transparent enough for my taste. The tool setup took more effort than the payoff, and feedback came too late to help with the next assignment; still, the forums were helpful at times, even if they could be dismissive. Overall, I earned a solid B, which matched the effort I actually put in.",assessment_design,negative,True,True,"The review says ""the assessment design felt off,"" indicating a negative view.",Both declared aspect-sentiment labels are clearly supported by the review and match its sentiment.
91,"I took Computer Networks because I heard it would be useful in industry, and Prof. Haddad is engaging, but the assessment design felt off and the grading wasn’t transparent enough for my taste. The tool setup took more effort than the payoff, and feedback came too late to help with the next assignment; still, the forums were helpful at times, even if they could be dismissive. Overall, I earned a solid B, which matched the effort I actually put in.",grading_transparency,negative,True,True,"The review states ""the grading wasn’t transparent enough,"" which is negative about transparency.",Both declared aspect-sentiment labels are clearly supported by the review and match its sentiment.
91,"I took Computer Networks because I heard it would be useful in industry, and Prof. Haddad is engaging, but the assessment design felt off and the grading wasn’t transparent enough for my taste. The tool setup took more effort than the payoff, and feedback came too late to help with the next assignment; still, the forums were helpful at times, even if they could be dismissive. Overall, I earned a solid B, which matched the effort I actually put in.",__row_summary__,,True,True,supported 2/2; sentiment 2/2,Both declared aspect-sentiment labels are clearly supported by the review and match its sentiment.
92,"Operating Systems was essential for my specialization, and I stuck with it mainly because I needed it, even though I was new to the field. The recorded lectures helped on the dry bits, and I found the forums and TAs when I got stuck, especially early on when I mixed up processes and threads. The summer term compressed pace and time pressures were mostly manageable, but the workload felt heavy for a report-focused setup, and some instructions left too much interpretation for me to gauge.",peer_interaction,positive,True,True,"Mentions forums and TAs being helpful when stuck, implying positive support/interaction.","Peer support is praised, but clarity is criticized and interest is not expressed positively."
92,"Operating Systems was essential for my specialization, and I stuck with it mainly because I needed it, even though I was new to the field. The recorded lectures helped on the dry bits, and I found the forums and TAs when I got stuck, especially early on when I mixed up processes and threads. The summer term compressed pace and time pressures were mostly manageable, but the workload felt heavy for a report-focused setup, and some instructions left too much interpretation for me to gauge.",clarity,neutral,True,False,"Says some instructions left too much interpretation, indicating negative clarity rather than neutral.","Peer support is praised, but clarity is criticized and interest is not expressed positively."
92,"Operating Systems was essential for my specialization, and I stuck with it mainly because I needed it, even though I was new to the field. The recorded lectures helped on the dry bits, and I found the forums and TAs when I got stuck, especially early on when I mixed up processes and threads. The summer term compressed pace and time pressures were mostly manageable, but the workload felt heavy for a report-focused setup, and some instructions left too much interpretation for me to gauge.",interest,positive,True,False,Took it mainly because it was required and describes parts as dry; does not express positive interest.,"Peer support is praised, but clarity is criticized and interest is not expressed positively."
92,"Operating Systems was essential for my specialization, and I stuck with it mainly because I needed it, even though I was new to the field. The recorded lectures helped on the dry bits, and I found the forums and TAs when I got stuck, especially early on when I mixed up processes and threads. The summer term compressed pace and time pressures were mostly manageable, but the workload felt heavy for a report-focused setup, and some instructions left too much interpretation for me to gauge.",__row_summary__,,True,False,supported 3/3; sentiment 1/3,"Peer support is praised, but clarity is criticized and interest is not expressed positively."
93,"I took the Machine Learning intro service course with Dr. Singh and left with a solid B that sort of matched the effort I put in. The project-heavy setup felt fair but exhausting, especially since the exams loomed large and often hinged on concepts I’d grasp only after a late-night grind. Prereq-wise, it assumes more background than the catalog hinted, so I kept wishing for clearer prerequisites and more systems-light grounding. The real friction wasn’t the staff but the way announcements drifted and how the campus threads became the de facto help desk—students helping each other more than anyone in admin or office hours. Office hours, though, I did swing by once after a messy deadline and it helped a bit, though it didn’t fix the overall pace.",feedback_quality,neutral,True,False,"The review criticizes announcements drifting and reliance on peer help over admin/office hours, with office hours only 'helped a bit'—overall more negative than neutral.","Both aspects are mentioned, but feedback_quality is labeled too neutrally given the complaints."
93,"I took the Machine Learning intro service course with Dr. Singh and left with a solid B that sort of matched the effort I put in. The project-heavy setup felt fair but exhausting, especially since the exams loomed large and often hinged on concepts I’d grasp only after a late-night grind. Prereq-wise, it assumes more background than the catalog hinted, so I kept wishing for clearer prerequisites and more systems-light grounding. The real friction wasn’t the staff but the way announcements drifted and how the campus threads became the de facto help desk—students helping each other more than anyone in admin or office hours. Office hours, though, I did swing by once after a messy deadline and it helped a bit, though it didn’t fix the overall pace.",peer_interaction,positive,True,True,"It explicitly notes students helping each other on campus threads, implying beneficial peer support.","Both aspects are mentioned, but feedback_quality is labeled too neutrally given the complaints."
93,"I took the Machine Learning intro service course with Dr. Singh and left with a solid B that sort of matched the effort I put in. The project-heavy setup felt fair but exhausting, especially since the exams loomed large and often hinged on concepts I’d grasp only after a late-night grind. Prereq-wise, it assumes more background than the catalog hinted, so I kept wishing for clearer prerequisites and more systems-light grounding. The real friction wasn’t the staff but the way announcements drifted and how the campus threads became the de facto help desk—students helping each other more than anyone in admin or office hours. Office hours, though, I did swing by once after a messy deadline and it helped a bit, though it didn’t fix the overall pace.",__row_summary__,,True,False,supported 2/2; sentiment 1/2,"Both aspects are mentioned, but feedback_quality is labeled too neutrally given the complaints."
94,"I’m halfway through Data Structures and I’m juggling it with a full-time job, so I only glance at the material when I need it, which makes the course feel scattered. The explanations are solid conceptually, but the examples are thin and the platform quirks stress me out more than they should. I did attend one office-hours session after a tough homework, and the quick clarifications helped a bit, but the timing of feedback still feels rushed.",support,negative,True,True,"Mentions office hours and feedback; office-hours helped only a bit and feedback timing feels rushed, implying negative support overall.",Both aspects are clearly mentioned and the negative sentiments align with the review.
94,"I’m halfway through Data Structures and I’m juggling it with a full-time job, so I only glance at the material when I need it, which makes the course feel scattered. The explanations are solid conceptually, but the examples are thin and the platform quirks stress me out more than they should. I did attend one office-hours session after a tough homework, and the quick clarifications helped a bit, but the timing of feedback still feels rushed.",accessibility,negative,True,True,"Juggling with a full-time job, feeling the course is scattered when only glancing at material, plus platform quirks causing stress suggests poor accessibility/usability.",Both aspects are clearly mentioned and the negative sentiments align with the review.
94,"I’m halfway through Data Structures and I’m juggling it with a full-time job, so I only glance at the material when I need it, which makes the course feel scattered. The explanations are solid conceptually, but the examples are thin and the platform quirks stress me out more than they should. I did attend one office-hours session after a tough homework, and the quick clarifications helped a bit, but the timing of feedback still feels rushed.",__row_summary__,,True,True,supported 2/2; sentiment 2/2,Both aspects are clearly mentioned and the negative sentiments align with the review.
95,"This summer in Database Systems, I was juggling it with two other demanding courses, and the compressed pacing definitely showed up in how we covered basics. Prof. Alvarez is clear and steady, and I actually appreciated the materials—handy diagrams and concrete examples that helped me get a foothold as someone new to the discipline. The assessments felt fair but exhausting, especially since the mix didn’t always line up with what we drilled in lectures, and the tool setup demanded more time than it paid off. Email support dragged when deadlines loomed, and some policy notes felt sloppy, but overall the course got the core ideas across. I’m glad the grading felt transparent, even if I had to grit through the last couple of days.",materials,positive,True,True,"The reviewer appreciated the materials, citing handy diagrams and concrete examples that helped them.",Both declared aspect-sentiment labels are clearly supported by the review.
95,"This summer in Database Systems, I was juggling it with two other demanding courses, and the compressed pacing definitely showed up in how we covered basics. Prof. Alvarez is clear and steady, and I actually appreciated the materials—handy diagrams and concrete examples that helped me get a foothold as someone new to the discipline. The assessments felt fair but exhausting, especially since the mix didn’t always line up with what we drilled in lectures, and the tool setup demanded more time than it paid off. Email support dragged when deadlines loomed, and some policy notes felt sloppy, but overall the course got the core ideas across. I’m glad the grading felt transparent, even if I had to grit through the last couple of days.",grading_transparency,positive,True,True,They explicitly say they are glad the grading felt transparent.,Both declared aspect-sentiment labels are clearly supported by the review.
95,"This summer in Database Systems, I was juggling it with two other demanding courses, and the compressed pacing definitely showed up in how we covered basics. Prof. Alvarez is clear and steady, and I actually appreciated the materials—handy diagrams and concrete examples that helped me get a foothold as someone new to the discipline. The assessments felt fair but exhausting, especially since the mix didn’t always line up with what we drilled in lectures, and the tool setup demanded more time than it paid off. Email support dragged when deadlines loomed, and some policy notes felt sloppy, but overall the course got the core ideas across. I’m glad the grading felt transparent, even if I had to grit through the last couple of days.",__row_summary__,,True,True,supported 2/2; sentiment 2/2,Both declared aspect-sentiment labels are clearly supported by the review.
96,"The course earned a genuine curiosity from me, but the compressed summer pace and stacked deadlines piled up in a way that made it hard to feel confident about my grasp of the material. I found the group work sometimes worth it when the team clicked, though communication from staff felt sloppy at times, and I relied more on classmates than on office hours. One memorable week was the midterm sprint—finger-prick quick questions that exposed gaps I wasn’t sure I could fill.",feedback_quality,positive,False,False,"The review mentions pace, deadlines, group work, and sloppy staff communication, but does not clearly discuss feedback quality.",Both declared aspect labels are not clearly grounded in the review text.
96,"The course earned a genuine curiosity from me, but the compressed summer pace and stacked deadlines piled up in a way that made it hard to feel confident about my grasp of the material. I found the group work sometimes worth it when the team clicked, though communication from staff felt sloppy at times, and I relied more on classmates than on office hours. One memorable week was the midterm sprint—finger-prick quick questions that exposed gaps I wasn’t sure I could fill.",lecturer_quality,neutral,False,False,There is no explicit evaluation of the lecturer/instructor; only general staff communication and office hours are mentioned.,Both declared aspect labels are not clearly grounded in the review text.
96,"The course earned a genuine curiosity from me, but the compressed summer pace and stacked deadlines piled up in a way that made it hard to feel confident about my grasp of the material. I found the group work sometimes worth it when the team clicked, though communication from staff felt sloppy at times, and I relied more on classmates than on office hours. One memorable week was the midterm sprint—finger-prick quick questions that exposed gaps I wasn’t sure I could fill.",__row_summary__,,False,False,supported 0/2; sentiment 0/2,Both declared aspect labels are not clearly grounded in the review text.
97,"Calculus II with Prof. Rios was intense and left me conflicted: I had a rough midterm crunch, and the project-heavy setup felt like it demanded more tool setup for payoff than I’d expected, even though the prerequisites hold up.",workload,neutral,True,False,"The review describes the course as intense with a rough midterm crunch and heavy projects, implying negative workload rather than neutral.","The workload label’s sentiment is understated, and materials are not clearly discussed."
97,"Calculus II with Prof. Rios was intense and left me conflicted: I had a rough midterm crunch, and the project-heavy setup felt like it demanded more tool setup for payoff than I’d expected, even though the prerequisites hold up.",materials,neutral,False,False,The review mentions tool setup and prerequisites but does not clearly evaluate course materials/resources.,"The workload label’s sentiment is understated, and materials are not clearly discussed."
97,"Calculus II with Prof. Rios was intense and left me conflicted: I had a rough midterm crunch, and the project-heavy setup felt like it demanded more tool setup for payoff than I’d expected, even though the prerequisites hold up.",__row_summary__,,False,False,supported 1/2; sentiment 0/2,"The workload label’s sentiment is understated, and materials are not clearly discussed."
98,"Linear Algebra was tough to fit around my full-time job, and I still ended up failing, even though I appreciated the strong conceptual explanations. The course leaned heavy on assignments with tight deadlines, and the feedback varied a lot—some comments helped, others felt generic. I’d compare it to another course from the term where they used clearer concrete examples, which made the material feel more approachable despite the tougher grade.",tooling_usability,neutral,False,False,"The review does not mention any tools, platforms, or usability of course software.","Neither declared aspect is clearly evidenced in the review, so the sentiments cannot be validated."
98,"Linear Algebra was tough to fit around my full-time job, and I still ended up failing, even though I appreciated the strong conceptual explanations. The course leaned heavy on assignments with tight deadlines, and the feedback varied a lot—some comments helped, others felt generic. I’d compare it to another course from the term where they used clearer concrete examples, which made the material feel more approachable despite the tougher grade.",grading_transparency,negative,False,False,"The review mentions failing, tough grades, deadlines, and variable feedback, but does not discuss how grading criteria/rubrics were explained or transparent.","Neither declared aspect is clearly evidenced in the review, so the sentiments cannot be validated."
98,"Linear Algebra was tough to fit around my full-time job, and I still ended up failing, even though I appreciated the strong conceptual explanations. The course leaned heavy on assignments with tight deadlines, and the feedback varied a lot—some comments helped, others felt generic. I’d compare it to another course from the term where they used clearer concrete examples, which made the material feel more approachable despite the tougher grade.",__row_summary__,,False,False,supported 0/2; sentiment 0/2,"Neither declared aspect is clearly evidenced in the review, so the sentiments cannot be validated."
99,"I took the Machine Learning intro course mainly because I’d heard it would be useful for work, and I’m glad I can say some parts paid off, even though the experience was messy. I’m comfortable with proofs but not much of the systems side, so the early weeks felt rough as the software stack was rough at first and I spent more time chasing setup problems than actually thinking about models. The peer discussions saved me more than the official materials; a quick chat with a classmate during a long evening session helped me orient a project idea, and I found the forum threads where people compared feature pipelines actually more helpful than the lecture slides. The workload hit a rough mid-semester crunch, and there was a noticeable lack of clear, timely communication from staff about deadlines, which added to the fatigue, even though the policies themselves were fine. One concrete moment I remember: a late-night office-hours session where the TA walked me through a stubborn gradient-boosting tweak, which finally clicked after I’d nearly given up. Overall, the assessment felt fair but exhausting, and I left frustrated but still convinced some of the material was genuinely valuable.",difficulty,neutral,True,False,"The review describes the course as rough early on, a mid-semester crunch, and 'fair but exhausting,' indicating a negative/very challenging difficulty rather than neutral.","The aspect is mentioned, but the declared neutral sentiment is not faithful to the clearly high/negative difficulty described."
99,"I took the Machine Learning intro course mainly because I’d heard it would be useful for work, and I’m glad I can say some parts paid off, even though the experience was messy. I’m comfortable with proofs but not much of the systems side, so the early weeks felt rough as the software stack was rough at first and I spent more time chasing setup problems than actually thinking about models. The peer discussions saved me more than the official materials; a quick chat with a classmate during a long evening session helped me orient a project idea, and I found the forum threads where people compared feature pipelines actually more helpful than the lecture slides. The workload hit a rough mid-semester crunch, and there was a noticeable lack of clear, timely communication from staff about deadlines, which added to the fatigue, even though the policies themselves were fine. One concrete moment I remember: a late-night office-hours session where the TA walked me through a stubborn gradient-boosting tweak, which finally clicked after I’d nearly given up. Overall, the assessment felt fair but exhausting, and I left frustrated but still convinced some of the material was genuinely valuable.",__row_summary__,,True,False,supported 1/1; sentiment 0/1,"The aspect is mentioned, but the declared neutral sentiment is not faithful to the clearly high/negative difficulty described."
100,"I’m a returning student who felt a bit rusty and booked the Linear Algebra course mostly to fit my schedule, not out of pure interest. Prof. Cohen’s explanations are solid on the concepts, but the examples don’t always land for me, and I spent more time parsing the steps than actually applying the ideas. The forums helped at times, though they could feel dismissive when you’re stuck and unsure, so I relied more on peer discussion than the official materials. The workload is heavy, with report-heavy assessments that ate into deadlines, and I found I preferred working through a messy matrix problem with a friend rather than chasing the prescribed example set. Overall, I wouldn’t take it again, even though I did learn a few useful tricks along the way.",relevance,neutral,True,True,"The student took the course mainly to fit their schedule rather than interest, implying mixed/neutral relevance rather than clearly positive or negative.",The declared neutral relevance label is supported and consistent with the review.
100,"I’m a returning student who felt a bit rusty and booked the Linear Algebra course mostly to fit my schedule, not out of pure interest. Prof. Cohen’s explanations are solid on the concepts, but the examples don’t always land for me, and I spent more time parsing the steps than actually applying the ideas. The forums helped at times, though they could feel dismissive when you’re stuck and unsure, so I relied more on peer discussion than the official materials. The workload is heavy, with report-heavy assessments that ate into deadlines, and I found I preferred working through a messy matrix problem with a friend rather than chasing the prescribed example set. Overall, I wouldn’t take it again, even though I did learn a few useful tricks along the way.",__row_summary__,,True,True,supported 1/1; sentiment 1/1,The declared neutral relevance label is supported and consistent with the review.
101,"Taking OS with Dr. Miller was fine for a returning student like me who felt rusty, and the forums helped, but parts of the instructions left a lot up to interpretation; the quick feedback helped adjust, and the project deadline pattern was tolerable despite mid-semester attendance fading.",practical_application,neutral,False,False,"The review discusses forums, instructions, feedback, deadlines, and attendance, but not real-world/practical application.",One label is unsupported and the other’s sentiment is overstated versus the mixed review text.
101,"Taking OS with Dr. Miller was fine for a returning student like me who felt rusty, and the forums helped, but parts of the instructions left a lot up to interpretation; the quick feedback helped adjust, and the project deadline pattern was tolerable despite mid-semester attendance fading.",materials,positive,True,False,"Materials/instructions are mentioned as leaving a lot up to interpretation (negative), though forums helped (positive), making overall mixed rather than positive.",One label is unsupported and the other’s sentiment is overstated versus the mixed review text.
101,"Taking OS with Dr. Miller was fine for a returning student like me who felt rusty, and the forums helped, but parts of the instructions left a lot up to interpretation; the quick feedback helped adjust, and the project deadline pattern was tolerable despite mid-semester attendance fading.",__row_summary__,,False,False,supported 1/2; sentiment 0/2,One label is unsupported and the other’s sentiment is overstated versus the mixed review text.
102,"Computers Networks with Prof. Cohen felt like a required mile marker more than a vacation through something I’d randomly enjoy. The slides were serviceable but not memorable, and I ended up relying on peer discussions to actually make sense of the week’s topics; the official materials usually felt like a rough scaffold, not a full map. It’s a mid-program core course, so the pacing is tight, especially with the assignment-heavy load and frequent deadlines that piled up faster than I expected in a single week, and the timing turned into a real pressure point when the short evening sessions meant I had to squeeze practice into small windows. I think the course assumes more prior knowledge than what the blurb suggested, which left me scrambling to catch up on a few evenings, even after class; I relied on a couple of classmates to walk through the tricky parts of the network stack before moving on. One concrete memory that sticks is the weekly mini-deadline pattern that would pop up right before a long weekend, which felt like it was designed to trap you into procrastination, and the one big project requirement felt oddly detached from the quickly changing lecture examples. Overall, I can’t recommend it despite some value, especially if you’re balancing a tight schedule and not sure you’ll click with the teaching pace.",practical_application,neutral,False,False,"The review discusses pacing, workload, materials, and teaching assumptions, but does not clearly address real-world/practical application of the content.",The declared neutral label is not faithful because the aspect is not evidenced in the review.
102,"Computers Networks with Prof. Cohen felt like a required mile marker more than a vacation through something I’d randomly enjoy. The slides were serviceable but not memorable, and I ended up relying on peer discussions to actually make sense of the week’s topics; the official materials usually felt like a rough scaffold, not a full map. It’s a mid-program core course, so the pacing is tight, especially with the assignment-heavy load and frequent deadlines that piled up faster than I expected in a single week, and the timing turned into a real pressure point when the short evening sessions meant I had to squeeze practice into small windows. I think the course assumes more prior knowledge than what the blurb suggested, which left me scrambling to catch up on a few evenings, even after class; I relied on a couple of classmates to walk through the tricky parts of the network stack before moving on. One concrete memory that sticks is the weekly mini-deadline pattern that would pop up right before a long weekend, which felt like it was designed to trap you into procrastination, and the one big project requirement felt oddly detached from the quickly changing lecture examples. Overall, I can’t recommend it despite some value, especially if you’re balancing a tight schedule and not sure you’ll click with the teaching pace.",__row_summary__,,False,False,supported 0/1; sentiment 0/1,The declared neutral label is not faithful because the aspect is not evidenced in the review.
103,"Data Structures in the first semester clicked more when I studied with a small group and relied on recordings, since motivation wavered. The course handled few big assessments well, but feedback varied; I learned a lot yet didn’t enjoy the overall ride.",clarity,positive,False,False,"The review discusses motivation, study methods, and overall enjoyment, but does not clearly comment on how clear the teaching/materials were.",One label is unsupported (clarity) and the other’s sentiment is misaligned with the review’s wording.
103,"Data Structures in the first semester clicked more when I studied with a small group and relied on recordings, since motivation wavered. The course handled few big assessments well, but feedback varied; I learned a lot yet didn’t enjoy the overall ride.",assessment_design,neutral,True,False,"It says the course handled having few big assessments well (positive), though feedback varied; overall this is more positive/mixed than neutral.",One label is unsupported (clarity) and the other’s sentiment is misaligned with the review’s wording.
103,"Data Structures in the first semester clicked more when I studied with a small group and relied on recordings, since motivation wavered. The course handled few big assessments well, but feedback varied; I learned a lot yet didn’t enjoy the overall ride.",__row_summary__,,False,False,supported 1/2; sentiment 0/2,One label is unsupported (clarity) and the other’s sentiment is misaligned with the review’s wording.
104,"Calculus II was the main focus for me that term, and I stuck with nearly every lecture because the material clicked best when I kept up. Dr. Park’s explanations were strong on the concepts, but the concrete examples felt thin, so I relied a lot on my study group to fill in the gaps. The tooling setup to access practice quizzes was frustrating, and I wish the prerequisites felt more aligned with what we actually tackled week to week. The workload was fair but exhausting, especially since I took it alongside another hard class, and I’m not sure I’d tell a friend to rush in without some adjacent math already under their belt. I’d still compare it to the other course I did that term and see mixed factors.",materials,positive,True,False,"The review mentions practice quizzes and examples/materials being insufficient and frustrating to access, which is overall negative rather than positive.","The aspect is mentioned, but the declared positive sentiment is not faithful to the review."
104,"Calculus II was the main focus for me that term, and I stuck with nearly every lecture because the material clicked best when I kept up. Dr. Park’s explanations were strong on the concepts, but the concrete examples felt thin, so I relied a lot on my study group to fill in the gaps. The tooling setup to access practice quizzes was frustrating, and I wish the prerequisites felt more aligned with what we actually tackled week to week. The workload was fair but exhausting, especially since I took it alongside another hard class, and I’m not sure I’d tell a friend to rush in without some adjacent math already under their belt. I’d still compare it to the other course I did that term and see mixed factors.",__row_summary__,,True,False,supported 1/1; sentiment 0/1,"The aspect is mentioned, but the declared positive sentiment is not faithful to the review."
105,"I took Computer Networks while working full-time, and I still feel like I learned a lot even though I failed. The lectures made the concepts click at a high level, but the real-world examples were thin, and I fell behind until near the deadlines and then scrambled to catch up. The quizzes and project felt mismatched to what was actually taught, and the tooling setup in week one was a slog that lingered. I did appreciate how the prerequisites started us where we were, and office hours with the TA finally",assessment_design,positive,True,False,"The review says quizzes and project felt mismatched to what was taught, indicating a negative assessment design experience.","One label matches the review, while assessment design is mislabeled as positive despite negative comments."
105,"I took Computer Networks while working full-time, and I still feel like I learned a lot even though I failed. The lectures made the concepts click at a high level, but the real-world examples were thin, and I fell behind until near the deadlines and then scrambled to catch up. The quizzes and project felt mismatched to what was actually taught, and the tooling setup in week one was a slog that lingered. I did appreciate how the prerequisites started us where we were, and office hours with the TA finally",practical_application,negative,True,True,"The review states real-world examples were thin, which supports a negative practical application sentiment.","One label matches the review, while assessment design is mislabeled as positive despite negative comments."
105,"I took Computer Networks while working full-time, and I still feel like I learned a lot even though I failed. The lectures made the concepts click at a high level, but the real-world examples were thin, and I fell behind until near the deadlines and then scrambled to catch up. The quizzes and project felt mismatched to what was actually taught, and the tooling setup in week one was a slog that lingered. I did appreciate how the prerequisites started us where we were, and office hours with the TA finally",__row_summary__,,True,False,supported 2/2; sentiment 1/2,"One label matches the review, while assessment design is mislabeled as positive despite negative comments."
106,"I’m finishing Database Systems with Dr. Park in the last semester before graduation, mainly because it fit my schedule more than I was excited by the theory. The projects were actually where I felt I learned something practical—building queries and a small data model that I could extend after class—but the tooling setup was a pain, and those hiccups dragged deadlines out and made weeks feel longer. I’ve got a strong coding background and weak theory, so the prerequisite material built on what I knew, even if the pacing felt rushed when I started juggling this with another hard class. Feedback came fast enough to adjust, which helped, but I kept thinking I wouldn’t want to repeat this exact mix, even though the hands-on bits were useful. The biggest takeaway is that the tooling friction turned some weeks into battles, not wins.",practical_application,positive,True,True,Student says projects were where they learned something practical and hands-on bits were useful.,Both aspects are explicitly mentioned and their sentiments align with the review.
106,"I’m finishing Database Systems with Dr. Park in the last semester before graduation, mainly because it fit my schedule more than I was excited by the theory. The projects were actually where I felt I learned something practical—building queries and a small data model that I could extend after class—but the tooling setup was a pain, and those hiccups dragged deadlines out and made weeks feel longer. I’ve got a strong coding background and weak theory, so the prerequisite material built on what I knew, even if the pacing felt rushed when I started juggling this with another hard class. Feedback came fast enough to adjust, which helped, but I kept thinking I wouldn’t want to repeat this exact mix, even though the hands-on bits were useful. The biggest takeaway is that the tooling friction turned some weeks into battles, not wins.",tooling_usability,negative,True,True,Tooling setup described as a pain and friction that made weeks feel like battles.,Both aspects are explicitly mentioned and their sentiments align with the review.
106,"I’m finishing Database Systems with Dr. Park in the last semester before graduation, mainly because it fit my schedule more than I was excited by the theory. The projects were actually where I felt I learned something practical—building queries and a small data model that I could extend after class—but the tooling setup was a pain, and those hiccups dragged deadlines out and made weeks feel longer. I’ve got a strong coding background and weak theory, so the prerequisite material built on what I knew, even if the pacing felt rushed when I started juggling this with another hard class. Feedback came fast enough to adjust, which helped, but I kept thinking I wouldn’t want to repeat this exact mix, even though the hands-on bits were useful. The biggest takeaway is that the tooling friction turned some weeks into battles, not wins.",__row_summary__,,True,True,supported 2/2; sentiment 2/2,Both aspects are explicitly mentioned and their sentiments align with the review.
107,"I’m juggling a full-time job and only have short weekday evenings, so this Database Systems course felt like a push-pull between getting the basics down and not letting weeks slip by. The software stack started rough—for me, the first two weeks juggling schema design with the ORM felt clunky and I spent more time hunting around menus than understanding the core concepts—yet by around midterm it finally settled into something I could manage after a steady, small bit of daily practice. The quick feedback kept me honest enough to adjust, especially on the project where I had to implement a normalization checklist and a simple query optimizer mock; the instructor’s comments came fast enough to stop me spiraling, even when I missed a deadline here and there. One late-semester turning point sticks with me: I finally connected the dots between indexing decisions and query plans during a lab that aligned with the midterm, and that moment made the rest feel possible despite the uneven week-to-week delivery. The course builds on the stated prerequisites, and the more I forced myself into the evenings, the more the rough edges of the tooling faded into something functional, even if I still wouldn’t call the experience tidy.",tooling_usability,neutral,True,True,"Tooling is discussed as rough/clunky at first but becoming manageable/functional later; overall mixed, fitting a neutral label.",The aspect is clearly mentioned and the neutral sentiment is consistent with the mixed experience described.
107,"I’m juggling a full-time job and only have short weekday evenings, so this Database Systems course felt like a push-pull between getting the basics down and not letting weeks slip by. The software stack started rough—for me, the first two weeks juggling schema design with the ORM felt clunky and I spent more time hunting around menus than understanding the core concepts—yet by around midterm it finally settled into something I could manage after a steady, small bit of daily practice. The quick feedback kept me honest enough to adjust, especially on the project where I had to implement a normalization checklist and a simple query optimizer mock; the instructor’s comments came fast enough to stop me spiraling, even when I missed a deadline here and there. One late-semester turning point sticks with me: I finally connected the dots between indexing decisions and query plans during a lab that aligned with the midterm, and that moment made the rest feel possible despite the uneven week-to-week delivery. The course builds on the stated prerequisites, and the more I forced myself into the evenings, the more the rough edges of the tooling faded into something functional, even if I still wouldn’t call the experience tidy.",__row_summary__,,True,True,supported 1/1; sentiment 1/1,The aspect is clearly mentioned and the neutral sentiment is consistent with the mixed experience described.
108,"I took Calculus II alongside a full-time job, and it was a real juggling act, but it fit my schedule better than I expected. Dr. Chen’s slides were serviceable, not particularly memorable, yet the peer discussion sessions ended up saving me more than the official material did, especially for the integration techniques and the tricky substitution patterns. I felt the quizzes and the midterm were fair, but the pace was exhausting while also being doable if I kept up, and I remember an early lecture on partial fractions that clicked only after a frustrating hour of staring at the board. The course fills some prerequisite gaps better than I anticipated, though communication about deadlines could have been clearer. Overall, a solid fit, with some messy parts that stuck with me.",overall_experience,positive,True,True,"The reviewer calls it a solid fit and notes it met needs better than expected, despite some messy/exhausting parts.",The declared positive overall experience is supported by the review’s generally favorable conclusion with minor criticisms.
108,"I took Calculus II alongside a full-time job, and it was a real juggling act, but it fit my schedule better than I expected. Dr. Chen’s slides were serviceable, not particularly memorable, yet the peer discussion sessions ended up saving me more than the official material did, especially for the integration techniques and the tricky substitution patterns. I felt the quizzes and the midterm were fair, but the pace was exhausting while also being doable if I kept up, and I remember an early lecture on partial fractions that clicked only after a frustrating hour of staring at the board. The course fills some prerequisite gaps better than I anticipated, though communication about deadlines could have been clearer. Overall, a solid fit, with some messy parts that stuck with me.",__row_summary__,,True,True,supported 1/1; sentiment 1/1,The declared positive overall experience is supported by the review’s generally favorable conclusion with minor criticisms.
109,"First semester in OS felt intense but kind of doable; I kept it as my main focus and still fell behind a bit, then scrambled to catch up around deadlines. I liked the instructor, and the lectures moved at a decent pace, but the grading felt unclear and the tooling setup was a pain, so I relied on the forums and office hours or a TA to get through the week.",workload,neutral,True,False,"The review describes the semester as 'intense,' falling behind, and scrambling to catch up, indicating a heavy/negative workload rather than neutral.","The workload aspect is supported, but the declared neutral sentiment is not faithful to the review."
109,"First semester in OS felt intense but kind of doable; I kept it as my main focus and still fell behind a bit, then scrambled to catch up around deadlines. I liked the instructor, and the lectures moved at a decent pace, but the grading felt unclear and the tooling setup was a pain, so I relied on the forums and office hours or a TA to get through the week.",__row_summary__,,True,False,supported 1/1; sentiment 0/1,"The workload aspect is supported, but the declared neutral sentiment is not faithful to the review."
110,"I just finished Linear Algebra in my first semester, and I’m still mixed about it even though I had enough time overall. The material felt accessible in theory, but the course assumes more prior background than advertised, so I spent a lot of evenings scrambling through forums and office hours to catch up on the early proofs. I used the lecture notes and problem sets selectively—when a topic clicked I’d dive in, otherwise I’d skim and move on—which made the grading feel erratic because the report-heavy assignments piled up and I had to scramble to finish. Feedback was sparse until the deadlines hit, and by then it felt too late to actually change how I approached the next task. The tools we used were usable enough, but the accessibility outside campus hours was rough: emailed questions often sat unanswered when I needed guidance before a submission. One concrete memory sticks: the weird deadline cadence where three big tasks stacked up in two weeks and I had to juggle a mock project, a long vector-space quiz, and a late two-page reflection all at once, which left me exhausted and still unsure about where I stood in the course.",tooling_usability,neutral,True,True,"Mentions tools were 'usable enough,' indicating a neutral/okay experience.",All declared aspect-sentiment labels are supported and match the review.
110,"I just finished Linear Algebra in my first semester, and I’m still mixed about it even though I had enough time overall. The material felt accessible in theory, but the course assumes more prior background than advertised, so I spent a lot of evenings scrambling through forums and office hours to catch up on the early proofs. I used the lecture notes and problem sets selectively—when a topic clicked I’d dive in, otherwise I’d skim and move on—which made the grading feel erratic because the report-heavy assignments piled up and I had to scramble to finish. Feedback was sparse until the deadlines hit, and by then it felt too late to actually change how I approached the next task. The tools we used were usable enough, but the accessibility outside campus hours was rough: emailed questions often sat unanswered when I needed guidance before a submission. One concrete memory sticks: the weird deadline cadence where three big tasks stacked up in two weeks and I had to juggle a mock project, a long vector-space quiz, and a late two-page reflection all at once, which left me exhausted and still unsure about where I stood in the course.",accessibility,negative,True,True,"Says accessibility outside campus hours was rough and emails went unanswered, clearly negative.",All declared aspect-sentiment labels are supported and match the review.
110,"I just finished Linear Algebra in my first semester, and I’m still mixed about it even though I had enough time overall. The material felt accessible in theory, but the course assumes more prior background than advertised, so I spent a lot of evenings scrambling through forums and office hours to catch up on the early proofs. I used the lecture notes and problem sets selectively—when a topic clicked I’d dive in, otherwise I’d skim and move on—which made the grading feel erratic because the report-heavy assignments piled up and I had to scramble to finish. Feedback was sparse until the deadlines hit, and by then it felt too late to actually change how I approached the next task. The tools we used were usable enough, but the accessibility outside campus hours was rough: emailed questions often sat unanswered when I needed guidance before a submission. One concrete memory sticks: the weird deadline cadence where three big tasks stacked up in two weeks and I had to juggle a mock project, a long vector-space quiz, and a late two-page reflection all at once, which left me exhausted and still unsure about where I stood in the course.",organization,negative,True,True,"Describes erratic grading, sparse feedback timing, and stacked deadlines, indicating poor organization.",All declared aspect-sentiment labels are supported and match the review.
110,"I just finished Linear Algebra in my first semester, and I’m still mixed about it even though I had enough time overall. The material felt accessible in theory, but the course assumes more prior background than advertised, so I spent a lot of evenings scrambling through forums and office hours to catch up on the early proofs. I used the lecture notes and problem sets selectively—when a topic clicked I’d dive in, otherwise I’d skim and move on—which made the grading feel erratic because the report-heavy assignments piled up and I had to scramble to finish. Feedback was sparse until the deadlines hit, and by then it felt too late to actually change how I approached the next task. The tools we used were usable enough, but the accessibility outside campus hours was rough: emailed questions often sat unanswered when I needed guidance before a submission. One concrete memory sticks: the weird deadline cadence where three big tasks stacked up in two weeks and I had to juggle a mock project, a long vector-space quiz, and a late two-page reflection all at once, which left me exhausted and still unsure about where I stood in the course.",__row_summary__,,True,True,supported 3/3; sentiment 3/3,All declared aspect-sentiment labels are supported and match the review.
111,"Database Systems was oddly useful but not enjoyable for me. I had enough time, but my motivation was inconsistent, and the tool setup felt like a sink of effort with little payoff. The project-heavy pace and high-stakes exams kept me on edge, and communication felt sloppy at times, though the prerequisites helped when I had adjacent material to lean on.",workload,neutral,True,False,"Mentions 'project-heavy pace' and staying 'on edge,' suggesting a negative workload experience rather than neutral.",Two labels have mismatched sentiment and one aspect (grading transparency) is not evidenced in the review.
111,"Database Systems was oddly useful but not enjoyable for me. I had enough time, but my motivation was inconsistent, and the tool setup felt like a sink of effort with little payoff. The project-heavy pace and high-stakes exams kept me on edge, and communication felt sloppy at times, though the prerequisites helped when I had adjacent material to lean on.",grading_transparency,neutral,False,False,"No clear discussion of grading criteria, fairness, or transparency; only mentions high-stakes exams.",Two labels have mismatched sentiment and one aspect (grading transparency) is not evidenced in the review.
111,"Database Systems was oddly useful but not enjoyable for me. I had enough time, but my motivation was inconsistent, and the tool setup felt like a sink of effort with little payoff. The project-heavy pace and high-stakes exams kept me on edge, and communication felt sloppy at times, though the prerequisites helped when I had adjacent material to lean on.",interest,positive,True,False,"Says the course was 'not enjoyable' and motivation was inconsistent, which is overall negative despite being 'useful.'",Two labels have mismatched sentiment and one aspect (grading transparency) is not evidenced in the review.
111,"Database Systems was oddly useful but not enjoyable for me. I had enough time, but my motivation was inconsistent, and the tool setup felt like a sink of effort with little payoff. The project-heavy pace and high-stakes exams kept me on edge, and communication felt sloppy at times, though the prerequisites helped when I had adjacent material to lean on.",__row_summary__,,False,False,supported 2/3; sentiment 0/3,Two labels have mismatched sentiment and one aspect (grading transparency) is not evidenced in the review.
112,"Calculus II was a required hurdle my last semester before graduation, and with my strong coding background but weak theory, I found the jump from the prerequisites mostly on track but not consistent enough week to week. Dr. Miller presents ideas, then some weeks it clicks and others it feels like we’re chasing the tail of a proof we didn’t quite build in class, which made the pace feel uneven. The LMS and submission flow were smooth, which helped when the deadlines piled up—like three problem sets and a quiz all due in one Thursday came as a surprise and I scrambled to keep up. The mix of assessments didn’t line up with the lectures, so I spent more time reverse-engineering what the grader wanted than applying the calculus ideas, a mismatch that frustrated me given I was hoping the notes would guide me more directly. Prerequisites built on themselves in a usable way, and the course did feel like it leaned on solid foundations, but the delivery left gaps where I wished the intuition had been clearer. If I compare it to another course from the same term, this one felt more arithmetic and less conceptual, and I wouldn’t take it again, even though I did walk away with a few practical takeaways.",materials,negative,True,True,"Mentions notes not guiding directly and feeling like proofs weren’t built in class, implying course materials/notes were lacking.","Materials negativity is supported, but accessibility positivity is not evidenced in the review."
112,"Calculus II was a required hurdle my last semester before graduation, and with my strong coding background but weak theory, I found the jump from the prerequisites mostly on track but not consistent enough week to week. Dr. Miller presents ideas, then some weeks it clicks and others it feels like we’re chasing the tail of a proof we didn’t quite build in class, which made the pace feel uneven. The LMS and submission flow were smooth, which helped when the deadlines piled up—like three problem sets and a quiz all due in one Thursday came as a surprise and I scrambled to keep up. The mix of assessments didn’t line up with the lectures, so I spent more time reverse-engineering what the grader wanted than applying the calculus ideas, a mismatch that frustrated me given I was hoping the notes would guide me more directly. Prerequisites built on themselves in a usable way, and the course did feel like it leaned on solid foundations, but the delivery left gaps where I wished the intuition had been clearer. If I compare it to another course from the same term, this one felt more arithmetic and less conceptual, and I wouldn’t take it again, even though I did walk away with a few practical takeaways.",accessibility,positive,False,False,"No clear discussion of accommodations, approachability, clarity for diverse learners, or access; LMS smoothness is more about logistics than accessibility.","Materials negativity is supported, but accessibility positivity is not evidenced in the review."
112,"Calculus II was a required hurdle my last semester before graduation, and with my strong coding background but weak theory, I found the jump from the prerequisites mostly on track but not consistent enough week to week. Dr. Miller presents ideas, then some weeks it clicks and others it feels like we’re chasing the tail of a proof we didn’t quite build in class, which made the pace feel uneven. The LMS and submission flow were smooth, which helped when the deadlines piled up—like three problem sets and a quiz all due in one Thursday came as a surprise and I scrambled to keep up. The mix of assessments didn’t line up with the lectures, so I spent more time reverse-engineering what the grader wanted than applying the calculus ideas, a mismatch that frustrated me given I was hoping the notes would guide me more directly. Prerequisites built on themselves in a usable way, and the course did feel like it leaned on solid foundations, but the delivery left gaps where I wished the intuition had been clearer. If I compare it to another course from the same term, this one felt more arithmetic and less conceptual, and I wouldn’t take it again, even though I did walk away with a few practical takeaways.",__row_summary__,,False,False,supported 1/2; sentiment 1/2,"Materials negativity is supported, but accessibility positivity is not evidenced in the review."
113,"I took Computer Networks mainly because it was a required piece of the degree, and Dr. Chen’s intro sounded doable. I appreciated that the prerequisite fit felt solid for my background, and the peer discussions helped more than the official materials, which saved me a few late nights. The grading rubrics still felt vague, and the mix of assessments didn’t quite line up with what we actually saw in lectures, which left me guessing a bit about where to focus my effort. A concrete snag I remember is tooling glitches during deadline weeks that drenched our submission window—made it feel like the clock was always ticking. I managed the workload alongside a full-time job, and I did end up with a solid B that matched the effort I could commit, plus I remember office hours helping me puzzle through a tricky router-configuration example.",prerequisite_fit,positive,True,True,"The review says 'the prerequisite fit felt solid for my background,' indicating a positive prerequisite fit.",The prerequisite_fit aspect is explicitly mentioned and labeled with the correct positive sentiment.
113,"I took Computer Networks mainly because it was a required piece of the degree, and Dr. Chen’s intro sounded doable. I appreciated that the prerequisite fit felt solid for my background, and the peer discussions helped more than the official materials, which saved me a few late nights. The grading rubrics still felt vague, and the mix of assessments didn’t quite line up with what we actually saw in lectures, which left me guessing a bit about where to focus my effort. A concrete snag I remember is tooling glitches during deadline weeks that drenched our submission window—made it feel like the clock was always ticking. I managed the workload alongside a full-time job, and I did end up with a solid B that matched the effort I could commit, plus I remember office hours helping me puzzle through a tricky router-configuration example.",__row_summary__,,True,True,supported 1/1; sentiment 1/1,The prerequisite_fit aspect is explicitly mentioned and labeled with the correct positive sentiment.
114,"I’m a returning student who feels rusty, juggling a full-time job and the OS course with Prof. Haddad, and I still remember that early confusing moment in week 2 when the controller lab kept giving me garbage on the first run—it shaped how I read the rest of the term. The lectures were clear overall and paced fine, but the platform quirks and a lot of instructions left too much room for interpretation, which made the admin side feel like a maze. I found the peer discussions more helpful than the official materials, which is nice because I could vent with folks who were also trying to squeeze study time into errands and meetings. The prerequisite fit felt solid, and I could tell the track expects the basics, even if I didn’t love the randomness of some deadlines and the weird grading quirks on the project rubric. I’m not sure whether I’d recommend it yet, because I’m still weighing whether the learning momentum outweighed the stress of platform quirks and the occasional vague instruction. But I did learn a lot, even if I didn’t enjoy the ride as a whole.",exam_fairness,negative,False,False,"The review mentions grading quirks and a project rubric, but says nothing about exams or exam fairness.",Only prerequisite_fit is clearly supported with the declared sentiment; the other labels are not faithful to the text.
114,"I’m a returning student who feels rusty, juggling a full-time job and the OS course with Prof. Haddad, and I still remember that early confusing moment in week 2 when the controller lab kept giving me garbage on the first run—it shaped how I read the rest of the term. The lectures were clear overall and paced fine, but the platform quirks and a lot of instructions left too much room for interpretation, which made the admin side feel like a maze. I found the peer discussions more helpful than the official materials, which is nice because I could vent with folks who were also trying to squeeze study time into errands and meetings. The prerequisite fit felt solid, and I could tell the track expects the basics, even if I didn’t love the randomness of some deadlines and the weird grading quirks on the project rubric. I’m not sure whether I’d recommend it yet, because I’m still weighing whether the learning momentum outweighed the stress of platform quirks and the occasional vague instruction. But I did learn a lot, even if I didn’t enjoy the ride as a whole.",prerequisite_fit,positive,True,True,The reviewer says the prerequisite fit felt solid and the track expects the basics.,Only prerequisite_fit is clearly supported with the declared sentiment; the other labels are not faithful to the text.
114,"I’m a returning student who feels rusty, juggling a full-time job and the OS course with Prof. Haddad, and I still remember that early confusing moment in week 2 when the controller lab kept giving me garbage on the first run—it shaped how I read the rest of the term. The lectures were clear overall and paced fine, but the platform quirks and a lot of instructions left too much room for interpretation, which made the admin side feel like a maze. I found the peer discussions more helpful than the official materials, which is nice because I could vent with folks who were also trying to squeeze study time into errands and meetings. The prerequisite fit felt solid, and I could tell the track expects the basics, even if I didn’t love the randomness of some deadlines and the weird grading quirks on the project rubric. I’m not sure whether I’d recommend it yet, because I’m still weighing whether the learning momentum outweighed the stress of platform quirks and the occasional vague instruction. But I did learn a lot, even if I didn’t enjoy the ride as a whole.",workload,neutral,True,False,"They describe juggling a full-time job, stress, and squeezing study time, implying a heavy workload rather than neutral.",Only prerequisite_fit is clearly supported with the declared sentiment; the other labels are not faithful to the text.
114,"I’m a returning student who feels rusty, juggling a full-time job and the OS course with Prof. Haddad, and I still remember that early confusing moment in week 2 when the controller lab kept giving me garbage on the first run—it shaped how I read the rest of the term. The lectures were clear overall and paced fine, but the platform quirks and a lot of instructions left too much room for interpretation, which made the admin side feel like a maze. I found the peer discussions more helpful than the official materials, which is nice because I could vent with folks who were also trying to squeeze study time into errands and meetings. The prerequisite fit felt solid, and I could tell the track expects the basics, even if I didn’t love the randomness of some deadlines and the weird grading quirks on the project rubric. I’m not sure whether I’d recommend it yet, because I’m still weighing whether the learning momentum outweighed the stress of platform quirks and the occasional vague instruction. But I did learn a lot, even if I didn’t enjoy the ride as a whole.",__row_summary__,,False,False,supported 2/3; sentiment 1/3,Only prerequisite_fit is clearly supported with the declared sentiment; the other labels are not faithful to the text.
115,"i took Computer Networks with Dr. Singh while juggling a full-time job, and it did feel more useful in practice than I expected, especially when deadlines piled up. at first I struggled with the prerequisite pace and found the official materials a bit thin, but peer discussion helped me grok the core ideas enough to push through the midterms. grading felt vague and the quick feedback between submissions wasn’t always enough to guide me, yet the scores came fast enough that I could adjust, even if i stayed tired and resigned about the whole thing. the thing i’ll remember is the late-night group chat where people compared notes on subnetting, which helped more than the official slides ever did.",peer_interaction,neutral,True,False,"Peer discussion and a late-night group chat are described as very helpful (positive), not neutral.","Both aspects are mentioned, but the declared sentiments do not align with the review."
115,"i took Computer Networks with Dr. Singh while juggling a full-time job, and it did feel more useful in practice than I expected, especially when deadlines piled up. at first I struggled with the prerequisite pace and found the official materials a bit thin, but peer discussion helped me grok the core ideas enough to push through the midterms. grading felt vague and the quick feedback between submissions wasn’t always enough to guide me, yet the scores came fast enough that I could adjust, even if i stayed tired and resigned about the whole thing. the thing i’ll remember is the late-night group chat where people compared notes on subnetting, which helped more than the official slides ever did.",organization,positive,True,False,"Deadlines piling up, vague grading, thin materials, and insufficient feedback suggest poor course organization/structure, not positive.","Both aspects are mentioned, but the declared sentiments do not align with the review."
115,"i took Computer Networks with Dr. Singh while juggling a full-time job, and it did feel more useful in practice than I expected, especially when deadlines piled up. at first I struggled with the prerequisite pace and found the official materials a bit thin, but peer discussion helped me grok the core ideas enough to push through the midterms. grading felt vague and the quick feedback between submissions wasn’t always enough to guide me, yet the scores came fast enough that I could adjust, even if i stayed tired and resigned about the whole thing. the thing i’ll remember is the late-night group chat where people compared notes on subnetting, which helped more than the official slides ever did.",__row_summary__,,True,False,supported 2/2; sentiment 0/2,"Both aspects are mentioned, but the declared sentiments do not align with the review."
116,"Machine Learning with Prof. Alvarez was my last semester before graduation, and I’m still unsettled by a few things. The explanations were strong on concepts, which helped me get through the midterm topics, but the examples felt thin—like we skimmed over real-world setups and never got to see how the pieces fit in a project, which left me juggling abstractions with a lot of hand-waving. Tooling setup was frustrating from day one: setting up the environment and getting the remote notebook to talk to the data sink felt like a minor obstacle that grew into a time sink, and it foiled my momentum a couple of nights before deadlines. Grading came with a curve, and while I ended up in the A range, the feedback arrived quickly but often left me with only terse explanations for where I went wrong. Collaboration expectations weren’t clear either—our group was told to split tasks, then reassigned mid-cycle with vague justification, which made the process feel more chaotic than it needed to be. Still, I appreciated the lecturer’s ability to keep the big ideas in view, even as certain administrative frictions kept gnawing at my focus. If you’re aiming to really understand the theory, this course can land you there, but be prepared to navigate some rough edges outside the classroom.",difficulty,neutral,False,False,"The review discusses concepts, tooling, grading, and collaboration, but does not clearly characterize overall course difficulty.","Two aspects are supported but their sentiments are mis-labeled, and difficulty is not clearly addressed."
116,"Machine Learning with Prof. Alvarez was my last semester before graduation, and I’m still unsettled by a few things. The explanations were strong on concepts, which helped me get through the midterm topics, but the examples felt thin—like we skimmed over real-world setups and never got to see how the pieces fit in a project, which left me juggling abstractions with a lot of hand-waving. Tooling setup was frustrating from day one: setting up the environment and getting the remote notebook to talk to the data sink felt like a minor obstacle that grew into a time sink, and it foiled my momentum a couple of nights before deadlines. Grading came with a curve, and while I ended up in the A range, the feedback arrived quickly but often left me with only terse explanations for where I went wrong. Collaboration expectations weren’t clear either—our group was told to split tasks, then reassigned mid-cycle with vague justification, which made the process feel more chaotic than it needed to be. Still, I appreciated the lecturer’s ability to keep the big ideas in view, even as certain administrative frictions kept gnawing at my focus. If you’re aiming to really understand the theory, this course can land you there, but be prepared to navigate some rough edges outside the classroom.",materials,neutral,True,False,"The reviewer says concept explanations were strong but examples were thin and lacked real-world/project context, implying a mixed/negative view rather than neutral.","Two aspects are supported but their sentiments are mis-labeled, and difficulty is not clearly addressed."
116,"Machine Learning with Prof. Alvarez was my last semester before graduation, and I’m still unsettled by a few things. The explanations were strong on concepts, which helped me get through the midterm topics, but the examples felt thin—like we skimmed over real-world setups and never got to see how the pieces fit in a project, which left me juggling abstractions with a lot of hand-waving. Tooling setup was frustrating from day one: setting up the environment and getting the remote notebook to talk to the data sink felt like a minor obstacle that grew into a time sink, and it foiled my momentum a couple of nights before deadlines. Grading came with a curve, and while I ended up in the A range, the feedback arrived quickly but often left me with only terse explanations for where I went wrong. Collaboration expectations weren’t clear either—our group was told to split tasks, then reassigned mid-cycle with vague justification, which made the process feel more chaotic than it needed to be. Still, I appreciated the lecturer’s ability to keep the big ideas in view, even as certain administrative frictions kept gnawing at my focus. If you’re aiming to really understand the theory, this course can land you there, but be prepared to navigate some rough edges outside the classroom.",lecturer_quality,neutral,True,False,"They praise the lecturer’s explanations and ability to keep big ideas in view, which is overall positive (despite admin frictions), not neutral.","Two aspects are supported but their sentiments are mis-labeled, and difficulty is not clearly addressed."
116,"Machine Learning with Prof. Alvarez was my last semester before graduation, and I’m still unsettled by a few things. The explanations were strong on concepts, which helped me get through the midterm topics, but the examples felt thin—like we skimmed over real-world setups and never got to see how the pieces fit in a project, which left me juggling abstractions with a lot of hand-waving. Tooling setup was frustrating from day one: setting up the environment and getting the remote notebook to talk to the data sink felt like a minor obstacle that grew into a time sink, and it foiled my momentum a couple of nights before deadlines. Grading came with a curve, and while I ended up in the A range, the feedback arrived quickly but often left me with only terse explanations for where I went wrong. Collaboration expectations weren’t clear either—our group was told to split tasks, then reassigned mid-cycle with vague justification, which made the process feel more chaotic than it needed to be. Still, I appreciated the lecturer’s ability to keep the big ideas in view, even as certain administrative frictions kept gnawing at my focus. If you’re aiming to really understand the theory, this course can land you there, but be prepared to navigate some rough edges outside the classroom.",__row_summary__,,False,False,supported 2/3; sentiment 0/3,"Two aspects are supported but their sentiments are mis-labeled, and difficulty is not clearly addressed."
117,"Calculus II, with Prof. Haddad, felt like I spent most of the term wading through murky notes and vague directions, somehow barely keeping up while juggling a full-time job. The lectures were a mix of decent explanations and vague breadcrumbs, and the materials undercut their usefulness with PDF handouts that felt like they were stitched together last minute and never fully aligned with what we actually needed for the weekly quizzes. The feedback came in sparse bursts and then, when I needed it most, it was already too late to salvage the week’s confusion. Group work added some value when the team actually functioned, but half the time we strolled into the room with unclear goals and everyone did their own thing anyway. I’m not sure the prerequisites were misled by the way they built on them; it did connect to the prior stuff, but the path forward felt inconsistent and left room for interpretation, which was annoying. One memorable week—an intense exam week—still sticks with me because I managed to pull a barely passing grade while juggling full-time work, and the memory of that pressure sticks longer than any neat, tidy summary of what I learned.",materials,negative,True,True,"Complains about murky notes, stitched-together PDF handouts, and misalignment with quizzes.","Materials and support labels fit the text, but difficulty is portrayed as negative rather than neutral."
117,"Calculus II, with Prof. Haddad, felt like I spent most of the term wading through murky notes and vague directions, somehow barely keeping up while juggling a full-time job. The lectures were a mix of decent explanations and vague breadcrumbs, and the materials undercut their usefulness with PDF handouts that felt like they were stitched together last minute and never fully aligned with what we actually needed for the weekly quizzes. The feedback came in sparse bursts and then, when I needed it most, it was already too late to salvage the week’s confusion. Group work added some value when the team actually functioned, but half the time we strolled into the room with unclear goals and everyone did their own thing anyway. I’m not sure the prerequisites were misled by the way they built on them; it did connect to the prior stuff, but the path forward felt inconsistent and left room for interpretation, which was annoying. One memorable week—an intense exam week—still sticks with me because I managed to pull a barely passing grade while juggling full-time work, and the memory of that pressure sticks longer than any neat, tidy summary of what I learned.",difficulty,neutral,True,False,"Describes barely keeping up, intense exam pressure, and juggling work, implying high difficulty rather than neutral.","Materials and support labels fit the text, but difficulty is portrayed as negative rather than neutral."
117,"Calculus II, with Prof. Haddad, felt like I spent most of the term wading through murky notes and vague directions, somehow barely keeping up while juggling a full-time job. The lectures were a mix of decent explanations and vague breadcrumbs, and the materials undercut their usefulness with PDF handouts that felt like they were stitched together last minute and never fully aligned with what we actually needed for the weekly quizzes. The feedback came in sparse bursts and then, when I needed it most, it was already too late to salvage the week’s confusion. Group work added some value when the team actually functioned, but half the time we strolled into the room with unclear goals and everyone did their own thing anyway. I’m not sure the prerequisites were misled by the way they built on them; it did connect to the prior stuff, but the path forward felt inconsistent and left room for interpretation, which was annoying. One memorable week—an intense exam week—still sticks with me because I managed to pull a barely passing grade while juggling full-time work, and the memory of that pressure sticks longer than any neat, tidy summary of what I learned.",support,negative,True,True,"Mentions sparse/late feedback and vague directions, indicating poor instructional support.","Materials and support labels fit the text, but difficulty is portrayed as negative rather than neutral."
117,"Calculus II, with Prof. Haddad, felt like I spent most of the term wading through murky notes and vague directions, somehow barely keeping up while juggling a full-time job. The lectures were a mix of decent explanations and vague breadcrumbs, and the materials undercut their usefulness with PDF handouts that felt like they were stitched together last minute and never fully aligned with what we actually needed for the weekly quizzes. The feedback came in sparse bursts and then, when I needed it most, it was already too late to salvage the week’s confusion. Group work added some value when the team actually functioned, but half the time we strolled into the room with unclear goals and everyone did their own thing anyway. I’m not sure the prerequisites were misled by the way they built on them; it did connect to the prior stuff, but the path forward felt inconsistent and left room for interpretation, which was annoying. One memorable week—an intense exam week—still sticks with me because I managed to pull a barely passing grade while juggling full-time work, and the memory of that pressure sticks longer than any neat, tidy summary of what I learned.",__row_summary__,,True,False,supported 3/3; sentiment 2/3,"Materials and support labels fit the text, but difficulty is portrayed as negative rather than neutral."
118,"Taking Cyber Security Basics with Prof. Haddad, I came in genuinely curious but it felt like the pace alternated between steady and sprint, especially in weeks with heavier labs. The group work helped when everyone pulled their weight, but the team I landed with didn’t always sync, which made some sessions drag. I’m new to the discipline and I think the course assumes a bit more prior knowledge than advertised, so I kept chasing basics while trying to keep up with tougher problem sets. The grading comments are thorough, but the turnaround is slow, which left me doubting where I stood. For example, the midterm format felt fair on paper but the questions leaned on topics I hadn’t quite mastered yet. Overall I learned a lot, even if I didn’t enjoy the ride.",pacing,positive,True,False,"The reviewer says the pace alternated between steady and sprint and was harder during heavy lab weeks, which is mixed/negative rather than positive.","Two labels match the review, but pacing is misclassified as positive despite mixed/negative pacing remarks."
118,"Taking Cyber Security Basics with Prof. Haddad, I came in genuinely curious but it felt like the pace alternated between steady and sprint, especially in weeks with heavier labs. The group work helped when everyone pulled their weight, but the team I landed with didn’t always sync, which made some sessions drag. I’m new to the discipline and I think the course assumes a bit more prior knowledge than advertised, so I kept chasing basics while trying to keep up with tougher problem sets. The grading comments are thorough, but the turnaround is slow, which left me doubting where I stood. For example, the midterm format felt fair on paper but the questions leaned on topics I hadn’t quite mastered yet. Overall I learned a lot, even if I didn’t enjoy the ride.",exam_fairness,negative,True,True,"They say the midterm felt fair on paper but questions leaned on topics they hadn’t mastered, indicating a negative experience with exam fairness.","Two labels match the review, but pacing is misclassified as positive despite mixed/negative pacing remarks."
118,"Taking Cyber Security Basics with Prof. Haddad, I came in genuinely curious but it felt like the pace alternated between steady and sprint, especially in weeks with heavier labs. The group work helped when everyone pulled their weight, but the team I landed with didn’t always sync, which made some sessions drag. I’m new to the discipline and I think the course assumes a bit more prior knowledge than advertised, so I kept chasing basics while trying to keep up with tougher problem sets. The grading comments are thorough, but the turnaround is slow, which left me doubting where I stood. For example, the midterm format felt fair on paper but the questions leaned on topics I hadn’t quite mastered yet. Overall I learned a lot, even if I didn’t enjoy the ride.",prerequisite_fit,negative,True,True,"They felt the course assumed more prior knowledge than advertised and they had to chase basics, which is negative for prerequisite fit.","Two labels match the review, but pacing is misclassified as positive despite mixed/negative pacing remarks."
118,"Taking Cyber Security Basics with Prof. Haddad, I came in genuinely curious but it felt like the pace alternated between steady and sprint, especially in weeks with heavier labs. The group work helped when everyone pulled their weight, but the team I landed with didn’t always sync, which made some sessions drag. I’m new to the discipline and I think the course assumes a bit more prior knowledge than advertised, so I kept chasing basics while trying to keep up with tougher problem sets. The grading comments are thorough, but the turnaround is slow, which left me doubting where I stood. For example, the midterm format felt fair on paper but the questions leaned on topics I hadn’t quite mastered yet. Overall I learned a lot, even if I didn’t enjoy the ride.",__row_summary__,,True,False,supported 3/3; sentiment 2/3,"Two labels match the review, but pacing is misclassified as positive despite mixed/negative pacing remarks."
119,"I’m a full-time worker with only a few hours a week to spare, and this intro ML course with Dr. Park strangely fit that pace better than I expected. The recordings and notes were my lifeline, and I felt accessibility mostly nailed, since I could pause, rewatch, and catch up without feeling lost even when I missed live sessions. The biggest win for me was how the course filled in gaps in my prerequisite knowledge—suddenly the math felt less like a barrier and more like a set of tools I could actually use, which kept me going through the week-long assignment crush. Yet the week-to-week deadline cadence was rough: lots of quick-turn tasks with fast feedback, which would be great if the explanations that came with the scores actually unpacked more than a line or two. Some tooling hiccups made those deadline weeks feel even heavier, like the compiler or notebook occasionally froze right when I hit a submission window, and that added unnecessary stress. There was a memorable exam week that stuck with me—the format was practical and felt like a real check of the basics, even if I didn’t enjoy every moment of slog. Overall I’d still recommend it broadly, especially if you juggle other commitments, though I wish the admin side were a tad smoother.",accessibility,positive,True,True,"Student says recordings/notes were a lifeline and accessibility was mostly nailed, enabling pausing/rewatching/catching up.",The review clearly supports a positive (mostly) accessibility sentiment.
119,"I’m a full-time worker with only a few hours a week to spare, and this intro ML course with Dr. Park strangely fit that pace better than I expected. The recordings and notes were my lifeline, and I felt accessibility mostly nailed, since I could pause, rewatch, and catch up without feeling lost even when I missed live sessions. The biggest win for me was how the course filled in gaps in my prerequisite knowledge—suddenly the math felt less like a barrier and more like a set of tools I could actually use, which kept me going through the week-long assignment crush. Yet the week-to-week deadline cadence was rough: lots of quick-turn tasks with fast feedback, which would be great if the explanations that came with the scores actually unpacked more than a line or two. Some tooling hiccups made those deadline weeks feel even heavier, like the compiler or notebook occasionally froze right when I hit a submission window, and that added unnecessary stress. There was a memorable exam week that stuck with me—the format was practical and felt like a real check of the basics, even if I didn’t enjoy every moment of slog. Overall I’d still recommend it broadly, especially if you juggle other commitments, though I wish the admin side were a tad smoother.",__row_summary__,,True,True,supported 1/1; sentiment 1/1,The review clearly supports a positive (mostly) accessibility sentiment.
120,"Data Structures overall felt manageable in pacing, which was a relief since I’m in my first semester and still catching up on some theory. I came in with a strong coding background, but the syllabus seemed to assume more prior knowledge than advertised, which left me scrambling at times to keep up with the week’s quick switch between trees, graphs, and memory layouts. The midterm felt fair in scope yet exhausting, especially because the tooling hiccups and deadline weeks dragged on, making the pace feel like it was always one step ahead of our energy. There was a concrete project—the small graph implementation—that I actually remembered, but the weekly lectures didn’t always align, and the grading seemed to penalize moments of confusion rather than reward attempts. Overall, I’m tired and a bit resigned, but I did finish with a clearer sense of how the data structures fit into real code, even if the ride was rough.",pacing,positive,True,False,"The review is mixed but leans negative: it mentions manageable pacing initially, yet repeatedly says the pace was quick, assumed too much prior knowledge, and felt always ahead of students’ energy.","The pacing aspect is discussed, but labeling it purely positive is not faithful to the overall pacing sentiment."
120,"Data Structures overall felt manageable in pacing, which was a relief since I’m in my first semester and still catching up on some theory. I came in with a strong coding background, but the syllabus seemed to assume more prior knowledge than advertised, which left me scrambling at times to keep up with the week’s quick switch between trees, graphs, and memory layouts. The midterm felt fair in scope yet exhausting, especially because the tooling hiccups and deadline weeks dragged on, making the pace feel like it was always one step ahead of our energy. There was a concrete project—the small graph implementation—that I actually remembered, but the weekly lectures didn’t always align, and the grading seemed to penalize moments of confusion rather than reward attempts. Overall, I’m tired and a bit resigned, but I did finish with a clearer sense of how the data structures fit into real code, even if the ride was rough.",__row_summary__,,True,False,supported 1/1; sentiment 0/1,"The pacing aspect is discussed, but labeling it purely positive is not faithful to the overall pacing sentiment."
121,"Last semester I focused on Data Structures as my main course, since it’s a required track fit and supposedly useful for industry work. The quick feedback helped me adjust, but instructions felt vague at times and I spent more time interpreting them than I’d like; emails about deadlines dragged a bit when I needed faster reassurance. The mid-semester crunch left me fraying, and a small project with a circular linked list felt like the right amount of challenge, though I’d trade for clearer grading notes.",lecturer_quality,neutral,True,False,"Mentions quick feedback (positive) but also vague instructions and slow email reassurance (negative), so overall leans negative/mixed rather than neutral.","Both aspects are discussed, but the sentiments are more negative/mixed than the declared neutral labels."
121,"Last semester I focused on Data Structures as my main course, since it’s a required track fit and supposedly useful for industry work. The quick feedback helped me adjust, but instructions felt vague at times and I spent more time interpreting them than I’d like; emails about deadlines dragged a bit when I needed faster reassurance. The mid-semester crunch left me fraying, and a small project with a circular linked list felt like the right amount of challenge, though I’d trade for clearer grading notes.",grading_transparency,neutral,True,False,"Explicitly wants clearer grading notes, indicating dissatisfaction with grading clarity (negative), not neutral.","Both aspects are discussed, but the sentiments are more negative/mixed than the declared neutral labels."
121,"Last semester I focused on Data Structures as my main course, since it’s a required track fit and supposedly useful for industry work. The quick feedback helped me adjust, but instructions felt vague at times and I spent more time interpreting them than I’d like; emails about deadlines dragged a bit when I needed faster reassurance. The mid-semester crunch left me fraying, and a small project with a circular linked list felt like the right amount of challenge, though I’d trade for clearer grading notes.",__row_summary__,,True,False,supported 2/2; sentiment 0/2,"Both aspects are discussed, but the sentiments are more negative/mixed than the declared neutral labels."
122,"Calculus II with Prof. Haddad was a mixed bag for me as a returning student who still feels rusty. I leaned heavily on the recordings and notes because the live sessions felt hard to absorb in the moment, and the platform quirks added a layer of stress I didn’t need—misbehaving video controls and occasional login hiccups during a rushed week didn’t help my focus. The project-heavy structure and high-stakes exams pushed me to stay on top of every detail, but the grading rubric felt vague, so I spent more time second-guessing what counted toward the final than actually practicing the core techniques. TAs were responsive and practical, which saved some anxiety, but the overall vibe was still “learn by slog” rather than guided mastery. I did pick up a lot of material, even if I disliked the friction of the process, and I appreciated the chance to reconnect with ideas that used to click in calc I, though the path there was bumpy. If I had to name one concrete quirk I’ll remember, it’s the way the midterm and the project deadlines sometimes lined up with campus events in a way that forced me to rush sections I’d only partially digest. Overall, I’m not sure I’d comfortably recommend it without a stronger belief you can tolerate the platform and the rubric.",materials,negative,True,False,"The reviewer says they leaned heavily on recordings and notes (helpful), while live sessions/platform caused stress; overall this reads mixed rather than clearly negative about materials.","Both aspects are mentioned, but the declared sentiments do not faithfully match the review."
122,"Calculus II with Prof. Haddad was a mixed bag for me as a returning student who still feels rusty. I leaned heavily on the recordings and notes because the live sessions felt hard to absorb in the moment, and the platform quirks added a layer of stress I didn’t need—misbehaving video controls and occasional login hiccups during a rushed week didn’t help my focus. The project-heavy structure and high-stakes exams pushed me to stay on top of every detail, but the grading rubric felt vague, so I spent more time second-guessing what counted toward the final than actually practicing the core techniques. TAs were responsive and practical, which saved some anxiety, but the overall vibe was still “learn by slog” rather than guided mastery. I did pick up a lot of material, even if I disliked the friction of the process, and I appreciated the chance to reconnect with ideas that used to click in calc I, though the path there was bumpy. If I had to name one concrete quirk I’ll remember, it’s the way the midterm and the project deadlines sometimes lined up with campus events in a way that forced me to rush sections I’d only partially digest. Overall, I’m not sure I’d comfortably recommend it without a stronger belief you can tolerate the platform and the rubric.",grading_transparency,neutral,True,False,"They explicitly say the grading rubric felt vague and caused second-guessing, which is negative, not neutral.","Both aspects are mentioned, but the declared sentiments do not faithfully match the review."
122,"Calculus II with Prof. Haddad was a mixed bag for me as a returning student who still feels rusty. I leaned heavily on the recordings and notes because the live sessions felt hard to absorb in the moment, and the platform quirks added a layer of stress I didn’t need—misbehaving video controls and occasional login hiccups during a rushed week didn’t help my focus. The project-heavy structure and high-stakes exams pushed me to stay on top of every detail, but the grading rubric felt vague, so I spent more time second-guessing what counted toward the final than actually practicing the core techniques. TAs were responsive and practical, which saved some anxiety, but the overall vibe was still “learn by slog” rather than guided mastery. I did pick up a lot of material, even if I disliked the friction of the process, and I appreciated the chance to reconnect with ideas that used to click in calc I, though the path there was bumpy. If I had to name one concrete quirk I’ll remember, it’s the way the midterm and the project deadlines sometimes lined up with campus events in a way that forced me to rush sections I’d only partially digest. Overall, I’m not sure I’d comfortably recommend it without a stronger belief you can tolerate the platform and the rubric.",__row_summary__,,True,False,supported 2/2; sentiment 0/2,"Both aspects are mentioned, but the declared sentiments do not faithfully match the review."
123,"The Machine Learning course felt useful enough, but not exactly enjoyable. I mostly relied on recordings and notes, juggling it alongside a full-time job, and some weeks the feedback on assignments varied a lot in quality. The stack started rough but got manageable, and it helped that I had some adjacent material already under my belt; otherwise I’d have struggled with the basics.",practical_application,neutral,False,False,"The review says the course felt ""useful enough"" but does not clearly discuss real-world or practical application specifically.",The label is not clearly grounded in explicit mentions of practical application in the review.
123,"The Machine Learning course felt useful enough, but not exactly enjoyable. I mostly relied on recordings and notes, juggling it alongside a full-time job, and some weeks the feedback on assignments varied a lot in quality. The stack started rough but got manageable, and it helped that I had some adjacent material already under my belt; otherwise I’d have struggled with the basics.",__row_summary__,,False,False,supported 0/1; sentiment 0/1,The label is not clearly grounded in explicit mentions of practical application in the review.
124,"I started Machine Learning out of genuine curiosity, but the ramp-up felt sharp and the tooling setup was a hassle, so deadlines dragged during weeks with two hard courses. I kept up with nearly every lecture, yet an early confusion about gradients still sticks.",exam_fairness,neutral,False,False,"The review discusses ramp-up difficulty, tooling setup, deadlines, and confusion about gradients, but says nothing about exams or their fairness.",The declared exam_fairness label is not supported by the review text.
124,"I started Machine Learning out of genuine curiosity, but the ramp-up felt sharp and the tooling setup was a hassle, so deadlines dragged during weeks with two hard courses. I kept up with nearly every lecture, yet an early confusion about gradients still sticks.",__row_summary__,,False,False,supported 0/1; sentiment 0/1,The declared exam_fairness label is not supported by the review text.
125,"Dr. Chen’s Cyber Security Basics kept me on track this term because I scheduled it to be my main focus, and I did manage to attend nearly every lecture, which helped despite the project-heavy setup. The materials were solid—clear slides, decent pacing, and I actually used the weekly reading prompts to sanity-check my own notes. What wore on me was the administrative side: the instructions left too much room for interpretation, and collaboration expectations felt hazy, so I spent more time guessing what the group was supposed to deliver than actually coding away. The turning point came late in the term when the final project brief dropped a few last-minute tweaks, and I realized the high-stakes exams were looming even as we were still figuring out who was doing what for the milestone deliverables. I appreciated the direct, analytic vibe in the lectures, but the overall experience felt a bit under-supported, like the guidance didn’t translate into a concrete path for teamwork or the grading quirks. If I had to name one concrete memory, it’s the moment I finally nailed the threat-model quiz after three attempts, which made the long slog feel worth it.",overall_experience,neutral,True,False,The review mixes solid materials/lectures with significant frustration about unclear instructions and under-support; overall reads more negative than neutral.,"Materials are accurately labeled positive and support negative, but the overall experience label understates the negativity."
125,"Dr. Chen’s Cyber Security Basics kept me on track this term because I scheduled it to be my main focus, and I did manage to attend nearly every lecture, which helped despite the project-heavy setup. The materials were solid—clear slides, decent pacing, and I actually used the weekly reading prompts to sanity-check my own notes. What wore on me was the administrative side: the instructions left too much room for interpretation, and collaboration expectations felt hazy, so I spent more time guessing what the group was supposed to deliver than actually coding away. The turning point came late in the term when the final project brief dropped a few last-minute tweaks, and I realized the high-stakes exams were looming even as we were still figuring out who was doing what for the milestone deliverables. I appreciated the direct, analytic vibe in the lectures, but the overall experience felt a bit under-supported, like the guidance didn’t translate into a concrete path for teamwork or the grading quirks. If I had to name one concrete memory, it’s the moment I finally nailed the threat-model quiz after three attempts, which made the long slog feel worth it.",materials,positive,True,True,"Calls the materials solid with clear slides, decent pacing, and useful reading prompts.","Materials are accurately labeled positive and support negative, but the overall experience label understates the negativity."
125,"Dr. Chen’s Cyber Security Basics kept me on track this term because I scheduled it to be my main focus, and I did manage to attend nearly every lecture, which helped despite the project-heavy setup. The materials were solid—clear slides, decent pacing, and I actually used the weekly reading prompts to sanity-check my own notes. What wore on me was the administrative side: the instructions left too much room for interpretation, and collaboration expectations felt hazy, so I spent more time guessing what the group was supposed to deliver than actually coding away. The turning point came late in the term when the final project brief dropped a few last-minute tweaks, and I realized the high-stakes exams were looming even as we were still figuring out who was doing what for the milestone deliverables. I appreciated the direct, analytic vibe in the lectures, but the overall experience felt a bit under-supported, like the guidance didn’t translate into a concrete path for teamwork or the grading quirks. If I had to name one concrete memory, it’s the moment I finally nailed the threat-model quiz after three attempts, which made the long slog feel worth it.",support,negative,True,True,Describes the experience as under-supported with hazy collaboration expectations and unclear guidance/grading quirks.,"Materials are accurately labeled positive and support negative, but the overall experience label understates the negativity."
125,"Dr. Chen’s Cyber Security Basics kept me on track this term because I scheduled it to be my main focus, and I did manage to attend nearly every lecture, which helped despite the project-heavy setup. The materials were solid—clear slides, decent pacing, and I actually used the weekly reading prompts to sanity-check my own notes. What wore on me was the administrative side: the instructions left too much room for interpretation, and collaboration expectations felt hazy, so I spent more time guessing what the group was supposed to deliver than actually coding away. The turning point came late in the term when the final project brief dropped a few last-minute tweaks, and I realized the high-stakes exams were looming even as we were still figuring out who was doing what for the milestone deliverables. I appreciated the direct, analytic vibe in the lectures, but the overall experience felt a bit under-supported, like the guidance didn’t translate into a concrete path for teamwork or the grading quirks. If I had to name one concrete memory, it’s the moment I finally nailed the threat-model quiz after three attempts, which made the long slog feel worth it.",__row_summary__,,True,False,supported 3/3; sentiment 2/3,"Materials are accurately labeled positive and support negative, but the overall experience label understates the negativity."
126,"I’m in the middle of this Data Structures course and I’m honestly just trying to survive a heavy semester while learning the basics I should have already learned last year, since this is the specialization prerequisite for me. My biggest gripe is the quality of feedback: it often feels rushed or generic, like I’m being told I’m wrong rather than being shown a clear path to fix it. The support is better, though—students help each other out a lot, and I’ve had a few quick clarifications from peers that saved me on a few tricky recursion examples. The instruction delivery feels uneven week to week, with some lectures dragging on and then a sudden sprint through a concept right before a deadline, which leaves me chasing the material instead of absorbing it. Setup tooling and the course website are frustrating at times, and I’m still wrestling with getting the IDE configured across my laptop and campus account. I fell behind and caught up around deadlines, which made the pacing feel tolerable only by clutching onto friends’ notes and the occasional weak nudge from the instructor. Overall it’s imperfect, but I’m pushing through.",feedback_quality,negative,True,True,Reviewer says feedback feels rushed/generic and not helpful for fixing mistakes.,"Two labels match clearly, but the clarity label understates negative remarks about uneven instruction and understanding."
126,"I’m in the middle of this Data Structures course and I’m honestly just trying to survive a heavy semester while learning the basics I should have already learned last year, since this is the specialization prerequisite for me. My biggest gripe is the quality of feedback: it often feels rushed or generic, like I’m being told I’m wrong rather than being shown a clear path to fix it. The support is better, though—students help each other out a lot, and I’ve had a few quick clarifications from peers that saved me on a few tricky recursion examples. The instruction delivery feels uneven week to week, with some lectures dragging on and then a sudden sprint through a concept right before a deadline, which leaves me chasing the material instead of absorbing it. Setup tooling and the course website are frustrating at times, and I’m still wrestling with getting the IDE configured across my laptop and campus account. I fell behind and caught up around deadlines, which made the pacing feel tolerable only by clutching onto friends’ notes and the occasional weak nudge from the instructor. Overall it’s imperfect, but I’m pushing through.",support,positive,True,True,Reviewer notes strong peer help and quick clarifications that were useful.,"Two labels match clearly, but the clarity label understates negative remarks about uneven instruction and understanding."
126,"I’m in the middle of this Data Structures course and I’m honestly just trying to survive a heavy semester while learning the basics I should have already learned last year, since this is the specialization prerequisite for me. My biggest gripe is the quality of feedback: it often feels rushed or generic, like I’m being told I’m wrong rather than being shown a clear path to fix it. The support is better, though—students help each other out a lot, and I’ve had a few quick clarifications from peers that saved me on a few tricky recursion examples. The instruction delivery feels uneven week to week, with some lectures dragging on and then a sudden sprint through a concept right before a deadline, which leaves me chasing the material instead of absorbing it. Setup tooling and the course website are frustrating at times, and I’m still wrestling with getting the IDE configured across my laptop and campus account. I fell behind and caught up around deadlines, which made the pacing feel tolerable only by clutching onto friends’ notes and the occasional weak nudge from the instructor. Overall it’s imperfect, but I’m pushing through.",clarity,neutral,True,False,"They describe uneven instruction delivery that leaves them chasing material, implying negative clarity rather than neutral.","Two labels match clearly, but the clarity label understates negative remarks about uneven instruction and understanding."
126,"I’m in the middle of this Data Structures course and I’m honestly just trying to survive a heavy semester while learning the basics I should have already learned last year, since this is the specialization prerequisite for me. My biggest gripe is the quality of feedback: it often feels rushed or generic, like I’m being told I’m wrong rather than being shown a clear path to fix it. The support is better, though—students help each other out a lot, and I’ve had a few quick clarifications from peers that saved me on a few tricky recursion examples. The instruction delivery feels uneven week to week, with some lectures dragging on and then a sudden sprint through a concept right before a deadline, which leaves me chasing the material instead of absorbing it. Setup tooling and the course website are frustrating at times, and I’m still wrestling with getting the IDE configured across my laptop and campus account. I fell behind and caught up around deadlines, which made the pacing feel tolerable only by clutching onto friends’ notes and the occasional weak nudge from the instructor. Overall it’s imperfect, but I’m pushing through.",__row_summary__,,True,False,supported 3/3; sentiment 2/3,"Two labels match clearly, but the clarity label understates negative remarks about uneven instruction and understanding."
127,"The Operating Systems course fit my evenings but the pacing in the summer term was brutal, with deadlines stacked up and the exams looming after a short, compressed block. Slides were serviceable but not memorable, and the feedback on assignments was all over the place—some were quick and helpful, others vague. It helps to study with a group, since solo work felt like dragging a ton of friction; I’d only recommend it if you’ve got that back-pocket study squad and aren’t aiming for top marks without some serious",practical_application,negative,False,False,"The review discusses pacing, deadlines, slides, feedback quality, and group study needs, but does not address real-world or practical application of course content.","The declared aspect is not mentioned in the review, so the label is not faithful."
127,"The Operating Systems course fit my evenings but the pacing in the summer term was brutal, with deadlines stacked up and the exams looming after a short, compressed block. Slides were serviceable but not memorable, and the feedback on assignments was all over the place—some were quick and helpful, others vague. It helps to study with a group, since solo work felt like dragging a ton of friction; I’d only recommend it if you’ve got that back-pocket study squad and aren’t aiming for top marks without some serious",__row_summary__,,False,False,supported 0/1; sentiment 0/1,"The declared aspect is not mentioned in the review, so the label is not faithful."
128,"Overall, my experience in Machine Learning with Dr. Singh in my first semester has been a mixed bag, leaning toward the practical being the saving grace. The peer discussion sessions oddly outshone the official materials for me, since bouncing ideas with a small group made the core concepts click more reliably than the lectures did. I appreciated that the course fills some gaps in my prerequisites better than I expected, and I felt the tools we use work well enough once you get past the initial setup grind. Still, getting the tool environment up and running felt like a chore that ate into learning time, and I’m not sure it proportional to what I actually gained from it. The feedback comes in detail, but the grading comments arrive a bit late, which left me waiting on a couple of clarifications right after a submission deadline. I remember frantically debugging a project notebook a few nights before the midterm, the interface notating errors in a way that helped only after I paired with a TA during office hours. All in all, it’s solid core work that demands steady effort, with the discussion groups being the part I left thinking about most.",overall_experience,neutral,True,True,"The reviewer calls it a ""mixed bag"" and ""solid core work"" with pros and cons, which reads as overall neutral/mixed.","Overall experience label is faithful, but tooling usability is overstated as positive given significant friction described."
128,"Overall, my experience in Machine Learning with Dr. Singh in my first semester has been a mixed bag, leaning toward the practical being the saving grace. The peer discussion sessions oddly outshone the official materials for me, since bouncing ideas with a small group made the core concepts click more reliably than the lectures did. I appreciated that the course fills some gaps in my prerequisites better than I expected, and I felt the tools we use work well enough once you get past the initial setup grind. Still, getting the tool environment up and running felt like a chore that ate into learning time, and I’m not sure it proportional to what I actually gained from it. The feedback comes in detail, but the grading comments arrive a bit late, which left me waiting on a couple of clarifications right after a submission deadline. I remember frantically debugging a project notebook a few nights before the midterm, the interface notating errors in a way that helped only after I paired with a TA during office hours. All in all, it’s solid core work that demands steady effort, with the discussion groups being the part I left thinking about most.",tooling_usability,positive,True,False,"Tools ""work well enough"" after setup, but setup is a ""chore"" and debugging/interface issues are noted; overall sentiment is mixed/leaning negative rather than clearly positive.","Overall experience label is faithful, but tooling usability is overstated as positive given significant friction described."
128,"Overall, my experience in Machine Learning with Dr. Singh in my first semester has been a mixed bag, leaning toward the practical being the saving grace. The peer discussion sessions oddly outshone the official materials for me, since bouncing ideas with a small group made the core concepts click more reliably than the lectures did. I appreciated that the course fills some gaps in my prerequisites better than I expected, and I felt the tools we use work well enough once you get past the initial setup grind. Still, getting the tool environment up and running felt like a chore that ate into learning time, and I’m not sure it proportional to what I actually gained from it. The feedback comes in detail, but the grading comments arrive a bit late, which left me waiting on a couple of clarifications right after a submission deadline. I remember frantically debugging a project notebook a few nights before the midterm, the interface notating errors in a way that helped only after I paired with a TA during office hours. All in all, it’s solid core work that demands steady effort, with the discussion groups being the part I left thinking about most.",__row_summary__,,True,False,supported 2/2; sentiment 1/2,"Overall experience label is faithful, but tooling usability is overstated as positive given significant friction described."
129,"picking up data structures in my first semester again felt it would click, and i stuck with it mostly because i heard it would help with industry work. the delivery is solid on the big ideas, but the examples feel a bit thin, so i spent more time chasing a concrete intuition on my own while juggling full-time work. deadlines are frequent and the work piles up, which is fine in theory but the collaboration expectations stayed murky and i ended up emailing for clarification more than once when a project snapped back with last-minute changes. a late-semester turning point came when i finally mapped a practical lookup table in a small project and realized i could actually see the utility, even if i was tired and a little resigned by then.",workload,positive,True,False,"The review describes frequent deadlines, work piling up, and being tired while juggling full-time work, which reads negative/mixed rather than positive.","Both aspects are discussed, but the declared positive sentiments are not faithful to the largely mixed-to-negative review."
129,"picking up data structures in my first semester again felt it would click, and i stuck with it mostly because i heard it would help with industry work. the delivery is solid on the big ideas, but the examples feel a bit thin, so i spent more time chasing a concrete intuition on my own while juggling full-time work. deadlines are frequent and the work piles up, which is fine in theory but the collaboration expectations stayed murky and i ended up emailing for clarification more than once when a project snapped back with last-minute changes. a late-semester turning point came when i finally mapped a practical lookup table in a small project and realized i could actually see the utility, even if i was tired and a little resigned by then.",overall_experience,positive,True,False,"While there is a late-semester realization of utility, the overall tone includes thin examples, murky collaboration expectations, last-minute changes, and feeling tired/resigned, so not clearly positive.","Both aspects are discussed, but the declared positive sentiments are not faithful to the largely mixed-to-negative review."
129,"picking up data structures in my first semester again felt it would click, and i stuck with it mostly because i heard it would help with industry work. the delivery is solid on the big ideas, but the examples feel a bit thin, so i spent more time chasing a concrete intuition on my own while juggling full-time work. deadlines are frequent and the work piles up, which is fine in theory but the collaboration expectations stayed murky and i ended up emailing for clarification more than once when a project snapped back with last-minute changes. a late-semester turning point came when i finally mapped a practical lookup table in a small project and realized i could actually see the utility, even if i was tired and a little resigned by then.",__row_summary__,,True,False,supported 2/2; sentiment 0/2,"Both aspects are discussed, but the declared positive sentiments are not faithful to the largely mixed-to-negative review."
130,"I found Cyber Security Basics useful for industry buzz, but the workload was rough and uneven week to week; I relied mostly on recordings and notes, with TAs staying practical and the LMS smooth, while Prof. Cohen’s delivery varied.",workload,negative,True,True,"The review says the workload was 'rough and uneven week to week,' which is negative.",Both declared labels are supported by the review and match the expressed sentiments.
130,"I found Cyber Security Basics useful for industry buzz, but the workload was rough and uneven week to week; I relied mostly on recordings and notes, with TAs staying practical and the LMS smooth, while Prof. Cohen’s delivery varied.",accessibility,positive,True,True,"The student relied on recordings and notes and says the LMS was smooth, implying accessible course materials/platform.",Both declared labels are supported by the review and match the expressed sentiments.
130,"I found Cyber Security Basics useful for industry buzz, but the workload was rough and uneven week to week; I relied mostly on recordings and notes, with TAs staying practical and the LMS smooth, while Prof. Cohen’s delivery varied.",__row_summary__,,True,True,supported 2/2; sentiment 2/2,Both declared labels are supported by the review and match the expressed sentiments.
131,"Calculus II was a mostly recordings-and-notes grind for me in a required track, and I built it around the idea that each assessment mattered a lot; I still remember that early moment when I misread a convergence problem and it colored the rest of the term, even as grading comments felt detailed but late.",clarity,neutral,False,False,"The review discusses course format, stress, an error on an assessment, and grading feedback timeliness/detail, but does not clearly address clarity of instruction/materials.",The declared clarity label is not supported by the review text.
131,"Calculus II was a mostly recordings-and-notes grind for me in a required track, and I built it around the idea that each assessment mattered a lot; I still remember that early moment when I misread a convergence problem and it colored the rest of the term, even as grading comments felt detailed but late.",__row_summary__,,False,False,supported 0/1; sentiment 0/1,The declared clarity label is not supported by the review text.
132,"Database Systems felt heavier mid‑semester, especially juggling full‑time work; slides were fine but not memorable, and the tooling hiccups blew a deadline week. Dr. Park knows proofs but not the systems grind, so I kept chasing quick feedback by email, which arrived slow when it mattered.",feedback_quality,negative,True,True,Mentions chasing quick feedback by email and it arrived slow when it mattered.,"Two labels align with the review, but assessment_design is not clearly addressed."
132,"Database Systems felt heavier mid‑semester, especially juggling full‑time work; slides were fine but not memorable, and the tooling hiccups blew a deadline week. Dr. Park knows proofs but not the systems grind, so I kept chasing quick feedback by email, which arrived slow when it mattered.",assessment_design,positive,False,False,No clear discussion of how assessments were designed; only mentions a deadline week affected by tooling hiccups.,"Two labels align with the review, but assessment_design is not clearly addressed."
132,"Database Systems felt heavier mid‑semester, especially juggling full‑time work; slides were fine but not memorable, and the tooling hiccups blew a deadline week. Dr. Park knows proofs but not the systems grind, so I kept chasing quick feedback by email, which arrived slow when it mattered.",lecturer_quality,negative,True,True,"Says Dr. Park knows proofs but not the systems grind, implying a negative view of instructor fit/quality.","Two labels align with the review, but assessment_design is not clearly addressed."
132,"Database Systems felt heavier mid‑semester, especially juggling full‑time work; slides were fine but not memorable, and the tooling hiccups blew a deadline week. Dr. Park knows proofs but not the systems grind, so I kept chasing quick feedback by email, which arrived slow when it mattered.",__row_summary__,,False,False,supported 2/3; sentiment 2/3,"Two labels align with the review, but assessment_design is not clearly addressed."
133,"Took Database Systems with Prof. Alvarez while juggling a full-time job, and I’m glad I did it for the basic stuff, but the experience was a mixed bag. I started lost after that first algorithm-heavy lecture and a vague memory of a confusing index example that echoed through the rest of the term, even as I tried to keep up during office hours and on the forum. The class overall felt poorly organized, with policies fine but communication sloppy, and the assessments didn’t line up well with what we actually covered in lectures. I’d only recommend it if you’re serious about digging through forums and TA hours in advance—and you’re comfortable treating a C as a signal that you might not fully demonstrate understanding despite staying on top of the material.",clarity,positive,True,False,"The student describes being lost after lectures, a confusing index example, and sloppy communication, indicating poor clarity rather than positive.","Two labels match the review, but the clarity label is contradicted by repeated confusion and poor communication."
133,"Took Database Systems with Prof. Alvarez while juggling a full-time job, and I’m glad I did it for the basic stuff, but the experience was a mixed bag. I started lost after that first algorithm-heavy lecture and a vague memory of a confusing index example that echoed through the rest of the term, even as I tried to keep up during office hours and on the forum. The class overall felt poorly organized, with policies fine but communication sloppy, and the assessments didn’t line up well with what we actually covered in lectures. I’d only recommend it if you’re serious about digging through forums and TA hours in advance—and you’re comfortable treating a C as a signal that you might not fully demonstrate understanding despite staying on top of the material.",organization,negative,True,True,They explicitly say the class felt poorly organized.,"Two labels match the review, but the clarity label is contradicted by repeated confusion and poor communication."
133,"Took Database Systems with Prof. Alvarez while juggling a full-time job, and I’m glad I did it for the basic stuff, but the experience was a mixed bag. I started lost after that first algorithm-heavy lecture and a vague memory of a confusing index example that echoed through the rest of the term, even as I tried to keep up during office hours and on the forum. The class overall felt poorly organized, with policies fine but communication sloppy, and the assessments didn’t line up well with what we actually covered in lectures. I’d only recommend it if you’re serious about digging through forums and TA hours in advance—and you’re comfortable treating a C as a signal that you might not fully demonstrate understanding despite staying on top of the material.",overall_experience,negative,True,True,"They call it a mixed bag but mostly negative, with weak alignment of assessments and only conditional recommendation.","Two labels match the review, but the clarity label is contradicted by repeated confusion and poor communication."
133,"Took Database Systems with Prof. Alvarez while juggling a full-time job, and I’m glad I did it for the basic stuff, but the experience was a mixed bag. I started lost after that first algorithm-heavy lecture and a vague memory of a confusing index example that echoed through the rest of the term, even as I tried to keep up during office hours and on the forum. The class overall felt poorly organized, with policies fine but communication sloppy, and the assessments didn’t line up well with what we actually covered in lectures. I’d only recommend it if you’re serious about digging through forums and TA hours in advance—and you’re comfortable treating a C as a signal that you might not fully demonstrate understanding despite staying on top of the material.",__row_summary__,,True,False,supported 3/3; sentiment 2/3,"Two labels match the review, but the clarity label is contradicted by repeated confusion and poor communication."
134,"Calculus II was my main focus that term, and as a returning student I felt rusty enough to stumble through the early stuff before the deadlines loomed. The LMS flow was smooth, but the assessment mix never quite clicked with the lectures, and I spent more time chasing format quirks than solving concepts. I started behind and only caught up right as deadlines hit, which made the late-semester turning point feel like a small, weary victory.",assessment_design,negative,True,True,"The reviewer says the assessment mix didn’t click with the lectures and they spent time dealing with format quirks, indicating dissatisfaction with assessment design.",The negative assessment_design label is clearly supported by the review.
134,"Calculus II was my main focus that term, and as a returning student I felt rusty enough to stumble through the early stuff before the deadlines loomed. The LMS flow was smooth, but the assessment mix never quite clicked with the lectures, and I spent more time chasing format quirks than solving concepts. I started behind and only caught up right as deadlines hit, which made the late-semester turning point feel like a small, weary victory.",__row_summary__,,True,True,supported 1/1; sentiment 1/1,The negative assessment_design label is clearly supported by the review.
135,"I kept up with nearly every lecture while juggling a full-time job, and Prof. Cohen’s clear, practical style helped despite my shaky theory base; the project-heavy workload and late feedback, plus platform quirks, made the grading feel uneven, but the peer discussions saved some days.",workload,positive,True,False,"The review calls it a ""project-heavy workload"" and implies it was burdensome, not positive.","Workload sentiment is mislabeled, and pacing is not clearly discussed in the review."
135,"I kept up with nearly every lecture while juggling a full-time job, and Prof. Cohen’s clear, practical style helped despite my shaky theory base; the project-heavy workload and late feedback, plus platform quirks, made the grading feel uneven, but the peer discussions saved some days.",pacing,positive,False,False,The review mentions keeping up with lectures but does not clearly evaluate course pacing.,"Workload sentiment is mislabeled, and pacing is not clearly discussed in the review."
135,"I kept up with nearly every lecture while juggling a full-time job, and Prof. Cohen’s clear, practical style helped despite my shaky theory base; the project-heavy workload and late feedback, plus platform quirks, made the grading feel uneven, but the peer discussions saved some days.",__row_summary__,,False,False,supported 1/2; sentiment 0/2,"Workload sentiment is mislabeled, and pacing is not clearly discussed in the review."
136,"Dr. Chen’s Machine Learning class started rough for me after an early confusion about proofs, then the week-to-week pace felt uneven, but discussion with peers helped more than the slides; I took it because it fit my schedule, not my curiosity.",accessibility,positive,True,False,"The student describes early confusion and an uneven pace, implying difficulty rather than positive accessibility.","Both aspects are mentioned, but the declared sentiments are more positive/neutral than the review supports."
136,"Dr. Chen’s Machine Learning class started rough for me after an early confusion about proofs, then the week-to-week pace felt uneven, but discussion with peers helped more than the slides; I took it because it fit my schedule, not my curiosity.",interest,neutral,True,False,"They say they took it for schedule fit, not curiosity, indicating low/negative interest, not neutral.","Both aspects are mentioned, but the declared sentiments are more positive/neutral than the review supports."
136,"Dr. Chen’s Machine Learning class started rough for me after an early confusion about proofs, then the week-to-week pace felt uneven, but discussion with peers helped more than the slides; I took it because it fit my schedule, not my curiosity.",__row_summary__,,True,False,supported 2/2; sentiment 0/2,"Both aspects are mentioned, but the declared sentiments are more positive/neutral than the review supports."
137,"I’m new to the discipline, so Data Structures felt like a steep starting line, especially since I’m trying to fit short evening study sessions around a rough midsemester crunch. The pacing felt mostly workable on weeks when the classes kept moving, but some weeks it dragged and others sprinted, which made it hard to keep a steady rhythm. The workload was doable if I chunked it into small nightly blocks, though the software stack started rough and then slowly became manageable once I got the hang of the basic tooling for the project. The grading rubric, though, always felt a bit vague to me—comments would be detailed but often arrived late, and I couldn’t tell how much emphasis was on the design choices versus the correctness. I did appreciate that one big project required actual code I could show in a portfolio mood, but the instruction delivery was uneven week to week, so I’d leave a lecture unsure what the core takeaway was supposed to be. Despite the messy start, I still think this course is a required hurdle for the track, and I’ll admit I left with real questions about where the fundamentals end and the optimization begins.",pacing,positive,True,False,"The review says pacing was sometimes workable but also dragged or sprinted, making it hard to keep rhythm; overall mixed/negative rather than clearly positive.","Two aspects are supported with correct sentiment, but pacing is not clearly positive in the review."
137,"I’m new to the discipline, so Data Structures felt like a steep starting line, especially since I’m trying to fit short evening study sessions around a rough midsemester crunch. The pacing felt mostly workable on weeks when the classes kept moving, but some weeks it dragged and others sprinted, which made it hard to keep a steady rhythm. The workload was doable if I chunked it into small nightly blocks, though the software stack started rough and then slowly became manageable once I got the hang of the basic tooling for the project. The grading rubric, though, always felt a bit vague to me—comments would be detailed but often arrived late, and I couldn’t tell how much emphasis was on the design choices versus the correctness. I did appreciate that one big project required actual code I could show in a portfolio mood, but the instruction delivery was uneven week to week, so I’d leave a lecture unsure what the core takeaway was supposed to be. Despite the messy start, I still think this course is a required hurdle for the track, and I’ll admit I left with real questions about where the fundamentals end and the optimization begins.",workload,positive,True,True,"The review describes the workload as doable/manageable when broken into small blocks, despite a rough start with the software stack.","Two aspects are supported with correct sentiment, but pacing is not clearly positive in the review."
137,"I’m new to the discipline, so Data Structures felt like a steep starting line, especially since I’m trying to fit short evening study sessions around a rough midsemester crunch. The pacing felt mostly workable on weeks when the classes kept moving, but some weeks it dragged and others sprinted, which made it hard to keep a steady rhythm. The workload was doable if I chunked it into small nightly blocks, though the software stack started rough and then slowly became manageable once I got the hang of the basic tooling for the project. The grading rubric, though, always felt a bit vague to me—comments would be detailed but often arrived late, and I couldn’t tell how much emphasis was on the design choices versus the correctness. I did appreciate that one big project required actual code I could show in a portfolio mood, but the instruction delivery was uneven week to week, so I’d leave a lecture unsure what the core takeaway was supposed to be. Despite the messy start, I still think this course is a required hurdle for the track, and I’ll admit I left with real questions about where the fundamentals end and the optimization begins.",assessment_design,negative,True,True,"The grading rubric is described as vague with late feedback and unclear emphasis, which is negative.","Two aspects are supported with correct sentiment, but pacing is not clearly positive in the review."
137,"I’m new to the discipline, so Data Structures felt like a steep starting line, especially since I’m trying to fit short evening study sessions around a rough midsemester crunch. The pacing felt mostly workable on weeks when the classes kept moving, but some weeks it dragged and others sprinted, which made it hard to keep a steady rhythm. The workload was doable if I chunked it into small nightly blocks, though the software stack started rough and then slowly became manageable once I got the hang of the basic tooling for the project. The grading rubric, though, always felt a bit vague to me—comments would be detailed but often arrived late, and I couldn’t tell how much emphasis was on the design choices versus the correctness. I did appreciate that one big project required actual code I could show in a portfolio mood, but the instruction delivery was uneven week to week, so I’d leave a lecture unsure what the core takeaway was supposed to be. Despite the messy start, I still think this course is a required hurdle for the track, and I’ll admit I left with real questions about where the fundamentals end and the optimization begins.",__row_summary__,,True,False,supported 3/3; sentiment 2/3,"Two aspects are supported with correct sentiment, but pacing is not clearly positive in the review."
138,"I kept up with nearly every lecture for Cyber Security Basics this summer, but the pacing felt mercilessly compressed, especially since I was juggling another hard class at the same time. Dr. Chen knows the material, and the practical portions—like the hands-on lab exercises—were where the course finally clicked for me, giving me something tangible to show in a portfolio-style way. The big turn for me came around week 9, when a deadline glitch in the platform and a sudden policy update collided, and I felt the whole flow fall apart just enough to fray my focus; office hours turned into a rescue mission, and that’s where I got the sense the course could still be salvageable if they tightened the communication loop. The exam felt unfair, with questions that pulled from a late-week reading I hadn’t fully mapped under the time pressure, maybe due to the tooling hiccups that slowed us down. Mostly I worked solo and appreciated that, since collaboration didn’t really factor into the grade, but the support channel saved the course for me on more than one late night. Overall, a rough ride with moments of clarity, and I left with a better grip on practical work but a nagging sense that the admin side could have been smoother.",exam_fairness,negative,True,True,"The reviewer explicitly says ""The exam felt unfair"" and cites mismatched/late readings and time pressure.",All three aspect labels are clearly grounded in the review and their sentiments align.
138,"I kept up with nearly every lecture for Cyber Security Basics this summer, but the pacing felt mercilessly compressed, especially since I was juggling another hard class at the same time. Dr. Chen knows the material, and the practical portions—like the hands-on lab exercises—were where the course finally clicked for me, giving me something tangible to show in a portfolio-style way. The big turn for me came around week 9, when a deadline glitch in the platform and a sudden policy update collided, and I felt the whole flow fall apart just enough to fray my focus; office hours turned into a rescue mission, and that’s where I got the sense the course could still be salvageable if they tightened the communication loop. The exam felt unfair, with questions that pulled from a late-week reading I hadn’t fully mapped under the time pressure, maybe due to the tooling hiccups that slowed us down. Mostly I worked solo and appreciated that, since collaboration didn’t really factor into the grade, but the support channel saved the course for me on more than one late night. Overall, a rough ride with moments of clarity, and I left with a better grip on practical work but a nagging sense that the admin side could have been smoother.",practical_application,positive,True,True,"They praise hands-on labs as where the course ""finally clicked"" and mention tangible portfolio-style outcomes.",All three aspect labels are clearly grounded in the review and their sentiments align.
138,"I kept up with nearly every lecture for Cyber Security Basics this summer, but the pacing felt mercilessly compressed, especially since I was juggling another hard class at the same time. Dr. Chen knows the material, and the practical portions—like the hands-on lab exercises—were where the course finally clicked for me, giving me something tangible to show in a portfolio-style way. The big turn for me came around week 9, when a deadline glitch in the platform and a sudden policy update collided, and I felt the whole flow fall apart just enough to fray my focus; office hours turned into a rescue mission, and that’s where I got the sense the course could still be salvageable if they tightened the communication loop. The exam felt unfair, with questions that pulled from a late-week reading I hadn’t fully mapped under the time pressure, maybe due to the tooling hiccups that slowed us down. Mostly I worked solo and appreciated that, since collaboration didn’t really factor into the grade, but the support channel saved the course for me on more than one late night. Overall, a rough ride with moments of clarity, and I left with a better grip on practical work but a nagging sense that the admin side could have been smoother.",peer_interaction,neutral,True,True,"They mostly worked solo and note collaboration didn't factor into the grade, implying neither positive nor negative peer interaction.",All three aspect labels are clearly grounded in the review and their sentiments align.
138,"I kept up with nearly every lecture for Cyber Security Basics this summer, but the pacing felt mercilessly compressed, especially since I was juggling another hard class at the same time. Dr. Chen knows the material, and the practical portions—like the hands-on lab exercises—were where the course finally clicked for me, giving me something tangible to show in a portfolio-style way. The big turn for me came around week 9, when a deadline glitch in the platform and a sudden policy update collided, and I felt the whole flow fall apart just enough to fray my focus; office hours turned into a rescue mission, and that’s where I got the sense the course could still be salvageable if they tightened the communication loop. The exam felt unfair, with questions that pulled from a late-week reading I hadn’t fully mapped under the time pressure, maybe due to the tooling hiccups that slowed us down. Mostly I worked solo and appreciated that, since collaboration didn’t really factor into the grade, but the support channel saved the course for me on more than one late night. Overall, a rough ride with moments of clarity, and I left with a better grip on practical work but a nagging sense that the admin side could have been smoother.",__row_summary__,,True,True,supported 3/3; sentiment 3/3,All three aspect labels are clearly grounded in the review and their sentiments align.
139,"I’m a returning student who feels a bit rusty, and my first semester in this program didn’t quite gel with the Operating Systems course. The lectures kept me catching up, and I relied on the TA’s office hours more than I’d like, since feedback came sparse until just before the big project deadline. It helps to have a group; I wish the timing of reviews matched the project milestones a bit more.",lecturer_quality,negative,True,True,"Student says the lectures kept them catching up and the course didn’t gel, implying dissatisfaction with lectures.","Lecturer sentiment is negative and supported, but feedback is described negatively so the neutral label is not faithful."
139,"I’m a returning student who feels a bit rusty, and my first semester in this program didn’t quite gel with the Operating Systems course. The lectures kept me catching up, and I relied on the TA’s office hours more than I’d like, since feedback came sparse until just before the big project deadline. It helps to have a group; I wish the timing of reviews matched the project milestones a bit more.",feedback_quality,neutral,True,False,"Student reports feedback was sparse until just before the big project deadline, which is negative rather than neutral.","Lecturer sentiment is negative and supported, but feedback is described negatively so the neutral label is not faithful."
139,"I’m a returning student who feels a bit rusty, and my first semester in this program didn’t quite gel with the Operating Systems course. The lectures kept me catching up, and I relied on the TA’s office hours more than I’d like, since feedback came sparse until just before the big project deadline. It helps to have a group; I wish the timing of reviews matched the project milestones a bit more.",__row_summary__,,True,False,supported 2/2; sentiment 1/2,"Lecturer sentiment is negative and supported, but feedback is described negatively so the neutral label is not faithful."
140,"summers term at a sprint pace, I came into Computer Networks basically new to the basics and ended up making it the core focus of the term. Dr. Miller’s slides were serviceable but not memorable, and I relied a lot on the forums and the TA’s quick replies during office hours to make sense of the weekly dead- lines. The class felt more assignment-heavy than I expected, with frequent due dates that piled up during a rough mid-semester crunch, yet the prerequisite gaps got filled better than I thought through the discussions and some targeted clarifications in the TA sessions. I found peer discussion helped more than the official materials, and I’ll admit I learned a lot while still kinda disliking the whole experience. The project on building a tiny network model, plus the random quick quizzes, stuck with me more than the formal lectures.",peer_interaction,neutral,True,False,"Peer discussion is described as helping more than official materials, which is a positive sentiment rather than neutral.","The aspect is present, but the sentiment is understated relative to the clearly positive mention of peer discussion."
140,"summers term at a sprint pace, I came into Computer Networks basically new to the basics and ended up making it the core focus of the term. Dr. Miller’s slides were serviceable but not memorable, and I relied a lot on the forums and the TA’s quick replies during office hours to make sense of the weekly dead- lines. The class felt more assignment-heavy than I expected, with frequent due dates that piled up during a rough mid-semester crunch, yet the prerequisite gaps got filled better than I thought through the discussions and some targeted clarifications in the TA sessions. I found peer discussion helped more than the official materials, and I’ll admit I learned a lot while still kinda disliking the whole experience. The project on building a tiny network model, plus the random quick quizzes, stuck with me more than the formal lectures.",__row_summary__,,True,False,supported 1/1; sentiment 0/1,"The aspect is present, but the sentiment is understated relative to the clearly positive mention of peer discussion."
141,"I’m new to the discipline, so Data Structures felt like sprinting into basics, but Dr. Park kept things moving and the quick feedback helped me adjust after we fell behind during a rough mid-semester crunch. The course is very assignment-heavy, with deadlines stacked like a ladder, and tooling hiccups during weeks with big submissions made timing rougher than it should be. Still, the quick turnaround from TAs kept me from completely spiraling, and the exam felt fair after the curve—the format clicked more once I started catching up near the deadlines. One memorable week was the project where the data flow diagram finally clicked, and I’d actually recommend this broadly to someone new to the field.",exam_fairness,positive,True,True,"The reviewer says ""the exam felt fair after the curve,"" indicating a positive view of exam fairness.",The declared exam_fairness label is directly supported and matches the review sentiment.
141,"I’m new to the discipline, so Data Structures felt like sprinting into basics, but Dr. Park kept things moving and the quick feedback helped me adjust after we fell behind during a rough mid-semester crunch. The course is very assignment-heavy, with deadlines stacked like a ladder, and tooling hiccups during weeks with big submissions made timing rougher than it should be. Still, the quick turnaround from TAs kept me from completely spiraling, and the exam felt fair after the curve—the format clicked more once I started catching up near the deadlines. One memorable week was the project where the data flow diagram finally clicked, and I’d actually recommend this broadly to someone new to the field.",__row_summary__,,True,True,supported 1/1; sentiment 1/1,The declared exam_fairness label is directly supported and matches the review sentiment.
142,"Calculus II was the mid-program hurdle I didn’t quite see coming from my basics-only background, and it felt like the prerequisites assumed more familiarity than the course actually taught. I kept wrestling with the workload, since assignments piled up with frequent deadlines and I often felt I only had a rough grasp after the last cram of the week, not a solid understanding for the next one. The help channel mostly turned into a study buddy loop—us students explaining things to each other—while the staff’s feedback came in fast but skimpy on the why and how, which left me guessing about where I went wrong on a problem like the improper integral or a trigonometric substitution in a homework set. A lot of the exam prep leaned on memorized steps rather than clear intuition, and I wasn’t sure if my C was because I didn’t get the idea or because I was tired from the stacked deadlines. One memorable moment was a midterm with a multi-part problem where I misread a condition, and the ticking clock plus the next section deadline made the whole thing feel like a sprint I hadn’t practiced. Still, finishing helped me see a few concrete tools I can use, even if I wouldn’t take this exact run again.",accessibility,neutral,True,False,"The review describes prerequisites assuming more than taught, heavy workload, and limited staff explanations—overall negative accessibility, not neutral.","Two of the three declared sentiments (accessibility, exam_fairness) are not faithful to the negative tone in the review."
142,"Calculus II was the mid-program hurdle I didn’t quite see coming from my basics-only background, and it felt like the prerequisites assumed more familiarity than the course actually taught. I kept wrestling with the workload, since assignments piled up with frequent deadlines and I often felt I only had a rough grasp after the last cram of the week, not a solid understanding for the next one. The help channel mostly turned into a study buddy loop—us students explaining things to each other—while the staff’s feedback came in fast but skimpy on the why and how, which left me guessing about where I went wrong on a problem like the improper integral or a trigonometric substitution in a homework set. A lot of the exam prep leaned on memorized steps rather than clear intuition, and I wasn’t sure if my C was because I didn’t get the idea or because I was tired from the stacked deadlines. One memorable moment was a midterm with a multi-part problem where I misread a condition, and the ticking clock plus the next section deadline made the whole thing feel like a sprint I hadn’t practiced. Still, finishing helped me see a few concrete tools I can use, even if I wouldn’t take this exact run again.",practical_application,positive,True,True,"They note finishing gave them a few concrete tools they can use, indicating a mild positive on practical value.","Two of the three declared sentiments (accessibility, exam_fairness) are not faithful to the negative tone in the review."
142,"Calculus II was the mid-program hurdle I didn’t quite see coming from my basics-only background, and it felt like the prerequisites assumed more familiarity than the course actually taught. I kept wrestling with the workload, since assignments piled up with frequent deadlines and I often felt I only had a rough grasp after the last cram of the week, not a solid understanding for the next one. The help channel mostly turned into a study buddy loop—us students explaining things to each other—while the staff’s feedback came in fast but skimpy on the why and how, which left me guessing about where I went wrong on a problem like the improper integral or a trigonometric substitution in a homework set. A lot of the exam prep leaned on memorized steps rather than clear intuition, and I wasn’t sure if my C was because I didn’t get the idea or because I was tired from the stacked deadlines. One memorable moment was a midterm with a multi-part problem where I misread a condition, and the ticking clock plus the next section deadline made the whole thing feel like a sprint I hadn’t practiced. Still, finishing helped me see a few concrete tools I can use, even if I wouldn’t take this exact run again.",exam_fairness,positive,True,False,"Exam experience is described as stressful, memorization-focused prep, and a midterm felt like an unpracticed sprint; no clear fairness praise.","Two of the three declared sentiments (accessibility, exam_fairness) are not faithful to the negative tone in the review."
142,"Calculus II was the mid-program hurdle I didn’t quite see coming from my basics-only background, and it felt like the prerequisites assumed more familiarity than the course actually taught. I kept wrestling with the workload, since assignments piled up with frequent deadlines and I often felt I only had a rough grasp after the last cram of the week, not a solid understanding for the next one. The help channel mostly turned into a study buddy loop—us students explaining things to each other—while the staff’s feedback came in fast but skimpy on the why and how, which left me guessing about where I went wrong on a problem like the improper integral or a trigonometric substitution in a homework set. A lot of the exam prep leaned on memorized steps rather than clear intuition, and I wasn’t sure if my C was because I didn’t get the idea or because I was tired from the stacked deadlines. One memorable moment was a midterm with a multi-part problem where I misread a condition, and the ticking clock plus the next section deadline made the whole thing feel like a sprint I hadn’t practiced. Still, finishing helped me see a few concrete tools I can use, even if I wouldn’t take this exact run again.",__row_summary__,,True,False,supported 3/3; sentiment 1/3,"Two of the three declared sentiments (accessibility, exam_fairness) are not faithful to the negative tone in the review."
143,"I took Database Systems mostly because it was required, and I’m glad I survived. The peer discussion saved me more than the official materials, since the forums could be dismissive and the recorded lectures felt dry, especially during a rough mid-semester crunch. Tooling problems made deadlines feel worse, and I’d still not take it again, but I’ll admit I learned enough to pass and hatched a few practical ideas I’ll actually use, if only narrowly.",peer_interaction,negative,True,False,"The review says peer discussion ""saved me,"" indicating a positive view of peer interaction (even though forums were dismissive).","The aspect is present, but the declared negative sentiment conflicts with the review’s positive statement about peer discussion."
143,"I took Database Systems mostly because it was required, and I’m glad I survived. The peer discussion saved me more than the official materials, since the forums could be dismissive and the recorded lectures felt dry, especially during a rough mid-semester crunch. Tooling problems made deadlines feel worse, and I’d still not take it again, but I’ll admit I learned enough to pass and hatched a few practical ideas I’ll actually use, if only narrowly.",__row_summary__,,True,False,supported 1/1; sentiment 0/1,"The aspect is present, but the declared negative sentiment conflicts with the review’s positive statement about peer discussion."
144,"The Data Structures course helped me edge into the track, but the grading rubric felt vague and the deadlines stacked up on me. I used the materials selectively, relied on forums and TAs, and found peer discussion far more helpful than the official notes.",organization,negative,True,True,"Mentions vague grading rubric and deadlines stacking up, indicating poor course organization.","Organization is clearly negative, while interest is not explicitly addressed in the text."
144,"The Data Structures course helped me edge into the track, but the grading rubric felt vague and the deadlines stacked up on me. I used the materials selectively, relied on forums and TAs, and found peer discussion far more helpful than the official notes.",interest,neutral,False,False,"The review does not clearly state how interesting or engaging the course was; it focuses on grading, deadlines, and usefulness of resources.","Organization is clearly negative, while interest is not explicitly addressed in the text."
144,"The Data Structures course helped me edge into the track, but the grading rubric felt vague and the deadlines stacked up on me. I used the materials selectively, relied on forums and TAs, and found peer discussion far more helpful than the official notes.",__row_summary__,,False,False,supported 1/2; sentiment 1/2,"Organization is clearly negative, while interest is not explicitly addressed in the text."
145,"took machine learning as an advanced elective thinking it would be practical for industry, and honestly it moves fast. i’m new to the discipline, so the ramp from accessible intro stuff to sharp, math-heavy bits felt abrupt, and the tooling setup was a slog—i spent more time wrestling with env configs than on the actual algorithms. prof. cohen spoke clearly enough, but deadlines piled up in waves with mostly solo work, and i found myself juggling full-time work while every assignment had a new quirk.",clarity,neutral,True,True,"The review says 'prof. cohen spoke clearly enough,' which indicates adequate/neutral clarity rather than strongly positive or negative.",The clarity label is supported and appropriately neutral given the wording.
145,"took machine learning as an advanced elective thinking it would be practical for industry, and honestly it moves fast. i’m new to the discipline, so the ramp from accessible intro stuff to sharp, math-heavy bits felt abrupt, and the tooling setup was a slog—i spent more time wrestling with env configs than on the actual algorithms. prof. cohen spoke clearly enough, but deadlines piled up in waves with mostly solo work, and i found myself juggling full-time work while every assignment had a new quirk.",__row_summary__,,True,True,supported 1/1; sentiment 1/1,The clarity label is supported and appropriately neutral given the wording.
146,"Took Computer Networks in my last semester while juggling a full-time job, and the grade felt like it matched the effort—solid B. The thing I’ll remember is the one big week-long exam near the end and how the limited number of high-stakes assessments kept me on edge. Tool setup for labs was a slog, and when deadlines loomed, the email support was slow; it made the pace feel harsher than the prerequisite, which was easier.",accessibility,neutral,True,False,"Mentions limited high-stakes assessments kept them on edge, lab tool setup was a slog, and email support was slow—overall negative rather than neutral.","Both labels are unfaithful: accessibility sentiment should be negative, and relevance is not evidenced."
146,"Took Computer Networks in my last semester while juggling a full-time job, and the grade felt like it matched the effort—solid B. The thing I’ll remember is the one big week-long exam near the end and how the limited number of high-stakes assessments kept me on edge. Tool setup for labs was a slog, and when deadlines loomed, the email support was slow; it made the pace feel harsher than the prerequisite, which was easier.",relevance,negative,False,False,"No clear discussion of how useful or relevant the course content is; comments are about workload, assessments, and support.","Both labels are unfaithful: accessibility sentiment should be negative, and relevance is not evidenced."
146,"Took Computer Networks in my last semester while juggling a full-time job, and the grade felt like it matched the effort—solid B. The thing I’ll remember is the one big week-long exam near the end and how the limited number of high-stakes assessments kept me on edge. Tool setup for labs was a slog, and when deadlines loomed, the email support was slow; it made the pace feel harsher than the prerequisite, which was easier.",__row_summary__,,False,False,supported 1/2; sentiment 0/2,"Both labels are unfaithful: accessibility sentiment should be negative, and relevance is not evidenced."
147,"I’m in my first semester and came in with a strong coding background but weak theory, so Linear Algebra mostly felt like a scramble to connect a lot of abstract ideas to something workable, and I barely passed after fighting through most of the term. The peer interaction was the bright spot—having a study group helped me keep up, and we’d trade quick proofs on a whiteboard after class, which made the tougher weeks feel a bit more doable. The course felt uneven week to week in how it’s taught, with some lectures clicking and others drifting into notation for the sake of it, and grading comments arrived late even when they were detailed, which left me rereading labs without a clear sense of where I went wrong. There aren’t a ton of assessments, but each one carried weight, so I spent a lot of time polishing a single project rather than building up steady momentum. A small incident sticks: the week of the big deadline, the TA’s tip about a bug in our vector-matrix setup saved me hours, which felt real and earned. Overall, I’d say collaboration helps a lot; beyond that I’m not sure I’d call it consistently engaging.",peer_interaction,positive,True,True,"Peer interaction is described as the bright spot via study group collaboration and trading proofs, making tough weeks more doable.","Two labels align with the review, but 'materials' is not evidenced in the text."
147,"I’m in my first semester and came in with a strong coding background but weak theory, so Linear Algebra mostly felt like a scramble to connect a lot of abstract ideas to something workable, and I barely passed after fighting through most of the term. The peer interaction was the bright spot—having a study group helped me keep up, and we’d trade quick proofs on a whiteboard after class, which made the tougher weeks feel a bit more doable. The course felt uneven week to week in how it’s taught, with some lectures clicking and others drifting into notation for the sake of it, and grading comments arrived late even when they were detailed, which left me rereading labs without a clear sense of where I went wrong. There aren’t a ton of assessments, but each one carried weight, so I spent a lot of time polishing a single project rather than building up steady momentum. A small incident sticks: the week of the big deadline, the TA’s tip about a bug in our vector-matrix setup saved me hours, which felt real and earned. Overall, I’d say collaboration helps a lot; beyond that I’m not sure I’d call it consistently engaging.",interest,neutral,True,True,"Student says they’re not sure they’d call it consistently engaging, which reads as mixed/neutral overall interest.","Two labels align with the review, but 'materials' is not evidenced in the text."
147,"I’m in my first semester and came in with a strong coding background but weak theory, so Linear Algebra mostly felt like a scramble to connect a lot of abstract ideas to something workable, and I barely passed after fighting through most of the term. The peer interaction was the bright spot—having a study group helped me keep up, and we’d trade quick proofs on a whiteboard after class, which made the tougher weeks feel a bit more doable. The course felt uneven week to week in how it’s taught, with some lectures clicking and others drifting into notation for the sake of it, and grading comments arrived late even when they were detailed, which left me rereading labs without a clear sense of where I went wrong. There aren’t a ton of assessments, but each one carried weight, so I spent a lot of time polishing a single project rather than building up steady momentum. A small incident sticks: the week of the big deadline, the TA’s tip about a bug in our vector-matrix setup saved me hours, which felt real and earned. Overall, I’d say collaboration helps a lot; beyond that I’m not sure I’d call it consistently engaging.",materials,neutral,False,False,"The review discusses teaching/lectures, grading feedback timing, and assessments, but not course materials (texts/notes/resources) directly.","Two labels align with the review, but 'materials' is not evidenced in the text."
147,"I’m in my first semester and came in with a strong coding background but weak theory, so Linear Algebra mostly felt like a scramble to connect a lot of abstract ideas to something workable, and I barely passed after fighting through most of the term. The peer interaction was the bright spot—having a study group helped me keep up, and we’d trade quick proofs on a whiteboard after class, which made the tougher weeks feel a bit more doable. The course felt uneven week to week in how it’s taught, with some lectures clicking and others drifting into notation for the sake of it, and grading comments arrived late even when they were detailed, which left me rereading labs without a clear sense of where I went wrong. There aren’t a ton of assessments, but each one carried weight, so I spent a lot of time polishing a single project rather than building up steady momentum. A small incident sticks: the week of the big deadline, the TA’s tip about a bug in our vector-matrix setup saved me hours, which felt real and earned. Overall, I’d say collaboration helps a lot; beyond that I’m not sure I’d call it consistently engaging.",__row_summary__,,False,False,supported 2/3; sentiment 2/3,"Two labels align with the review, but 'materials' is not evidenced in the text."
148,"When I took Machine Learning with Dr. Miller while juggling a full-time job, I felt rusty at first and a bit adrift in the math-heavy parts, especially the optimization pieces, but I managed to catch up around deadlines by rereading slides and cramming the formulas the night before. The setup to get started was a slog—the tool installation and environment prep felt like more of a barrier than a help, and I remember an early confusion about gradient descent that spiraled until I finally mapped it to the toy example in the lecture notes. Feedback felt sparse, and by the time a rubric arrived it was almost too late to adjust my project, which was a modest but tangible proof-of-concept on a small dataset I used for a practical anomaly-detection task. The course sits well for someone who already knows adjacent material, but as a returning student I didn’t feel smoothly guided, and the pacing sometimes left me chasing the last-minute clarifications rather than building confidence steadily. Still, there were moments where the theory clicked into practice, and I did find the late-stage discussion on model evaluation genuinely useful, even if the overall vibe wasn’t exactly enjoyable.",grading_transparency,neutral,True,False,"The review says feedback was sparse and the rubric arrived almost too late to adjust the project, indicating negative grading transparency rather than neutral.","The aspect is mentioned, but the declared neutral sentiment is not faithful to the negative description."
148,"When I took Machine Learning with Dr. Miller while juggling a full-time job, I felt rusty at first and a bit adrift in the math-heavy parts, especially the optimization pieces, but I managed to catch up around deadlines by rereading slides and cramming the formulas the night before. The setup to get started was a slog—the tool installation and environment prep felt like more of a barrier than a help, and I remember an early confusion about gradient descent that spiraled until I finally mapped it to the toy example in the lecture notes. Feedback felt sparse, and by the time a rubric arrived it was almost too late to adjust my project, which was a modest but tangible proof-of-concept on a small dataset I used for a practical anomaly-detection task. The course sits well for someone who already knows adjacent material, but as a returning student I didn’t feel smoothly guided, and the pacing sometimes left me chasing the last-minute clarifications rather than building confidence steadily. Still, there were moments where the theory clicked into practice, and I did find the late-stage discussion on model evaluation genuinely useful, even if the overall vibe wasn’t exactly enjoyable.",__row_summary__,,True,False,supported 1/1; sentiment 0/1,"The aspect is mentioned, but the declared neutral sentiment is not faithful to the negative description."
149,"Calculus II dragged on, and the early confusion about series still colors the term for me. The recorded lectures help when I’m scrambling between Calc II and the other hard courses, but the collaboration expectations felt unclear, and I’m glad TAs were responsive though.",overall_experience,neutral,True,False,"The review is mixed but leans negative (""dragged on,"" lingering confusion), with some positives; labeling it neutral is not faithful.","Overall experience sentiment is closer to negative than neutral, while the peer interaction label is consistent with the text."
149,"Calculus II dragged on, and the early confusion about series still colors the term for me. The recorded lectures help when I’m scrambling between Calc II and the other hard courses, but the collaboration expectations felt unclear, and I’m glad TAs were responsive though.",peer_interaction,negative,True,True,"Mentions collaboration expectations felt unclear, implying a negative experience with peer/collaboration dynamics.","Overall experience sentiment is closer to negative than neutral, while the peer interaction label is consistent with the text."
149,"Calculus II dragged on, and the early confusion about series still colors the term for me. The recorded lectures help when I’m scrambling between Calc II and the other hard courses, but the collaboration expectations felt unclear, and I’m glad TAs were responsive though.",__row_summary__,,True,False,supported 2/2; sentiment 1/2,"Overall experience sentiment is closer to negative than neutral, while the peer interaction label is consistent with the text."
150,"I took Cyber Security Basics this summer mainly to fit my schedule while juggling a full-time job, and it ended up feeling like a mixed bag. The lectures were clear and paced decently, which helped when I could carve out quiet evenings to watch recordings and skim notes, but the tool setup was a hassle and ate into study time more than I’d like. Quick scores came back, but the explanations were thin, so I wasn’t sure what to fix for the next assessment. I wouldn’t take it again, even though it did push me to finish a late-semester turning point project on network basics, and I’m glad some of the real-world tips stuck—just not enough to change the overall headroom for the next course.",accessibility,neutral,False,False,"The review discusses lecture clarity/pacing and tool setup hassle, but does not clearly address accessibility accommodations or ease of access.",One label is unsupported and the other has a sentiment mismatch with the review.
150,"I took Cyber Security Basics this summer mainly to fit my schedule while juggling a full-time job, and it ended up feeling like a mixed bag. The lectures were clear and paced decently, which helped when I could carve out quiet evenings to watch recordings and skim notes, but the tool setup was a hassle and ate into study time more than I’d like. Quick scores came back, but the explanations were thin, so I wasn’t sure what to fix for the next assessment. I wouldn’t take it again, even though it did push me to finish a late-semester turning point project on network basics, and I’m glad some of the real-world tips stuck—just not enough to change the overall headroom for the next course.",grading_transparency,neutral,True,False,"The student says scores were quick but explanations were thin and they weren’t sure what to fix, indicating negative transparency/feedback, not neutral.",One label is unsupported and the other has a sentiment mismatch with the review.
150,"I took Cyber Security Basics this summer mainly to fit my schedule while juggling a full-time job, and it ended up feeling like a mixed bag. The lectures were clear and paced decently, which helped when I could carve out quiet evenings to watch recordings and skim notes, but the tool setup was a hassle and ate into study time more than I’d like. Quick scores came back, but the explanations were thin, so I wasn’t sure what to fix for the next assessment. I wouldn’t take it again, even though it did push me to finish a late-semester turning point project on network basics, and I’m glad some of the real-world tips stuck—just not enough to change the overall headroom for the next course.",__row_summary__,,False,False,supported 1/2; sentiment 0/2,One label is unsupported and the other has a sentiment mismatch with the review.
151,"Last semester felt like a slog, but Prof. Cohen saved the course for me with his office hours—those quick one-off explanations rescued some tangled concepts when my full‑time job left me with barely any study time. The intro material was fine, but the examples were thin, and grading comments came late even though each check mattered a lot; I left feeling useful but not really enjoying it, especially compared to the other course from the term.",lecturer_quality,neutral,True,False,"The reviewer credits Prof. Cohen with saving the course via helpful office hours and explanations, indicating positive lecturer quality rather than neutral.","The aspect is supported, but the sentiment should be positive, not neutral."
151,"Last semester felt like a slog, but Prof. Cohen saved the course for me with his office hours—those quick one-off explanations rescued some tangled concepts when my full‑time job left me with barely any study time. The intro material was fine, but the examples were thin, and grading comments came late even though each check mattered a lot; I left feeling useful but not really enjoying it, especially compared to the other course from the term.",__row_summary__,,True,False,supported 1/1; sentiment 0/1,"The aspect is supported, but the sentiment should be positive, not neutral."
152,"I found Prof. Cohen’s explanations clear in concepts, but the examples felt thin, and the project-heavy setup with late feedback left me behind around deadlines; compared to another course this term, ML felt useful but not enjoyable, and I wasn’t sure the prerequisites matched my background.",feedback_quality,negative,True,True,"The review says there was 'late feedback' that left the student behind, indicating poor feedback quality.",The declared negative feedback_quality label is clearly supported by the review.
152,"I found Prof. Cohen’s explanations clear in concepts, but the examples felt thin, and the project-heavy setup with late feedback left me behind around deadlines; compared to another course this term, ML felt useful but not enjoyable, and I wasn’t sure the prerequisites matched my background.",__row_summary__,,True,True,supported 1/1; sentiment 1/1,The declared negative feedback_quality label is clearly supported by the review.
153,"I took Machine Learning with Dr. Park as a required course for my track, and I remember staring at an early confusion that set the tone for the term: the lectures felt fast and sometimes felt like I was supposed to “just get it,” which made me fall behind and then scramble to catch up around deadlines. The assessment mix seemed mismatched with what we actually covered in class, and I ended up with a grade that felt like a failure despite slogging through, with mixed feelings about the content itself. admin instructions left a lot of interpretation, so I spent extra time second-guessing whether I was doing things correctly, which didn’t help when I was juggling another hard class at the same time. The collaboration expectations were unclear, and I mostly worked solo, though I did a small project that felt out of sync with the lectures in tone and depth. On the bright side, it did fill some prerequisite gaps better than I expected, and there were moments where I learned a lot, even if the whole experience left me frustrated but fair about the realities of the course.",tooling_usability,neutral,False,False,"The review discusses lectures, assessments, admin instructions, and collaboration expectations, but not course tools/software usability.","One label is unsupported (tooling_usability), while lecturer_quality is supported and correctly negative."
153,"I took Machine Learning with Dr. Park as a required course for my track, and I remember staring at an early confusion that set the tone for the term: the lectures felt fast and sometimes felt like I was supposed to “just get it,” which made me fall behind and then scramble to catch up around deadlines. The assessment mix seemed mismatched with what we actually covered in class, and I ended up with a grade that felt like a failure despite slogging through, with mixed feelings about the content itself. admin instructions left a lot of interpretation, so I spent extra time second-guessing whether I was doing things correctly, which didn’t help when I was juggling another hard class at the same time. The collaboration expectations were unclear, and I mostly worked solo, though I did a small project that felt out of sync with the lectures in tone and depth. On the bright side, it did fill some prerequisite gaps better than I expected, and there were moments where I learned a lot, even if the whole experience left me frustrated but fair about the realities of the course.",lecturer_quality,negative,True,True,"Mentions lectures felt fast and like the student was supposed to 'just get it,' contributing to falling behind, indicating negative teaching/lecture experience.","One label is unsupported (tooling_usability), while lecturer_quality is supported and correctly negative."
153,"I took Machine Learning with Dr. Park as a required course for my track, and I remember staring at an early confusion that set the tone for the term: the lectures felt fast and sometimes felt like I was supposed to “just get it,” which made me fall behind and then scramble to catch up around deadlines. The assessment mix seemed mismatched with what we actually covered in class, and I ended up with a grade that felt like a failure despite slogging through, with mixed feelings about the content itself. admin instructions left a lot of interpretation, so I spent extra time second-guessing whether I was doing things correctly, which didn’t help when I was juggling another hard class at the same time. The collaboration expectations were unclear, and I mostly worked solo, though I did a small project that felt out of sync with the lectures in tone and depth. On the bright side, it did fill some prerequisite gaps better than I expected, and there were moments where I learned a lot, even if the whole experience left me frustrated but fair about the realities of the course.",__row_summary__,,False,False,supported 1/2; sentiment 1/2,"One label is unsupported (tooling_usability), while lecturer_quality is supported and correctly negative."
154,"Calculus II was a required hurdle for my degree, and I went in comfortable with proofs but not great with systems work, so the jump into more structured problem-solving felt both familiar and exhausting. I liked the moments when peer discussions clicked—we’d hash a tricky integration by parts setup and suddenly someone asked the right hint about when a series converges, and that felt more useful than rereading the official handouts. The grading pattern was odd: a handful of big assessments where a lot rests on one mistake, and otherwise not many checkpoints, which kept the pressure tight and made the fast feedback feel nice but sometimes skimpy in explanation. Attendance was selective; I’d only pull materials when a problem didn’t look like something I could wing, and that felt practical but also a bit isolating. There were weeks where the teaching felt uneven, jumping from clear to muddled from one day to the next, and I often left with questions that the quick scores didn’t fully address. A midsemester crunch didn’t help, and by the end I had a solid B that matched the effort, though I’d hoped for a bit more structure in the pacing. The course had its rough edges, but the satisfaction of finally seeing a convergence test click kept me genuinely enthusiastic.",interest,positive,True,True,"Reviewer describes genuine enthusiasm and satisfaction when concepts clicked, despite rough edges.","Interest is accurately labeled positive, but grading transparency reads more negative than neutral."
154,"Calculus II was a required hurdle for my degree, and I went in comfortable with proofs but not great with systems work, so the jump into more structured problem-solving felt both familiar and exhausting. I liked the moments when peer discussions clicked—we’d hash a tricky integration by parts setup and suddenly someone asked the right hint about when a series converges, and that felt more useful than rereading the official handouts. The grading pattern was odd: a handful of big assessments where a lot rests on one mistake, and otherwise not many checkpoints, which kept the pressure tight and made the fast feedback feel nice but sometimes skimpy in explanation. Attendance was selective; I’d only pull materials when a problem didn’t look like something I could wing, and that felt practical but also a bit isolating. There were weeks where the teaching felt uneven, jumping from clear to muddled from one day to the next, and I often left with questions that the quick scores didn’t fully address. A midsemester crunch didn’t help, and by the end I had a solid B that matched the effort, though I’d hoped for a bit more structure in the pacing. The course had its rough edges, but the satisfaction of finally seeing a convergence test click kept me genuinely enthusiastic.",grading_transparency,neutral,True,False,"Grading is described as odd with high-stakes assessments and feedback that was sometimes skimpy in explanation, implying a negative view rather than neutral.","Interest is accurately labeled positive, but grading transparency reads more negative than neutral."
154,"Calculus II was a required hurdle for my degree, and I went in comfortable with proofs but not great with systems work, so the jump into more structured problem-solving felt both familiar and exhausting. I liked the moments when peer discussions clicked—we’d hash a tricky integration by parts setup and suddenly someone asked the right hint about when a series converges, and that felt more useful than rereading the official handouts. The grading pattern was odd: a handful of big assessments where a lot rests on one mistake, and otherwise not many checkpoints, which kept the pressure tight and made the fast feedback feel nice but sometimes skimpy in explanation. Attendance was selective; I’d only pull materials when a problem didn’t look like something I could wing, and that felt practical but also a bit isolating. There were weeks where the teaching felt uneven, jumping from clear to muddled from one day to the next, and I often left with questions that the quick scores didn’t fully address. A midsemester crunch didn’t help, and by the end I had a solid B that matched the effort, though I’d hoped for a bit more structure in the pacing. The course had its rough edges, but the satisfaction of finally seeing a convergence test click kept me genuinely enthusiastic.",__row_summary__,,True,False,supported 2/2; sentiment 1/2,"Interest is accurately labeled positive, but grading transparency reads more negative than neutral."
155,"I’m a returning student juggling a full-time job, and Dr. Miller’s OS course started accessible but ramps up fast, leaving me rusty and unsure about the pacing; the late, detailed grading comments helped, yet the early confusion about process still stuck with me. I still remember that first week mix-up with the CTF-style lab.",pacing,neutral,True,False,"The review says the course ""ramps up fast"" and the student felt unsure about the pacing, indicating a negative sentiment rather than neutral.","The aspect is present, but the declared neutral sentiment is not faithful to the review's negative pacing experience."
155,"I’m a returning student juggling a full-time job, and Dr. Miller’s OS course started accessible but ramps up fast, leaving me rusty and unsure about the pacing; the late, detailed grading comments helped, yet the early confusion about process still stuck with me. I still remember that first week mix-up with the CTF-style lab.",__row_summary__,,True,False,supported 1/1; sentiment 0/1,"The aspect is present, but the declared neutral sentiment is not faithful to the review's negative pacing experience."
156,"Calculus II was a solid mix of steady progress and the usual grind, which fit my full-time job pretty well since the workload felt doable even with only a few focused study hours most weeks. I started the term with genuine curiosity about the topics, and the lectures were clear and paced in a way that let me catch the main ideas without feeling overwhelmed, even when I bounced between lectures and work. The big hiccup for me was a memory from week one—trying to wrap my head around sequences and series in a single evening—and that early confusion kinda colored the rest of the term, making some later material feel easier by contrast but also making motivation dip on weeks with extra fatigue. The collaboration part felt murky; I wasn’t sure what the group expectations actually were, which made the occasional study buddy sessions feel a bit off. TAs were responsive and practical when I reached out, and I appreciated the real-world tips they tossed in during problem-solving sessions. I’d recommend it only if you’re prepared to juggle with uneven motivation and you’re comfortable asking for help, not just relying on the lectures alone.",workload,positive,True,True,"The reviewer says the workload felt doable with a full-time job and only a few focused study hours most weeks, despite noting some grind and fatigue.","The workload aspect is clearly mentioned and is described overall as manageable, aligning with a positive label."
156,"Calculus II was a solid mix of steady progress and the usual grind, which fit my full-time job pretty well since the workload felt doable even with only a few focused study hours most weeks. I started the term with genuine curiosity about the topics, and the lectures were clear and paced in a way that let me catch the main ideas without feeling overwhelmed, even when I bounced between lectures and work. The big hiccup for me was a memory from week one—trying to wrap my head around sequences and series in a single evening—and that early confusion kinda colored the rest of the term, making some later material feel easier by contrast but also making motivation dip on weeks with extra fatigue. The collaboration part felt murky; I wasn’t sure what the group expectations actually were, which made the occasional study buddy sessions feel a bit off. TAs were responsive and practical when I reached out, and I appreciated the real-world tips they tossed in during problem-solving sessions. I’d recommend it only if you’re prepared to juggle with uneven motivation and you’re comfortable asking for help, not just relying on the lectures alone.",__row_summary__,,True,True,supported 1/1; sentiment 1/1,"The workload aspect is clearly mentioned and is described overall as manageable, aligning with a positive label."
157,"I’m in my first semester, juggling a full-time job, and I tried to fit Machine Learning around short evening sessions with Prof. Alvarez. The lectures are clear and the pacing isn’t bad, but the grading rubric still feels vague, which has left me guessing about what exactly earns points and where I went wrong on the latest assignment. The software stack started rough for me at first, though it smooths out after a couple of weeks, and the TAs are reasonably responsive and practical when I hit a wall. I compare this to another course from the same term, which had tighter rubric guidance but tougher deadlines, and I found myself wishing for a bit more precision here. Overall, I’ve softened my initial frustration, but the friction around grading sticks with me.",grading_transparency,neutral,True,False,"The review says the grading rubric feels vague and causes ongoing friction, which is negative rather than neutral.","Two labels match the review, but grading_transparency is misclassified as neutral despite clearly negative wording."
157,"I’m in my first semester, juggling a full-time job, and I tried to fit Machine Learning around short evening sessions with Prof. Alvarez. The lectures are clear and the pacing isn’t bad, but the grading rubric still feels vague, which has left me guessing about what exactly earns points and where I went wrong on the latest assignment. The software stack started rough for me at first, though it smooths out after a couple of weeks, and the TAs are reasonably responsive and practical when I hit a wall. I compare this to another course from the same term, which had tighter rubric guidance but tougher deadlines, and I found myself wishing for a bit more precision here. Overall, I’ve softened my initial frustration, but the friction around grading sticks with me.",pacing,neutral,True,True,"The student says lectures are clear and the pacing 'isn’t bad,' suggesting a roughly neutral-to-slightly-positive view; neutral is acceptable.","Two labels match the review, but grading_transparency is misclassified as neutral despite clearly negative wording."
157,"I’m in my first semester, juggling a full-time job, and I tried to fit Machine Learning around short evening sessions with Prof. Alvarez. The lectures are clear and the pacing isn’t bad, but the grading rubric still feels vague, which has left me guessing about what exactly earns points and where I went wrong on the latest assignment. The software stack started rough for me at first, though it smooths out after a couple of weeks, and the TAs are reasonably responsive and practical when I hit a wall. I compare this to another course from the same term, which had tighter rubric guidance but tougher deadlines, and I found myself wishing for a bit more precision here. Overall, I’ve softened my initial frustration, but the friction around grading sticks with me.",feedback_quality,negative,True,True,"They feel left guessing about what earns points/where they went wrong, indicating poor feedback/clarity around grading (negative).","Two labels match the review, but grading_transparency is misclassified as neutral despite clearly negative wording."
157,"I’m in my first semester, juggling a full-time job, and I tried to fit Machine Learning around short evening sessions with Prof. Alvarez. The lectures are clear and the pacing isn’t bad, but the grading rubric still feels vague, which has left me guessing about what exactly earns points and where I went wrong on the latest assignment. The software stack started rough for me at first, though it smooths out after a couple of weeks, and the TAs are reasonably responsive and practical when I hit a wall. I compare this to another course from the same term, which had tighter rubric guidance but tougher deadlines, and I found myself wishing for a bit more precision here. Overall, I’ve softened my initial frustration, but the friction around grading sticks with me.",__row_summary__,,True,False,supported 3/3; sentiment 2/3,"Two labels match the review, but grading_transparency is misclassified as neutral despite clearly negative wording."
158,"Taking Machine Learning with Prof. Haddad was a necessary pit stop for my specialization, but I’m still rusty and the whole thing felt like a jam-packed sprint stacked with deadlines. The slides were serviceable enough to skim on a bad morning, yet nothing memorable stuck—between the long formula slides and the sparse worked examples, I left more with a checklist than a genuine intuition. I kept rewatching a few office hours clips and DM’ing a couple of TAs, which helped more than the in-lecture prompts ever did, especially when the project let you actually apply something beyond theory. Feedback sometimes arrived weeks after I turned in a draft, which is fine for learning, but it didn’t help me steer the next submission, and that delay made the high-stakes exams feel messier than they needed to be. The course demanded a heavy project grind on top of looming exams, and I felt like the deadlines piled up unexpectedly, almost to the point of undermining the motivation I had left. I’d walk away feeling like it did the job but wouldn’t sign up again, even though the content did connect to what I hoped to build later.",interest,positive,True,False,"The reviewer says it was necessary but a stressful sprint, motivation was undermined, and they 'wouldn’t sign up again,' indicating neutral-to-negative interest overall despite some future relevance.","Materials is labeled faithfully, but interest is overstated as positive given the reviewer’s reluctance to retake the course."
158,"Taking Machine Learning with Prof. Haddad was a necessary pit stop for my specialization, but I’m still rusty and the whole thing felt like a jam-packed sprint stacked with deadlines. The slides were serviceable enough to skim on a bad morning, yet nothing memorable stuck—between the long formula slides and the sparse worked examples, I left more with a checklist than a genuine intuition. I kept rewatching a few office hours clips and DM’ing a couple of TAs, which helped more than the in-lecture prompts ever did, especially when the project let you actually apply something beyond theory. Feedback sometimes arrived weeks after I turned in a draft, which is fine for learning, but it didn’t help me steer the next submission, and that delay made the high-stakes exams feel messier than they needed to be. The course demanded a heavy project grind on top of looming exams, and I felt like the deadlines piled up unexpectedly, almost to the point of undermining the motivation I had left. I’d walk away feeling like it did the job but wouldn’t sign up again, even though the content did connect to what I hoped to build later.",materials,negative,True,True,"Slides are described as 'serviceable' but unmemorable with long formulas and sparse examples, implying negative sentiment toward course materials.","Materials is labeled faithfully, but interest is overstated as positive given the reviewer’s reluctance to retake the course."
158,"Taking Machine Learning with Prof. Haddad was a necessary pit stop for my specialization, but I’m still rusty and the whole thing felt like a jam-packed sprint stacked with deadlines. The slides were serviceable enough to skim on a bad morning, yet nothing memorable stuck—between the long formula slides and the sparse worked examples, I left more with a checklist than a genuine intuition. I kept rewatching a few office hours clips and DM’ing a couple of TAs, which helped more than the in-lecture prompts ever did, especially when the project let you actually apply something beyond theory. Feedback sometimes arrived weeks after I turned in a draft, which is fine for learning, but it didn’t help me steer the next submission, and that delay made the high-stakes exams feel messier than they needed to be. The course demanded a heavy project grind on top of looming exams, and I felt like the deadlines piled up unexpectedly, almost to the point of undermining the motivation I had left. I’d walk away feeling like it did the job but wouldn’t sign up again, even though the content did connect to what I hoped to build later.",__row_summary__,,True,False,supported 2/2; sentiment 1/2,"Materials is labeled faithfully, but interest is overstated as positive given the reviewer’s reluctance to retake the course."
159,"Data Structures this summer was a rough ride: the pacing felt crushed by the compressed term, and I started out trying to stay engaged but by midsemester my attendance drifted as other tough courses piled up. I’m a returning student and felt rusty, and it shows up in how uneven the week-to-week teaching lands, even though the LMS and submission flow stayed smooth. The feedback varied a lot by assignment, and a key project deadline pattern didn’t help my juggling, but at least the prerequisites fit when I knew",organization,negative,True,True,"Mentions crushed pacing in compressed term and unhelpful project deadline pattern, indicating poor course organization/scheduling.",The negative organization label is supported by complaints about pacing and deadlines.
159,"Data Structures this summer was a rough ride: the pacing felt crushed by the compressed term, and I started out trying to stay engaged but by midsemester my attendance drifted as other tough courses piled up. I’m a returning student and felt rusty, and it shows up in how uneven the week-to-week teaching lands, even though the LMS and submission flow stayed smooth. The feedback varied a lot by assignment, and a key project deadline pattern didn’t help my juggling, but at least the prerequisites fit when I knew",__row_summary__,,True,True,supported 1/1; sentiment 1/1,The negative organization label is supported by complaints about pacing and deadlines.
160,"I’m in my last semester and juggling a full-time job, so I fell behind in the Computer Networks course and ended up sprinting to catch up around the deadlines, which left me with a nagging sense of churn rather than steady progress. Dr. Miller is approachable and the peer help in our cohort surprisingly carried more weight than any instructor response, which helped when I was stuck on the TCP congestion window timings. The assessment mix felt misaligned with the lectures: we had a heavy project component and a couple of quick quizzes that didn’t map neatly to what we’d covered in class, so I ended up guessing through some of the practical bits. Practical application was the hardest pill to swallow, especially since the tooling didn’t feel obviously user-friendly for someone who’s already steeped in adjacent material; I kept wishing there was a clearer roadmap showing how the lab tasks tied to real deployments. I did appreciate the group work when our team clicked, but relying on someone else to pull extra weight added stress given my time constraints. A late-semester turning point was the moment I realized I needed to prioritize the core concepts over trying to master every tool, and that realization came with mixed relief and frustration.",tooling_usability,neutral,True,False,"Reviewer says the tooling “didn’t feel obviously user-friendly,” indicating negative sentiment rather than neutral.","Two labels match the review, but tooling usability is misclassified as neutral instead of negative."
160,"I’m in my last semester and juggling a full-time job, so I fell behind in the Computer Networks course and ended up sprinting to catch up around the deadlines, which left me with a nagging sense of churn rather than steady progress. Dr. Miller is approachable and the peer help in our cohort surprisingly carried more weight than any instructor response, which helped when I was stuck on the TCP congestion window timings. The assessment mix felt misaligned with the lectures: we had a heavy project component and a couple of quick quizzes that didn’t map neatly to what we’d covered in class, so I ended up guessing through some of the practical bits. Practical application was the hardest pill to swallow, especially since the tooling didn’t feel obviously user-friendly for someone who’s already steeped in adjacent material; I kept wishing there was a clearer roadmap showing how the lab tasks tied to real deployments. I did appreciate the group work when our team clicked, but relying on someone else to pull extra weight added stress given my time constraints. A late-semester turning point was the moment I realized I needed to prioritize the core concepts over trying to master every tool, and that realization came with mixed relief and frustration.",support,positive,True,True,"Mentions Dr. Miller is approachable and peer help was especially valuable when stuck, reflecting positive support.","Two labels match the review, but tooling usability is misclassified as neutral instead of negative."
160,"I’m in my last semester and juggling a full-time job, so I fell behind in the Computer Networks course and ended up sprinting to catch up around the deadlines, which left me with a nagging sense of churn rather than steady progress. Dr. Miller is approachable and the peer help in our cohort surprisingly carried more weight than any instructor response, which helped when I was stuck on the TCP congestion window timings. The assessment mix felt misaligned with the lectures: we had a heavy project component and a couple of quick quizzes that didn’t map neatly to what we’d covered in class, so I ended up guessing through some of the practical bits. Practical application was the hardest pill to swallow, especially since the tooling didn’t feel obviously user-friendly for someone who’s already steeped in adjacent material; I kept wishing there was a clearer roadmap showing how the lab tasks tied to real deployments. I did appreciate the group work when our team clicked, but relying on someone else to pull extra weight added stress given my time constraints. A late-semester turning point was the moment I realized I needed to prioritize the core concepts over trying to master every tool, and that realization came with mixed relief and frustration.",practical_application,negative,True,True,"Calls practical application “the hardest pill to swallow” and wants a clearer roadmap to real deployments, which is negative.","Two labels match the review, but tooling usability is misclassified as neutral instead of negative."
160,"I’m in my last semester and juggling a full-time job, so I fell behind in the Computer Networks course and ended up sprinting to catch up around the deadlines, which left me with a nagging sense of churn rather than steady progress. Dr. Miller is approachable and the peer help in our cohort surprisingly carried more weight than any instructor response, which helped when I was stuck on the TCP congestion window timings. The assessment mix felt misaligned with the lectures: we had a heavy project component and a couple of quick quizzes that didn’t map neatly to what we’d covered in class, so I ended up guessing through some of the practical bits. Practical application was the hardest pill to swallow, especially since the tooling didn’t feel obviously user-friendly for someone who’s already steeped in adjacent material; I kept wishing there was a clearer roadmap showing how the lab tasks tied to real deployments. I did appreciate the group work when our team clicked, but relying on someone else to pull extra weight added stress given my time constraints. A late-semester turning point was the moment I realized I needed to prioritize the core concepts over trying to master every tool, and that realization came with mixed relief and frustration.",__row_summary__,,True,False,supported 3/3; sentiment 2/3,"Two labels match the review, but tooling usability is misclassified as neutral instead of negative."
161,"Computer Networks with Dr. Chen was a required slog for me, since I’m juggling a full-time job and only get a few hours to study each week. The course felt organized in slides and weekly topics, but the communication around policies and deadlines was sloppy at times, which didn’t help when I was already racing to patch together time between shifts. The assessments mattered a lot—each one stung and dragged my week longer than I wanted—though I could tell the grading was fair, even if exhausting, especially since I had another tough class lined up. Office hours were a rescue: a few focused sessions cleared up what felt like scattered week-to-week instruction, and I left feeling like I almost understood the material—just barely kept afloat, honestly.",organization,positive,True,False,"The review says slides/topics felt organized but also calls policies/deadlines communication sloppy and instruction scattered, making overall sentiment mixed rather than clearly positive.",One label is overstated (organization) and the other is not evidenced (practical_application).
161,"Computer Networks with Dr. Chen was a required slog for me, since I’m juggling a full-time job and only get a few hours to study each week. The course felt organized in slides and weekly topics, but the communication around policies and deadlines was sloppy at times, which didn’t help when I was already racing to patch together time between shifts. The assessments mattered a lot—each one stung and dragged my week longer than I wanted—though I could tell the grading was fair, even if exhausting, especially since I had another tough class lined up. Office hours were a rescue: a few focused sessions cleared up what felt like scattered week-to-week instruction, and I left feeling like I almost understood the material—just barely kept afloat, honestly.",practical_application,positive,False,False,"The review does not mention real-world use, hands-on projects, or applying concepts; it focuses on workload, assessments, and support.",One label is overstated (organization) and the other is not evidenced (practical_application).
161,"Computer Networks with Dr. Chen was a required slog for me, since I’m juggling a full-time job and only get a few hours to study each week. The course felt organized in slides and weekly topics, but the communication around policies and deadlines was sloppy at times, which didn’t help when I was already racing to patch together time between shifts. The assessments mattered a lot—each one stung and dragged my week longer than I wanted—though I could tell the grading was fair, even if exhausting, especially since I had another tough class lined up. Office hours were a rescue: a few focused sessions cleared up what felt like scattered week-to-week instruction, and I left feeling like I almost understood the material—just barely kept afloat, honestly.",__row_summary__,,False,False,supported 1/2; sentiment 0/2,One label is overstated (organization) and the other is not evidenced (practical_application).
162,"I’ll start by saying the course was a solid B for me, and it pretty much matched the effort I could put in during the summer term, when my schedule was tight and I was juggling a full-time job. The pacing felt compressed, and the week-to-week rhythm was uneven enough that I often felt I was catching up rather than staying ahead. The project-heavy layout meant high-stakes exams loomed, and I found myself scrambling a bit more than I’d like after long days of work. The LMS and submission flow stayed smooth enough, which helped keep me moving, but the actual content delivery didn’t always land; some weeks the lectures clicked, other weeks I left with a lot of questions and no quick answer. Support via email was slow right around deadlines, which added a little extra stress when I needed guidance quickly. I did appreciate that the materials were there, even if I didn’t always love how they organized the topics, and I felt the grading quirks—like how the project rubric weighed against the exams—were a fair but blunt reality. Overall, I earned a solid B, and it mostly lined up with the effort I could put in.",feedback_quality,neutral,True,False,"The review says content delivery was inconsistent and email support was slow near deadlines, which is negative rather than neutral.","All three aspects are mentioned, but the declared sentiments do not faithfully reflect the review."
162,"I’ll start by saying the course was a solid B for me, and it pretty much matched the effort I could put in during the summer term, when my schedule was tight and I was juggling a full-time job. The pacing felt compressed, and the week-to-week rhythm was uneven enough that I often felt I was catching up rather than staying ahead. The project-heavy layout meant high-stakes exams loomed, and I found myself scrambling a bit more than I’d like after long days of work. The LMS and submission flow stayed smooth enough, which helped keep me moving, but the actual content delivery didn’t always land; some weeks the lectures clicked, other weeks I left with a lot of questions and no quick answer. Support via email was slow right around deadlines, which added a little extra stress when I needed guidance quickly. I did appreciate that the materials were there, even if I didn’t always love how they organized the topics, and I felt the grading quirks—like how the project rubric weighed against the exams—were a fair but blunt reality. Overall, I earned a solid B, and it mostly lined up with the effort I could put in.",exam_fairness,negative,True,False,"Exams are described as high-stakes/looming, but fairness is not criticized; grading is called 'fair but blunt,' so negative fairness isn’t supported.","All three aspects are mentioned, but the declared sentiments do not faithfully reflect the review."
162,"I’ll start by saying the course was a solid B for me, and it pretty much matched the effort I could put in during the summer term, when my schedule was tight and I was juggling a full-time job. The pacing felt compressed, and the week-to-week rhythm was uneven enough that I often felt I was catching up rather than staying ahead. The project-heavy layout meant high-stakes exams loomed, and I found myself scrambling a bit more than I’d like after long days of work. The LMS and submission flow stayed smooth enough, which helped keep me moving, but the actual content delivery didn’t always land; some weeks the lectures clicked, other weeks I left with a lot of questions and no quick answer. Support via email was slow right around deadlines, which added a little extra stress when I needed guidance quickly. I did appreciate that the materials were there, even if I didn’t always love how they organized the topics, and I felt the grading quirks—like how the project rubric weighed against the exams—were a fair but blunt reality. Overall, I earned a solid B, and it mostly lined up with the effort I could put in.",materials,negative,True,False,"They 'appreciate that the materials were there' but disliked topic organization; overall reads mixed/neutral, not purely negative.","All three aspects are mentioned, but the declared sentiments do not faithfully reflect the review."
162,"I’ll start by saying the course was a solid B for me, and it pretty much matched the effort I could put in during the summer term, when my schedule was tight and I was juggling a full-time job. The pacing felt compressed, and the week-to-week rhythm was uneven enough that I often felt I was catching up rather than staying ahead. The project-heavy layout meant high-stakes exams loomed, and I found myself scrambling a bit more than I’d like after long days of work. The LMS and submission flow stayed smooth enough, which helped keep me moving, but the actual content delivery didn’t always land; some weeks the lectures clicked, other weeks I left with a lot of questions and no quick answer. Support via email was slow right around deadlines, which added a little extra stress when I needed guidance quickly. I did appreciate that the materials were there, even if I didn’t always love how they organized the topics, and I felt the grading quirks—like how the project rubric weighed against the exams—were a fair but blunt reality. Overall, I earned a solid B, and it mostly lined up with the effort I could put in.",__row_summary__,,True,False,supported 3/3; sentiment 0/3,"All three aspects are mentioned, but the declared sentiments do not faithfully reflect the review."
163,"Tell you what, Dr. Singh’s Computer Networks felt like a sprint with the router labs—fell behind for a week and caught up around deadlines, since the tool setup eats time and the project-heavy grind stares back. I survived with a study group, office hours, and one memorable week on the midterm.",relevance,positive,False,False,"The review discusses workload, labs, deadlines, and coping strategies but does not address how relevant the course is.","Neither declared aspect is explicitly discussed in the review, so the positive labels are not justified."
163,"Tell you what, Dr. Singh’s Computer Networks felt like a sprint with the router labs—fell behind for a week and caught up around deadlines, since the tool setup eats time and the project-heavy grind stares back. I survived with a study group, office hours, and one memorable week on the midterm.",prerequisite_fit,positive,False,False,"There is no mention of prior preparation, prerequisites, or whether the student's background fit the course.","Neither declared aspect is explicitly discussed in the review, so the positive labels are not justified."
163,"Tell you what, Dr. Singh’s Computer Networks felt like a sprint with the router labs—fell behind for a week and caught up around deadlines, since the tool setup eats time and the project-heavy grind stares back. I survived with a study group, office hours, and one memorable week on the midterm.",__row_summary__,,False,False,supported 0/2; sentiment 0/2,"Neither declared aspect is explicitly discussed in the review, so the positive labels are not justified."
164,"Data Structures with Dr. Park was okay for me since I had enough time but inconsistent motivation, so I mostly relied on recordings and notes. The setup and tooling to get started felt like a slog, and the email support was slow when deadlines hit, but the course moved at a steady clip most weeks and I stayed under time pressure. I felt the prerequisites assumed more than advertised, and collaboration expectations were fuzzy, though I did manage to finish the project with a mixed sense of achievement.",accessibility,positive,True,False,"Mentions sloggy setup/tooling and slow email support near deadlines, suggesting accessibility/support issues rather than positive.","All declared sentiments are not faithful to the review, and one aspect (lecturer_quality) is not explicitly discussed."
164,"Data Structures with Dr. Park was okay for me since I had enough time but inconsistent motivation, so I mostly relied on recordings and notes. The setup and tooling to get started felt like a slog, and the email support was slow when deadlines hit, but the course moved at a steady clip most weeks and I stayed under time pressure. I felt the prerequisites assumed more than advertised, and collaboration expectations were fuzzy, though I did manage to finish the project with a mixed sense of achievement.",overall_experience,positive,True,False,"Overall tone is mixed to negative (""okay,"" slog, slow support, high time pressure, prerequisites assumed more, fuzzy expectations), not clearly positive.","All declared sentiments are not faithful to the review, and one aspect (lecturer_quality) is not explicitly discussed."
164,"Data Structures with Dr. Park was okay for me since I had enough time but inconsistent motivation, so I mostly relied on recordings and notes. The setup and tooling to get started felt like a slog, and the email support was slow when deadlines hit, but the course moved at a steady clip most weeks and I stayed under time pressure. I felt the prerequisites assumed more than advertised, and collaboration expectations were fuzzy, though I did manage to finish the project with a mixed sense of achievement.",lecturer_quality,neutral,False,False,Instructor is named but no clear evaluation of Dr. Park’s teaching/quality is given.,"All declared sentiments are not faithful to the review, and one aspect (lecturer_quality) is not explicitly discussed."
164,"Data Structures with Dr. Park was okay for me since I had enough time but inconsistent motivation, so I mostly relied on recordings and notes. The setup and tooling to get started felt like a slog, and the email support was slow when deadlines hit, but the course moved at a steady clip most weeks and I stayed under time pressure. I felt the prerequisites assumed more than advertised, and collaboration expectations were fuzzy, though I did manage to finish the project with a mixed sense of achievement.",__row_summary__,,False,False,supported 2/3; sentiment 0/3,"All declared sentiments are not faithful to the review, and one aspect (lecturer_quality) is not explicitly discussed."
165,"Cycling through Cyber Security Basics mid-semester while juggling a full-time job was rough but doable, and I ended up with an A after the curve mostly because the lectures were clear and the pacing helped me keep up. I relied more on the peer discussion than the official materials; those quick chats in the forum often cleared up the tricky bits faster than the slides. Grading felt fast on the numbers, but the explanations for why a score landed where were thin, so I kept a close eye on the rubric and hoped for the best. A concrete moment: the weekly mini-quiz where the deadline pattern seemed to shift a day—made me plan around work shifts, which was annoying but manageable. Overall, it felt like a solid mid-semester stretch, and I think I landed in the A range after a curve.",difficulty,neutral,True,True,"Says it was 'rough but doable' while working full-time, implying moderate difficulty overall.","Difficulty is expressed as moderate, but feedback quality is described negatively, so the positive label is not faithful."
165,"Cycling through Cyber Security Basics mid-semester while juggling a full-time job was rough but doable, and I ended up with an A after the curve mostly because the lectures were clear and the pacing helped me keep up. I relied more on the peer discussion than the official materials; those quick chats in the forum often cleared up the tricky bits faster than the slides. Grading felt fast on the numbers, but the explanations for why a score landed where were thin, so I kept a close eye on the rubric and hoped for the best. A concrete moment: the weekly mini-quiz where the deadline pattern seemed to shift a day—made me plan around work shifts, which was annoying but manageable. Overall, it felt like a solid mid-semester stretch, and I think I landed in the A range after a curve.",feedback_quality,positive,True,False,"Notes grading explanations were 'thin' despite fast scoring, indicating negative feedback quality.","Difficulty is expressed as moderate, but feedback quality is described negatively, so the positive label is not faithful."
165,"Cycling through Cyber Security Basics mid-semester while juggling a full-time job was rough but doable, and I ended up with an A after the curve mostly because the lectures were clear and the pacing helped me keep up. I relied more on the peer discussion than the official materials; those quick chats in the forum often cleared up the tricky bits faster than the slides. Grading felt fast on the numbers, but the explanations for why a score landed where were thin, so I kept a close eye on the rubric and hoped for the best. A concrete moment: the weekly mini-quiz where the deadline pattern seemed to shift a day—made me plan around work shifts, which was annoying but manageable. Overall, it felt like a solid mid-semester stretch, and I think I landed in the A range after a curve.",__row_summary__,,True,False,supported 2/2; sentiment 1/2,"Difficulty is expressed as moderate, but feedback quality is described negatively, so the positive label is not faithful."
166,"Data Structures felt a bit too fast for my first-semester brain, and the prerequisites assumed more math and code basics than I’d expected; I started off engaged but attendance faded as midsemester crunch hit, especially with the quirky deadline bursts and a heavy project that didn’t map neatly to lectures with Prof. Alvarez.",prerequisite_fit,positive,True,False,"The reviewer says prerequisites assumed more math/code basics than expected, indicating a poor fit, not positive.","One label matches the review, while prerequisite_fit sentiment is reversed."
166,"Data Structures felt a bit too fast for my first-semester brain, and the prerequisites assumed more math and code basics than I’d expected; I started off engaged but attendance faded as midsemester crunch hit, especially with the quirky deadline bursts and a heavy project that didn’t map neatly to lectures with Prof. Alvarez.",clarity,negative,True,True,Comments about the course being too fast and the project not mapping neatly to lectures imply lack of clarity/alignment.,"One label matches the review, while prerequisite_fit sentiment is reversed."
166,"Data Structures felt a bit too fast for my first-semester brain, and the prerequisites assumed more math and code basics than I’d expected; I started off engaged but attendance faded as midsemester crunch hit, especially with the quirky deadline bursts and a heavy project that didn’t map neatly to lectures with Prof. Alvarez.",__row_summary__,,True,False,supported 2/2; sentiment 1/2,"One label matches the review, while prerequisite_fit sentiment is reversed."
167,"As a returning student in my first term, Data Structures felt rusty at first but became doable; the peer-discussion helped more than the official notes, and the software stack was rough early on. The week of the midterm stands out.",relevance,negative,False,False,"The review discusses difficulty, resources, software stack, and the midterm week, but does not clearly address course relevance.",The declared negative sentiment for relevance is not faithful because relevance is not mentioned in the review.
167,"As a returning student in my first term, Data Structures felt rusty at first but became doable; the peer-discussion helped more than the official notes, and the software stack was rough early on. The week of the midterm stands out.",__row_summary__,,False,False,supported 0/1; sentiment 0/1,The declared negative sentiment for relevance is not faithful because relevance is not mentioned in the review.
168,"Data Structures ended up as the main focus this term because the schedule fit, and I rode a mid-semester crunch hard. The LMS and submission flow were smooth, but I wish the graders were faster—grading comments were detailed yet surprisingly delayed, which made deadlines feel longer. I kept up by hitting office hours and the TAs’ forum threads, especially when a tricky linked-list assignment dragged on; I’d still take it again, even though I’d avoid the same timing squeeze.",tooling_usability,neutral,True,False,"The review says the LMS and submission flow were smooth, which is positive rather than neutral.",Tooling sentiment is mis-labeled as neutral; clarity is reasonably supported as positive.
168,"Data Structures ended up as the main focus this term because the schedule fit, and I rode a mid-semester crunch hard. The LMS and submission flow were smooth, but I wish the graders were faster—grading comments were detailed yet surprisingly delayed, which made deadlines feel longer. I kept up by hitting office hours and the TAs’ forum threads, especially when a tricky linked-list assignment dragged on; I’d still take it again, even though I’d avoid the same timing squeeze.",clarity,positive,True,True,"They mention detailed grading comments and using office hours/TAs’ forum threads to keep up, implying helpful explanations/clarity overall.",Tooling sentiment is mis-labeled as neutral; clarity is reasonably supported as positive.
168,"Data Structures ended up as the main focus this term because the schedule fit, and I rode a mid-semester crunch hard. The LMS and submission flow were smooth, but I wish the graders were faster—grading comments were detailed yet surprisingly delayed, which made deadlines feel longer. I kept up by hitting office hours and the TAs’ forum threads, especially when a tricky linked-list assignment dragged on; I’d still take it again, even though I’d avoid the same timing squeeze.",__row_summary__,,True,False,supported 2/2; sentiment 1/2,Tooling sentiment is mis-labeled as neutral; clarity is reasonably supported as positive.
169,"Machine Learning was a decent intro for industry usefulness, but the vibe was meh and the platform quirks plus slow email support stressed deadlines. I mostly did solo work, and the recorded lectures were useful yet dry, with one project around a simple classifier that stuck in my memory.",interest,neutral,True,True,"The review conveys mixed/tepid engagement (""decent intro"" but ""vibe was meh,"" lectures ""useful yet dry""), which fits neutral overall interest.",The declared interest label is supported by the review and matches its mixed/neutral tone.
169,"Machine Learning was a decent intro for industry usefulness, but the vibe was meh and the platform quirks plus slow email support stressed deadlines. I mostly did solo work, and the recorded lectures were useful yet dry, with one project around a simple classifier that stuck in my memory.",__row_summary__,,True,True,supported 1/1; sentiment 1/1,The declared interest label is supported by the review and matches its mixed/neutral tone.
170,"I’m a returning student who felt rusty, and I took Data Structures mainly because I heard it’s useful for industry work; Prof. Cohen’s lectures were clear and the pacing decent, but I used the materials only when needed, and the project-heavy setup with high-stakes exams kept me cautious.",peer_interaction,neutral,False,False,"The review does not mention classmates, discussion, group work, or any peer-related interaction.",Two sentiments are misaligned and one aspect is not evidenced in the review.
170,"I’m a returning student who felt rusty, and I took Data Structures mainly because I heard it’s useful for industry work; Prof. Cohen’s lectures were clear and the pacing decent, but I used the materials only when needed, and the project-heavy setup with high-stakes exams kept me cautious.",lecturer_quality,neutral,True,False,"The reviewer says Prof. Cohen’s lectures were clear with decent pacing, which is mildly positive rather than neutral.",Two sentiments are misaligned and one aspect is not evidenced in the review.
170,"I’m a returning student who felt rusty, and I took Data Structures mainly because I heard it’s useful for industry work; Prof. Cohen’s lectures were clear and the pacing decent, but I used the materials only when needed, and the project-heavy setup with high-stakes exams kept me cautious.",prerequisite_fit,positive,True,False,"The reviewer felt rusty (suggesting weaker fit/comfort), but gives no positive statement that prerequisites matched well.",Two sentiments are misaligned and one aspect is not evidenced in the review.
170,"I’m a returning student who felt rusty, and I took Data Structures mainly because I heard it’s useful for industry work; Prof. Cohen’s lectures were clear and the pacing decent, but I used the materials only when needed, and the project-heavy setup with high-stakes exams kept me cautious.",__row_summary__,,False,False,supported 2/3; sentiment 0/3,Two sentiments are misaligned and one aspect is not evidenced in the review.
171,"I took Calculus II in the summer term, so the pace felt compressed and a bit frantic, but I’m glad I stuck with the recordings and notes—the slides were serviceable and kept the core ideas in view, even if they aren’t memorable on their own. I’m comfortable with proofs, but the course leaned more on procedural problem sets and assignments with frequent deadlines, which kept me on my toes and left little time for random deep dives into the how and why. The forums helped when I needed quick clarifications, though a few threads felt dismissive or offhand, which was frustrating after I’d spent an hour chasing a nuance. I appreciated that the materials were solid and point me in the right direction, yet I often found the collaboration expectations murky, like we were supposed to coordinate somehow but the rules didn’t clearly spell out who does what. One standout moment: a weekly practice quiz that lived in a weird gray area between an auto-graded assignment and a discussion prompt, which I liked for forcing quick checks but disliked because it shredded my sleep a bit. Compared to another course I took earlier in the term, this one felt more intense in workload but less cohesive in how the ideas linked to the bigger picture. The instructor impressed me, even if I balked at the grading quirks that made the end-of-term say-so feel less fair.",materials,positive,True,True,"The review says the recordings/notes helped and the slides/materials were “serviceable,” “solid,” and pointed them in the right direction (mildly positive overall).","Materials is supported as mildly positive, while feedback_quality is not clearly supported and the declared positive label is not faithful."
171,"I took Calculus II in the summer term, so the pace felt compressed and a bit frantic, but I’m glad I stuck with the recordings and notes—the slides were serviceable and kept the core ideas in view, even if they aren’t memorable on their own. I’m comfortable with proofs, but the course leaned more on procedural problem sets and assignments with frequent deadlines, which kept me on my toes and left little time for random deep dives into the how and why. The forums helped when I needed quick clarifications, though a few threads felt dismissive or offhand, which was frustrating after I’d spent an hour chasing a nuance. I appreciated that the materials were solid and point me in the right direction, yet I often found the collaboration expectations murky, like we were supposed to coordinate somehow but the rules didn’t clearly spell out who does what. One standout moment: a weekly practice quiz that lived in a weird gray area between an auto-graded assignment and a discussion prompt, which I liked for forcing quick checks but disliked because it shredded my sleep a bit. Compared to another course I took earlier in the term, this one felt more intense in workload but less cohesive in how the ideas linked to the bigger picture. The instructor impressed me, even if I balked at the grading quirks that made the end-of-term say-so feel less fair.",feedback_quality,positive,False,False,"The review mentions forums providing quick clarifications but also being dismissive; it does not clearly describe instructor/TA feedback quality, and the sentiment is mixed rather than clearly positive.","Materials is supported as mildly positive, while feedback_quality is not clearly supported and the declared positive label is not faithful."
171,"I took Calculus II in the summer term, so the pace felt compressed and a bit frantic, but I’m glad I stuck with the recordings and notes—the slides were serviceable and kept the core ideas in view, even if they aren’t memorable on their own. I’m comfortable with proofs, but the course leaned more on procedural problem sets and assignments with frequent deadlines, which kept me on my toes and left little time for random deep dives into the how and why. The forums helped when I needed quick clarifications, though a few threads felt dismissive or offhand, which was frustrating after I’d spent an hour chasing a nuance. I appreciated that the materials were solid and point me in the right direction, yet I often found the collaboration expectations murky, like we were supposed to coordinate somehow but the rules didn’t clearly spell out who does what. One standout moment: a weekly practice quiz that lived in a weird gray area between an auto-graded assignment and a discussion prompt, which I liked for forcing quick checks but disliked because it shredded my sleep a bit. Compared to another course I took earlier in the term, this one felt more intense in workload but less cohesive in how the ideas linked to the bigger picture. The instructor impressed me, even if I balked at the grading quirks that made the end-of-term say-so feel less fair.",__row_summary__,,False,False,supported 1/2; sentiment 1/2,"Materials is supported as mildly positive, while feedback_quality is not clearly supported and the declared positive label is not faithful."
172,"I took Data Structures mostly because it fit my schedule more than it grabbed my interest, and the advanced elective vibe meant I could pretend I was digging deeper than I actually did. The instructor can explain concepts clearly, but the examples sometimes felt thin and the heavy report-heavy workload stretched my week more than I expected. Group work added value when the team functioned well, yet I used the materials selectively, hopping into the readings only when a project deadline loomed. A late-semester turning point made me realize I learned a lot, but I still disliked the overall experience and I’m unsure if the grade reflected my actual understanding; the feedback varied a lot by assignment, and I’m left with mixed memories of the whole run.",overall_experience,neutral,True,False,"The reviewer says they ""still disliked the overall experience"" and has mixed memories, which is more negative than neutral.","Both aspects are mentioned, but the declared sentiments do not align with the review."
172,"I took Data Structures mostly because it fit my schedule more than it grabbed my interest, and the advanced elective vibe meant I could pretend I was digging deeper than I actually did. The instructor can explain concepts clearly, but the examples sometimes felt thin and the heavy report-heavy workload stretched my week more than I expected. Group work added value when the team functioned well, yet I used the materials selectively, hopping into the readings only when a project deadline loomed. A late-semester turning point made me realize I learned a lot, but I still disliked the overall experience and I’m unsure if the grade reflected my actual understanding; the feedback varied a lot by assignment, and I’m left with mixed memories of the whole run.",workload,positive,True,False,"Workload is described as ""heavy"" and as stretching their week more than expected, indicating a negative sentiment, not positive.","Both aspects are mentioned, but the declared sentiments do not align with the review."
172,"I took Data Structures mostly because it fit my schedule more than it grabbed my interest, and the advanced elective vibe meant I could pretend I was digging deeper than I actually did. The instructor can explain concepts clearly, but the examples sometimes felt thin and the heavy report-heavy workload stretched my week more than I expected. Group work added value when the team functioned well, yet I used the materials selectively, hopping into the readings only when a project deadline loomed. A late-semester turning point made me realize I learned a lot, but I still disliked the overall experience and I’m unsure if the grade reflected my actual understanding; the feedback varied a lot by assignment, and I’m left with mixed memories of the whole run.",__row_summary__,,True,False,supported 2/2; sentiment 0/2,"Both aspects are mentioned, but the declared sentiments do not align with the review."
173,"took Cyber Security Basics in the summer term and found the recorded lectures useful but kinda dry, while the LMS flow was smooth; i needed it for a specialization, but the pacing felt compressed and the workload piled up with report-heavy tasks.",practical_application,positive,False,False,"The review does not mention hands-on/practical applicability, only lectures, LMS flow, pacing, and workload.",Both declared labels are not faithful to the review text.
173,"took Cyber Security Basics in the summer term and found the recorded lectures useful but kinda dry, while the LMS flow was smooth; i needed it for a specialization, but the pacing felt compressed and the workload piled up with report-heavy tasks.",accessibility,negative,True,False,"The review says the LMS flow was smooth (positive usability/access), not negative.",Both declared labels are not faithful to the review text.
173,"took Cyber Security Basics in the summer term and found the recorded lectures useful but kinda dry, while the LMS flow was smooth; i needed it for a specialization, but the pacing felt compressed and the workload piled up with report-heavy tasks.",__row_summary__,,False,False,supported 1/2; sentiment 0/2,Both declared labels are not faithful to the review text.
174,"Data Structures fit my halfway-through-mega-semester schedule, and I mostly skimmed when I could. The practical parts were helpful, but the workload and late feedback varied a lot, though office hours kept me from completely sinking.",practical_application,positive,True,True,"The review says the practical parts were helpful, indicating positive practical application.",Only practical application is clearly positive; the other labels are unsupported or have mismatched sentiment.
174,"Data Structures fit my halfway-through-mega-semester schedule, and I mostly skimmed when I could. The practical parts were helpful, but the workload and late feedback varied a lot, though office hours kept me from completely sinking.",lecturer_quality,neutral,False,False,No clear mention of lecturer/instructor quality; only office hours and feedback timing are referenced.,Only practical application is clearly positive; the other labels are unsupported or have mismatched sentiment.
174,"Data Structures fit my halfway-through-mega-semester schedule, and I mostly skimmed when I could. The practical parts were helpful, but the workload and late feedback varied a lot, though office hours kept me from completely sinking.",organization,positive,True,False,"Mentions workload and late feedback varied a lot, suggesting inconsistent organization rather than positive.",Only practical application is clearly positive; the other labels are unsupported or have mismatched sentiment.
174,"Data Structures fit my halfway-through-mega-semester schedule, and I mostly skimmed when I could. The practical parts were helpful, but the workload and late feedback varied a lot, though office hours kept me from completely sinking.",__row_summary__,,False,False,supported 2/3; sentiment 1/3,Only practical application is clearly positive; the other labels are unsupported or have mismatched sentiment.
175,"Taking Operating Systems in the middle of a brutal semester, I went in with genuine curiosity, but I got tangled in the week-by-week grind. I fell behind and caught up around deadlines, mostly by skim‑reading the official slides and then sprinting to discuss things in peer groups—that helped more than anything the official materials offered. Office hours with Prof. Haddad felt like a lifeline, almost a rescue—one night I brought a mess of notes and he helped me map what mattered for the next couple of weeks. The workload is report-heavy and time-consuming, and the feedback mindset felt sparse until it was already due, which was a bummer.",interest,positive,True,True,"The reviewer says they went in with 'genuine curiosity,' indicating positive interest despite later struggles.",The interest label is explicitly supported and correctly marked positive.
175,"Taking Operating Systems in the middle of a brutal semester, I went in with genuine curiosity, but I got tangled in the week-by-week grind. I fell behind and caught up around deadlines, mostly by skim‑reading the official slides and then sprinting to discuss things in peer groups—that helped more than anything the official materials offered. Office hours with Prof. Haddad felt like a lifeline, almost a rescue—one night I brought a mess of notes and he helped me map what mattered for the next couple of weeks. The workload is report-heavy and time-consuming, and the feedback mindset felt sparse until it was already due, which was a bummer.",__row_summary__,,True,True,supported 1/1; sentiment 1/1,The interest label is explicitly supported and correctly marked positive.
176,"I liked Prof. Haddad, but the grading felt vague and stressful. The few assessments mattered a lot, and feedback came too late; office hours saved me, though materials were a slog and I’m not sure the C reflected my understanding. Time pressure was okay most weeks.",materials,negative,True,True,"The review says 'materials were a slog,' indicating a negative view of the materials.","The materials aspect is clearly mentioned and described negatively, matching the label."
176,"I liked Prof. Haddad, but the grading felt vague and stressful. The few assessments mattered a lot, and feedback came too late; office hours saved me, though materials were a slog and I’m not sure the C reflected my understanding. Time pressure was okay most weeks.",__row_summary__,,True,True,supported 1/1; sentiment 1/1,"The materials aspect is clearly mentioned and described negatively, matching the label."
177,"I started the semester really into it, chasing the idea of how routers actually talk to each other in real networks, but by week eight my attendance dropped as the workload piled up and I started feeling overwhelmed. Dr. Singh explains concepts clearly in lectures, and the quick feedback on the weekly lab builds helped me adjust my approach while it mattered, especially around the project-heavy parts and the big midterm that loomed like a wall. The course works better if you have a study group; alone I felt like I was chasing parts of the syllabus, but with two friends we mapped out the week-by-week tasks and could push through the more high-stakes exams. Email support can be slow when deadlines hit, which was frustrating when I was trying to clarify the exam scope before the project due date. One memorable week was the subnetting drill in the second-to-last practical, where we had to design a small campus network and annotate the routing paths; it stuck with me because it felt tangible, not abstract. Overall I ended up with mixed feelings—the design of the assessments was solid, but the pace and the late feedback window sometimes left me scrambling.",assessment_design,positive,True,True,"The reviewer states 'the design of the assessments was solid,' indicating a positive view of assessment design despite other pacing/feedback issues.",The declared positive sentiment for assessment design is directly supported by the review.
177,"I started the semester really into it, chasing the idea of how routers actually talk to each other in real networks, but by week eight my attendance dropped as the workload piled up and I started feeling overwhelmed. Dr. Singh explains concepts clearly in lectures, and the quick feedback on the weekly lab builds helped me adjust my approach while it mattered, especially around the project-heavy parts and the big midterm that loomed like a wall. The course works better if you have a study group; alone I felt like I was chasing parts of the syllabus, but with two friends we mapped out the week-by-week tasks and could push through the more high-stakes exams. Email support can be slow when deadlines hit, which was frustrating when I was trying to clarify the exam scope before the project due date. One memorable week was the subnetting drill in the second-to-last practical, where we had to design a small campus network and annotate the routing paths; it stuck with me because it felt tangible, not abstract. Overall I ended up with mixed feelings—the design of the assessments was solid, but the pace and the late feedback window sometimes left me scrambling.",__row_summary__,,True,True,supported 1/1; sentiment 1/1,The declared positive sentiment for assessment design is directly supported by the review.
178,"I’d call the course mostly tolerable, but I’m glad it’s over. I came into Data Structures with little background, and it felt like the lectures moved too fast for someone learning the basics, while Prof. Cohen uses slides that are serviceable but not memorable. The grading rubrics seemed vague, and the mix of assignments didn’t line up well with what we covered in class, which made the whole semester feel like a guessing game. I barely passed after struggling most of the term, especially since the prerequisites felt heavier than advertised, and I took it alongside another tough class, so my focus was split. One thing that sticks is the small project where I wrestled with a simple linked list under time pressure; it’s not a shining memory, but I won’t forget how relief washed over me when I finally submitted.",organization,neutral,True,False,"The student implies poor course organization/structure (assignments not lining up with class content, vague rubrics, lectures too fast), which is negative rather than neutral.","The aspect is discussed, but the declared neutral sentiment is not faithful to the review."
178,"I’d call the course mostly tolerable, but I’m glad it’s over. I came into Data Structures with little background, and it felt like the lectures moved too fast for someone learning the basics, while Prof. Cohen uses slides that are serviceable but not memorable. The grading rubrics seemed vague, and the mix of assignments didn’t line up well with what we covered in class, which made the whole semester feel like a guessing game. I barely passed after struggling most of the term, especially since the prerequisites felt heavier than advertised, and I took it alongside another tough class, so my focus was split. One thing that sticks is the small project where I wrestled with a simple linked list under time pressure; it’s not a shining memory, but I won’t forget how relief washed over me when I finally submitted.",__row_summary__,,True,False,supported 1/1; sentiment 0/1,"The aspect is discussed, but the declared neutral sentiment is not faithful to the review."
179,"Calculus II fit around my full‑time job, so I relied on short evening sessions and a study group to stay afloat. The slides were serviceable but not memorable, and I wish the feedback came a bit faster; still, office hours saved the course for me when I hit a mid‑semester crunch. I remember a single forum thread where the TA explained a tricky integration by parts step in plain terms, which helped more than the graded comments.",workload,neutral,True,True,"Mentions needing to fit the course around a full-time job and relying on short sessions/study group to stay afloat, but without clear positive/negative judgment about workload itself.","Workload neutrality is plausible, but lecturer quality is portrayed as somewhat negative/mixed, not neutral."
179,"Calculus II fit around my full‑time job, so I relied on short evening sessions and a study group to stay afloat. The slides were serviceable but not memorable, and I wish the feedback came a bit faster; still, office hours saved the course for me when I hit a mid‑semester crunch. I remember a single forum thread where the TA explained a tricky integration by parts step in plain terms, which helped more than the graded comments.",lecturer_quality,neutral,True,False,Slides described as 'serviceable but not memorable' and feedback slow; office hours helped. Overall leans mildly negative/mixed rather than neutral.,"Workload neutrality is plausible, but lecturer quality is portrayed as somewhat negative/mixed, not neutral."
179,"Calculus II fit around my full‑time job, so I relied on short evening sessions and a study group to stay afloat. The slides were serviceable but not memorable, and I wish the feedback came a bit faster; still, office hours saved the course for me when I hit a mid‑semester crunch. I remember a single forum thread where the TA explained a tricky integration by parts step in plain terms, which helped more than the graded comments.",__row_summary__,,True,False,supported 2/2; sentiment 1/2,"Workload neutrality is plausible, but lecturer quality is portrayed as somewhat negative/mixed, not neutral."
180,"I took Linear Algebra mainly out of genuine curiosity, and I stuck with it as the main focus course that term, even though the material felt a bit thin at times. Prof. Haddad was engaging, and I appreciated how the prerequisite stuff lined up with what we did, but the grading felt oddly harsh for the level—things like the midterm and the weekly quizzes came with explanations that were skimmed at best. The LMS and submission flow were smooth, which helped after a late-night scramble, but the real value came from our peer discussions; those chats often helped more than the official notes. I remember one early lecture where I was totally lost on eigenvectors for a minute, and that confusion shaped how I approached the rest of the term, more than any single lecture.",tooling_usability,negative,True,False,"The review says the LMS and submission flow were smooth, indicating positive usability, not negative.",Two of the three declared sentiments do not match the review’s expressed opinions.
180,"I took Linear Algebra mainly out of genuine curiosity, and I stuck with it as the main focus course that term, even though the material felt a bit thin at times. Prof. Haddad was engaging, and I appreciated how the prerequisite stuff lined up with what we did, but the grading felt oddly harsh for the level—things like the midterm and the weekly quizzes came with explanations that were skimmed at best. The LMS and submission flow were smooth, which helped after a late-night scramble, but the real value came from our peer discussions; those chats often helped more than the official notes. I remember one early lecture where I was totally lost on eigenvectors for a minute, and that confusion shaped how I approached the rest of the term, more than any single lecture.",materials,negative,True,True,"It mentions the material felt thin and official notes/explanations were skimmed, which is negative toward course materials.",Two of the three declared sentiments do not match the review’s expressed opinions.
180,"I took Linear Algebra mainly out of genuine curiosity, and I stuck with it as the main focus course that term, even though the material felt a bit thin at times. Prof. Haddad was engaging, and I appreciated how the prerequisite stuff lined up with what we did, but the grading felt oddly harsh for the level—things like the midterm and the weekly quizzes came with explanations that were skimmed at best. The LMS and submission flow were smooth, which helped after a late-night scramble, but the real value came from our peer discussions; those chats often helped more than the official notes. I remember one early lecture where I was totally lost on eigenvectors for a minute, and that confusion shaped how I approached the rest of the term, more than any single lecture.",peer_interaction,neutral,True,False,"Peer discussions are described as the real value and more helpful than official notes, which is positive rather than neutral.",Two of the three declared sentiments do not match the review’s expressed opinions.
180,"I took Linear Algebra mainly out of genuine curiosity, and I stuck with it as the main focus course that term, even though the material felt a bit thin at times. Prof. Haddad was engaging, and I appreciated how the prerequisite stuff lined up with what we did, but the grading felt oddly harsh for the level—things like the midterm and the weekly quizzes came with explanations that were skimmed at best. The LMS and submission flow were smooth, which helped after a late-night scramble, but the real value came from our peer discussions; those chats often helped more than the official notes. I remember one early lecture where I was totally lost on eigenvectors for a minute, and that confusion shaped how I approached the rest of the term, more than any single lecture.",__row_summary__,,True,False,supported 3/3; sentiment 1/3,Two of the three declared sentiments do not match the review’s expressed opinions.
181,"Dr. Singh explains concepts clearly, which helped me despite being new to the field, but the example work felt thin and the tooling glitches during deadlines worsened weeks. TA responses were practical; I struggled with the heavy report-style assessments and the exam felt oddly heavy for basics.",lecturer_quality,positive,True,True,"The reviewer says Dr. Singh explains concepts clearly, indicating positive lecturer quality.","Lecturer quality is correctly labeled positive, but tooling usability is mislabeled as neutral despite clearly negative comments."
181,"Dr. Singh explains concepts clearly, which helped me despite being new to the field, but the example work felt thin and the tooling glitches during deadlines worsened weeks. TA responses were practical; I struggled with the heavy report-style assessments and the exam felt oddly heavy for basics.",tooling_usability,neutral,True,False,"The reviewer reports tooling glitches during deadlines that worsened weeks, which is negative rather than neutral.","Lecturer quality is correctly labeled positive, but tooling usability is mislabeled as neutral despite clearly negative comments."
181,"Dr. Singh explains concepts clearly, which helped me despite being new to the field, but the example work felt thin and the tooling glitches during deadlines worsened weeks. TA responses were practical; I struggled with the heavy report-style assessments and the exam felt oddly heavy for basics.",__row_summary__,,True,False,supported 2/2; sentiment 1/2,"Lecturer quality is correctly labeled positive, but tooling usability is mislabeled as neutral despite clearly negative comments."
182,"Data Structures in my first semester has its usefulness, but I’ll be honest: the tooling issues take the wind out of the sails more than they should. Dr. Chen delivers clear lectures with decent pacing, and I did use the materials selectively when I needed them, especially around the big graph assignment week, but the platform hiccups made deadline weeks feel chaotic and stressful rather than just challenging. I had enough time overall, but my motivation was inconsistent, so I leaned on the tools sparingly and often found the automated feedback arriving too late to shape the next submission meaningfully. There aren’t a ton of assessments, but each one carries weight, which kept the pressure steady and the focus sharp; one memorable week was the midterm where the questions about amortized analysis finally clicked, even if I felt like I’d botched the practice. The whole thing feels useful in practice, even if I didn’t enjoy slogging through the tooling glitches and the odd friction with submission checks. Overall, it’s a solid learning anchor, just with a few annoying moments that linger.",tooling_usability,positive,True,False,"The review repeatedly highlights tooling/platform hiccups, glitches, chaotic deadline weeks, and late automated feedback—overall negative usability.","The aspect is discussed, but the declared positive sentiment is not faithful to the review."
182,"Data Structures in my first semester has its usefulness, but I’ll be honest: the tooling issues take the wind out of the sails more than they should. Dr. Chen delivers clear lectures with decent pacing, and I did use the materials selectively when I needed them, especially around the big graph assignment week, but the platform hiccups made deadline weeks feel chaotic and stressful rather than just challenging. I had enough time overall, but my motivation was inconsistent, so I leaned on the tools sparingly and often found the automated feedback arriving too late to shape the next submission meaningfully. There aren’t a ton of assessments, but each one carries weight, which kept the pressure steady and the focus sharp; one memorable week was the midterm where the questions about amortized analysis finally clicked, even if I felt like I’d botched the practice. The whole thing feels useful in practice, even if I didn’t enjoy slogging through the tooling glitches and the odd friction with submission checks. Overall, it’s a solid learning anchor, just with a few annoying moments that linger.",__row_summary__,,True,False,supported 1/1; sentiment 0/1,"The aspect is discussed, but the declared positive sentiment is not faithful to the review."
183,"The Data Structures course was a mixed bag: the tooling was solid and the online compiler finally felt usable, but the prerequisites hit hard and I spent more time chasing explanations in forums that were occasionally dismissive. Attendance mostly meant watching recordings and skimming notes, which helped since I’m comfortable with proofs but not big on systems work; the workload is light until the last project, where one brutal, last-minute deadline made the assessment feel fair but exhausting.",tooling_usability,positive,True,True,Review says the tooling was solid and the online compiler felt usable.,Only tooling_usability is clearly supported with a positive sentiment; the other labels are not evidenced in the text.
183,"The Data Structures course was a mixed bag: the tooling was solid and the online compiler finally felt usable, but the prerequisites hit hard and I spent more time chasing explanations in forums that were occasionally dismissive. Attendance mostly meant watching recordings and skimming notes, which helped since I’m comfortable with proofs but not big on systems work; the workload is light until the last project, where one brutal, last-minute deadline made the assessment feel fair but exhausting.",organization,positive,False,False,No clear discussion of course organization/structure; mentions workload timing and a last-minute deadline but not overall organization positively.,Only tooling_usability is clearly supported with a positive sentiment; the other labels are not evidenced in the text.
183,"The Data Structures course was a mixed bag: the tooling was solid and the online compiler finally felt usable, but the prerequisites hit hard and I spent more time chasing explanations in forums that were occasionally dismissive. Attendance mostly meant watching recordings and skimming notes, which helped since I’m comfortable with proofs but not big on systems work; the workload is light until the last project, where one brutal, last-minute deadline made the assessment feel fair but exhausting.",practical_application,positive,False,False,"Review does not mention practical or real-world application; it focuses on tooling, prerequisites, forums, recordings, and workload.",Only tooling_usability is clearly supported with a positive sentiment; the other labels are not evidenced in the text.
183,"The Data Structures course was a mixed bag: the tooling was solid and the online compiler finally felt usable, but the prerequisites hit hard and I spent more time chasing explanations in forums that were occasionally dismissive. Attendance mostly meant watching recordings and skimming notes, which helped since I’m comfortable with proofs but not big on systems work; the workload is light until the last project, where one brutal, last-minute deadline made the assessment feel fair but exhausting.",__row_summary__,,False,False,supported 1/3; sentiment 1/3,Only tooling_usability is clearly supported with a positive sentiment; the other labels are not evidenced in the text.
184,"Calculus II was rough mid-semester: I fell behind as deadlines piled up and the tools to set up our environment felt like a slog, but quick feedback helped me claw back enough to pass with a curve. The course works better with a study group, and staff support felt limited.",accessibility,negative,True,True,"Mentions tools/environment setup felt like a slog and falling behind, suggesting difficulty of access/onboarding.","Two labels align with the review, but grading_transparency is not evidenced in the text."
184,"Calculus II was rough mid-semester: I fell behind as deadlines piled up and the tools to set up our environment felt like a slog, but quick feedback helped me claw back enough to pass with a curve. The course works better with a study group, and staff support felt limited.",grading_transparency,neutral,False,False,No discussion of how grading is explained or criteria transparency; only mentions passing with a curve.,"Two labels align with the review, but grading_transparency is not evidenced in the text."
184,"Calculus II was rough mid-semester: I fell behind as deadlines piled up and the tools to set up our environment felt like a slog, but quick feedback helped me claw back enough to pass with a curve. The course works better with a study group, and staff support felt limited.",overall_experience,negative,True,True,"Describes the course as rough with piled deadlines and limited staff support, despite some helpful feedback.","Two labels align with the review, but grading_transparency is not evidenced in the text."
184,"Calculus II was rough mid-semester: I fell behind as deadlines piled up and the tools to set up our environment felt like a slog, but quick feedback helped me claw back enough to pass with a curve. The course works better with a study group, and staff support felt limited.",__row_summary__,,False,False,supported 2/3; sentiment 2/3,"Two labels align with the review, but grading_transparency is not evidenced in the text."
185,"Operating Systems with Dr. Park felt like a mostly solo slog for me, since collaboration was minimal and the workload piled up, even though TAs were responsive and practical when I asked. The lectures never quite matched the assessment mix, and policies were fine but communications were sloppy, which added to the friction. I’d only recommend it if you’re comfortable with proofs and ready to push through the tougher weeks, especially around the exams. One memorable week was the big midterm, which felt oddly detached from the weekly forums.",accessibility,positive,False,False,The review does not clearly discuss accessibility; TA responsiveness is mentioned but not overall course accessibility.,"Workload and clarity labels are faithful, but accessibility is not clearly supported by the text."
185,"Operating Systems with Dr. Park felt like a mostly solo slog for me, since collaboration was minimal and the workload piled up, even though TAs were responsive and practical when I asked. The lectures never quite matched the assessment mix, and policies were fine but communications were sloppy, which added to the friction. I’d only recommend it if you’re comfortable with proofs and ready to push through the tougher weeks, especially around the exams. One memorable week was the big midterm, which felt oddly detached from the weekly forums.",workload,negative,True,True,The reviewer says the workload piled up and tougher weeks required pushing through.,"Workload and clarity labels are faithful, but accessibility is not clearly supported by the text."
185,"Operating Systems with Dr. Park felt like a mostly solo slog for me, since collaboration was minimal and the workload piled up, even though TAs were responsive and practical when I asked. The lectures never quite matched the assessment mix, and policies were fine but communications were sloppy, which added to the friction. I’d only recommend it if you’re comfortable with proofs and ready to push through the tougher weeks, especially around the exams. One memorable week was the big midterm, which felt oddly detached from the weekly forums.",clarity,negative,True,True,"They note lectures didn’t match assessments and communications were sloppy, indicating poor clarity/alignment.","Workload and clarity labels are faithful, but accessibility is not clearly supported by the text."
185,"Operating Systems with Dr. Park felt like a mostly solo slog for me, since collaboration was minimal and the workload piled up, even though TAs were responsive and practical when I asked. The lectures never quite matched the assessment mix, and policies were fine but communications were sloppy, which added to the friction. I’d only recommend it if you’re comfortable with proofs and ready to push through the tougher weeks, especially around the exams. One memorable week was the big midterm, which felt oddly detached from the weekly forums.",__row_summary__,,False,False,supported 2/3; sentiment 2/3,"Workload and clarity labels are faithful, but accessibility is not clearly supported by the text."
186,"Calculus II in the first term of the track felt like a needed stepping stone, and I did end up with a solid B that matched the effort I put in. The few assessments mattered a lot, and I appreciated the clear focus on the core ideas, though the instructor’s comments came late enough to blur some fixes before the next deadline. I’ll remember that initial push when the ramp-up started feeling sharp and a bit unsure, and how the project with the small graphing tool stuck with me after the early confusion.",lecturer_quality,negative,True,True,"Mentions instructor’s comments came late, implying a negative experience with feedback/timeliness.","Two labels align with the review, but accessibility is not clearly addressed."
186,"Calculus II in the first term of the track felt like a needed stepping stone, and I did end up with a solid B that matched the effort I put in. The few assessments mattered a lot, and I appreciated the clear focus on the core ideas, though the instructor’s comments came late enough to blur some fixes before the next deadline. I’ll remember that initial push when the ramp-up started feeling sharp and a bit unsure, and how the project with the small graphing tool stuck with me after the early confusion.",practical_application,positive,True,True,"The project using a small graphing tool is described as memorable, suggesting positive hands-on/practical value.","Two labels align with the review, but accessibility is not clearly addressed."
186,"Calculus II in the first term of the track felt like a needed stepping stone, and I did end up with a solid B that matched the effort I put in. The few assessments mattered a lot, and I appreciated the clear focus on the core ideas, though the instructor’s comments came late enough to blur some fixes before the next deadline. I’ll remember that initial push when the ramp-up started feeling sharp and a bit unsure, and how the project with the small graphing tool stuck with me after the early confusion.",accessibility,neutral,False,False,"No clear discussion of accessibility (e.g., accommodations, ease of access, inclusivity); only difficulty/uncertainty, which isn’t enough to label accessibility.","Two labels align with the review, but accessibility is not clearly addressed."
186,"Calculus II in the first term of the track felt like a needed stepping stone, and I did end up with a solid B that matched the effort I put in. The few assessments mattered a lot, and I appreciated the clear focus on the core ideas, though the instructor’s comments came late enough to blur some fixes before the next deadline. I’ll remember that initial push when the ramp-up started feeling sharp and a bit unsure, and how the project with the small graphing tool stuck with me after the early confusion.",__row_summary__,,False,False,supported 2/3; sentiment 2/3,"Two labels align with the review, but accessibility is not clearly addressed."
187,"I started Data Structures while juggling a full-time job and somehow got through, though I fell behind around deadlines and barely caught up; Prof. Haddad’s conceptual explanations helped me see the big picture, and the prerequisites fit better than I expected, even if the examples were thin.",practical_application,positive,False,False,"The review discusses conceptual explanations, prerequisites, and thin examples, but not real-world/practical application.",Only prerequisite_fit is clearly supported and correctly labeled; practical_application is not mentioned.
187,"I started Data Structures while juggling a full-time job and somehow got through, though I fell behind around deadlines and barely caught up; Prof. Haddad’s conceptual explanations helped me see the big picture, and the prerequisites fit better than I expected, even if the examples were thin.",prerequisite_fit,positive,True,True,"The reviewer says the prerequisites fit better than expected, indicating a positive fit.",Only prerequisite_fit is clearly supported and correctly labeled; practical_application is not mentioned.
187,"I started Data Structures while juggling a full-time job and somehow got through, though I fell behind around deadlines and barely caught up; Prof. Haddad’s conceptual explanations helped me see the big picture, and the prerequisites fit better than I expected, even if the examples were thin.",__row_summary__,,False,False,supported 1/2; sentiment 1/2,Only prerequisite_fit is clearly supported and correctly labeled; practical_application is not mentioned.
188,"I took Data Structures as an advanced elective while holding a full-time job, and I’m still not sure the grade I got reflected my understanding. The lectures felt steady enough, but I often relied on recordings and notes because I was juggling deadlines, so I can’t shake the sense that the pace and depth didn’t always line up with what I could actually absorb after a long day at work. The assessments felt a bit mismatched with the lectures—fast, surface-level quizzes followed by a big project, and the fast feedback with only a couple of lines explaining where I’d gone wrong didn’t help me connect the dots. Prerequisites seemed to build on what was promised, but the stack of deadlines stacked up in weeks with two big deliverables and a midterm week I didn’t see coming, which left me scrambling. I think the class works a lot better if you have a study group, because alone I struggled to pin down where the abstraction ends and the practical code begins. One memorable week was the project kickoff, when I realized I’d underestimated how much planning you need before you can even start coding, and that stuck with me long after the grade. Overall, I’m torn: I still won’t be certain I fully grasped the material, but I did finish with something I can point to as real progress.",lecturer_quality,neutral,True,True,"Mentions lectures were ""steady enough"" with no strong praise or criticism, fitting a neutral label.","One label matches the review, while prerequisite fit is mis-sentimented."
188,"I took Data Structures as an advanced elective while holding a full-time job, and I’m still not sure the grade I got reflected my understanding. The lectures felt steady enough, but I often relied on recordings and notes because I was juggling deadlines, so I can’t shake the sense that the pace and depth didn’t always line up with what I could actually absorb after a long day at work. The assessments felt a bit mismatched with the lectures—fast, surface-level quizzes followed by a big project, and the fast feedback with only a couple of lines explaining where I’d gone wrong didn’t help me connect the dots. Prerequisites seemed to build on what was promised, but the stack of deadlines stacked up in weeks with two big deliverables and a midterm week I didn’t see coming, which left me scrambling. I think the class works a lot better if you have a study group, because alone I struggled to pin down where the abstraction ends and the practical code begins. One memorable week was the project kickoff, when I realized I’d underestimated how much planning you need before you can even start coding, and that stuck with me long after the grade. Overall, I’m torn: I still won’t be certain I fully grasped the material, but I did finish with something I can point to as real progress.",prerequisite_fit,negative,True,False,"Says prerequisites ""seemed to build on what was promised,"" which is mildly positive/adequate, not negative.","One label matches the review, while prerequisite fit is mis-sentimented."
188,"I took Data Structures as an advanced elective while holding a full-time job, and I’m still not sure the grade I got reflected my understanding. The lectures felt steady enough, but I often relied on recordings and notes because I was juggling deadlines, so I can’t shake the sense that the pace and depth didn’t always line up with what I could actually absorb after a long day at work. The assessments felt a bit mismatched with the lectures—fast, surface-level quizzes followed by a big project, and the fast feedback with only a couple of lines explaining where I’d gone wrong didn’t help me connect the dots. Prerequisites seemed to build on what was promised, but the stack of deadlines stacked up in weeks with two big deliverables and a midterm week I didn’t see coming, which left me scrambling. I think the class works a lot better if you have a study group, because alone I struggled to pin down where the abstraction ends and the practical code begins. One memorable week was the project kickoff, when I realized I’d underestimated how much planning you need before you can even start coding, and that stuck with me long after the grade. Overall, I’m torn: I still won’t be certain I fully grasped the material, but I did finish with something I can point to as real progress.",__row_summary__,,True,False,supported 2/2; sentiment 1/2,"One label matches the review, while prerequisite fit is mis-sentimented."
189,"I’m halfway through this heavy semester in Computer Networks and I’m barely keeping up, mostly relying on recordings and notes because the live lectures feel uneven week to week. Prof. Rios is clearly knowledgeable, I like him, but the grading structure is brutal and the exam feels unfairly stingy given how little feedback comes in time to adjust—suddenly a high-stakes midterm shows up with sparse comments on where I’m off. The course leans hard on a big project, but the tooling setup is frustrating; I spent an entire evening wrestling with the lab VM and firewall rules before I could even start, which bled into my full-time work schedule. Attendance is mostly for the occasional live Q&A, yet I still cared enough to replay the recordings, hoping to catch where my notes lacked, only to hit more confusion on the second pass. I’m not sure I’d recommend it despite the value of the concepts, because the grading feel and the late feedback sting outweigh the bits I kept. Still, a few odd moments stand out—like the password-protected dataset for the project being harder to access than it should be—and I’m glad I pushed through.",exam_fairness,negative,True,True,"The reviewer says the exam feels unfair and is high-stakes with sparse feedback, indicating negative exam fairness.",The declared label is clearly supported and matches the review’s negative stance on exam fairness.
189,"I’m halfway through this heavy semester in Computer Networks and I’m barely keeping up, mostly relying on recordings and notes because the live lectures feel uneven week to week. Prof. Rios is clearly knowledgeable, I like him, but the grading structure is brutal and the exam feels unfairly stingy given how little feedback comes in time to adjust—suddenly a high-stakes midterm shows up with sparse comments on where I’m off. The course leans hard on a big project, but the tooling setup is frustrating; I spent an entire evening wrestling with the lab VM and firewall rules before I could even start, which bled into my full-time work schedule. Attendance is mostly for the occasional live Q&A, yet I still cared enough to replay the recordings, hoping to catch where my notes lacked, only to hit more confusion on the second pass. I’m not sure I’d recommend it despite the value of the concepts, because the grading feel and the late feedback sting outweigh the bits I kept. Still, a few odd moments stand out—like the password-protected dataset for the project being harder to access than it should be—and I’m glad I pushed through.",__row_summary__,,True,True,supported 1/1; sentiment 1/1,The declared label is clearly supported and matches the review’s negative stance on exam fairness.
190,"I needed Linear Algebra for my specialization, and it dragged despite some TAs being helpful. The slides are serviceable but not memorable, deadlines stacked up oddly, and the one big assessment felt pivotal—so I wouldn’t take it again, even though it helped.",assessment_design,neutral,True,False,"Mentions deadlines stacking up oddly and a single pivotal big assessment, implying a negative view rather than neutral.","Interest is labeled correctly, but assessment design is expressed negatively rather than neutrally."
190,"I needed Linear Algebra for my specialization, and it dragged despite some TAs being helpful. The slides are serviceable but not memorable, deadlines stacked up oddly, and the one big assessment felt pivotal—so I wouldn’t take it again, even though it helped.",interest,negative,True,True,"Says the course 'dragged' and they wouldn’t take it again, indicating negative interest/engagement.","Interest is labeled correctly, but assessment design is expressed negatively rather than neutrally."
190,"I needed Linear Algebra for my specialization, and it dragged despite some TAs being helpful. The slides are serviceable but not memorable, deadlines stacked up oddly, and the one big assessment felt pivotal—so I wouldn’t take it again, even though it helped.",__row_summary__,,True,False,supported 2/2; sentiment 1/2,"Interest is labeled correctly, but assessment design is expressed negatively rather than neutrally."
191,"Linear Algebra with Dr. Miller clicked when I finally used the notes selectively, but the tool setup and slow email responses felt like a wall during deadlines; the early confusion about eigenvectors still colors the term, even though the explanations make sense conceptually.",relevance,positive,False,False,"The review discusses understanding and course logistics, not whether the course content is relevant/useful to goals.",Only accessibility is clearly evidenced and correctly labeled; relevance and assessment design are not directly addressed.
191,"Linear Algebra with Dr. Miller clicked when I finally used the notes selectively, but the tool setup and slow email responses felt like a wall during deadlines; the early confusion about eigenvectors still colors the term, even though the explanations make sense conceptually.",accessibility,negative,True,True,"Mentions tool setup difficulties and slow email responses creating barriers, indicating negative accessibility.",Only accessibility is clearly evidenced and correctly labeled; relevance and assessment design are not directly addressed.
191,"Linear Algebra with Dr. Miller clicked when I finally used the notes selectively, but the tool setup and slow email responses felt like a wall during deadlines; the early confusion about eigenvectors still colors the term, even though the explanations make sense conceptually.",assessment_design,negative,False,False,"No explicit discussion of exams, assignments, grading, or assessment structure—only deadlines and support/communication.",Only accessibility is clearly evidenced and correctly labeled; relevance and assessment design are not directly addressed.
191,"Linear Algebra with Dr. Miller clicked when I finally used the notes selectively, but the tool setup and slow email responses felt like a wall during deadlines; the early confusion about eigenvectors still colors the term, even though the explanations make sense conceptually.",__row_summary__,,False,False,supported 1/3; sentiment 1/3,Only accessibility is clearly evidenced and correctly labeled; relevance and assessment design are not directly addressed.
192,"Midway through the heavy stretch, I’m stuck between liking some parts and hating the messy parts. Dr. Park is smart, but the feedback is sparse until it’s basically too late to fix things, and that momentum is a killer when you’re juggling a strong coding background with weak theory. The software stack starts rough and looks like a slog, but you loosen up after a couple of weeks; still, you need adjacent material already clear in your head to feel comfortable. The vibe is more student-to-student help than staff guidance, and I learned a lot in practice, but I still wouldn’t recommend it—there’s value, just not the calm, reliable track you’d want in a mid-program core.",prerequisite_fit,neutral,True,False,"Reviewer says you need adjacent material already clear and mentions struggling with weak theory, implying poor prerequisite fit rather than neutral.","Feedback_quality is faithful, but prerequisite_fit is expressed negatively rather than neutrally."
192,"Midway through the heavy stretch, I’m stuck between liking some parts and hating the messy parts. Dr. Park is smart, but the feedback is sparse until it’s basically too late to fix things, and that momentum is a killer when you’re juggling a strong coding background with weak theory. The software stack starts rough and looks like a slog, but you loosen up after a couple of weeks; still, you need adjacent material already clear in your head to feel comfortable. The vibe is more student-to-student help than staff guidance, and I learned a lot in practice, but I still wouldn’t recommend it—there’s value, just not the calm, reliable track you’d want in a mid-program core.",feedback_quality,negative,True,True,"Feedback described as sparse and arriving too late to fix things, clearly negative.","Feedback_quality is faithful, but prerequisite_fit is expressed negatively rather than neutrally."
192,"Midway through the heavy stretch, I’m stuck between liking some parts and hating the messy parts. Dr. Park is smart, but the feedback is sparse until it’s basically too late to fix things, and that momentum is a killer when you’re juggling a strong coding background with weak theory. The software stack starts rough and looks like a slog, but you loosen up after a couple of weeks; still, you need adjacent material already clear in your head to feel comfortable. The vibe is more student-to-student help than staff guidance, and I learned a lot in practice, but I still wouldn’t recommend it—there’s value, just not the calm, reliable track you’d want in a mid-program core.",__row_summary__,,True,False,supported 2/2; sentiment 1/2,"Feedback_quality is faithful, but prerequisite_fit is expressed negatively rather than neutrally."
193,"I took Computer Networks with Prof. Rios while working full-time, so I appreciated the practical focus and the sense that the material would actually apply in industry. The exam felt fair and the difficulty manageable, but I still left unsure whether my grade reflected my understanding—especially since the first week’s confusion about subnetting set a stubborn tone. Feedback came fast, but sometimes the explanations were thin, and deadline weeks were rough because tooling hiccups kept tripping us up.",exam_fairness,positive,True,True,"The review explicitly says the exam ""felt fair.""",Both declared aspect-sentiment labels are directly supported by the review.
193,"I took Computer Networks with Prof. Rios while working full-time, so I appreciated the practical focus and the sense that the material would actually apply in industry. The exam felt fair and the difficulty manageable, but I still left unsure whether my grade reflected my understanding—especially since the first week’s confusion about subnetting set a stubborn tone. Feedback came fast, but sometimes the explanations were thin, and deadline weeks were rough because tooling hiccups kept tripping us up.",difficulty,positive,True,True,"The review says the difficulty was ""manageable,"" indicating a positive/acceptable difficulty level.",Both declared aspect-sentiment labels are directly supported by the review.
193,"I took Computer Networks with Prof. Rios while working full-time, so I appreciated the practical focus and the sense that the material would actually apply in industry. The exam felt fair and the difficulty manageable, but I still left unsure whether my grade reflected my understanding—especially since the first week’s confusion about subnetting set a stubborn tone. Feedback came fast, but sometimes the explanations were thin, and deadline weeks were rough because tooling hiccups kept tripping us up.",__row_summary__,,True,True,supported 2/2; sentiment 2/2,Both declared aspect-sentiment labels are directly supported by the review.
194,"Dr. Park is great at big-picture ideas, and I stuck with the course mostly because the concepts clicked in a way that felt useful for industry work, even though I fell behind and then caught up around deadlines; the tooling setup was a mess, and I remember an early confusion that shaped the rest of the term.",lecturer_quality,positive,True,True,"Says Dr. Park is great at big-picture ideas, indicating positive instructor quality.","Lecturer quality is clearly praised, but support is not addressed in the review."
194,"Dr. Park is great at big-picture ideas, and I stuck with the course mostly because the concepts clicked in a way that felt useful for industry work, even though I fell behind and then caught up around deadlines; the tooling setup was a mess, and I remember an early confusion that shaped the rest of the term.",support,positive,False,False,"No clear mention of help, responsiveness, office hours, TA support, or course support; only discusses concepts and messy tooling setup.","Lecturer quality is clearly praised, but support is not addressed in the review."
194,"Dr. Park is great at big-picture ideas, and I stuck with the course mostly because the concepts clicked in a way that felt useful for industry work, even though I fell behind and then caught up around deadlines; the tooling setup was a mess, and I remember an early confusion that shaped the rest of the term.",__row_summary__,,False,False,supported 1/2; sentiment 1/2,"Lecturer quality is clearly praised, but support is not addressed in the review."
195,"Calculus II felt like a semester in the middle of a flood season—heavy and fast, with a few bright pockets. I’m comfortable with proofs, but the course seemed to assume more background in systems-level thinking than what was advertised, which made some integration tricks and multi-step proofs land harder than they should have. The lectures sometimes felt uneven week to week, and I would grab a few slides or a quick demo when a topic clicked, then have to slog through the rest on my own, which didn’t help the overall organization. Office hours saved me more than once, though: when the curve looked grim, a couple of clarifications on a chain rule extension finally clicked, and I could get back on track for the next assignment. The feedback tended to come late enough to miss a chance to learn from a mistake, and the deadlines sometimes felt like they were juggling with the same late-night sprint energy as last minute test prep. One standout memory is the midterm week where a tough, open-ended problem finally forced me to write out a clean, logical argument rather than rely on a trick, and that moment stuck with me even as I compared this course to a different Calc II from the same term.",prerequisite_fit,positive,True,False,"Reviewer says the course assumed more background than advertised, making parts harder; this is a negative prerequisite fit, not positive.",Two of the three declared sentiments do not match the clearly negative statements in the review.
195,"Calculus II felt like a semester in the middle of a flood season—heavy and fast, with a few bright pockets. I’m comfortable with proofs, but the course seemed to assume more background in systems-level thinking than what was advertised, which made some integration tricks and multi-step proofs land harder than they should have. The lectures sometimes felt uneven week to week, and I would grab a few slides or a quick demo when a topic clicked, then have to slog through the rest on my own, which didn’t help the overall organization. Office hours saved me more than once, though: when the curve looked grim, a couple of clarifications on a chain rule extension finally clicked, and I could get back on track for the next assignment. The feedback tended to come late enough to miss a chance to learn from a mistake, and the deadlines sometimes felt like they were juggling with the same late-night sprint energy as last minute test prep. One standout memory is the midterm week where a tough, open-ended problem finally forced me to write out a clean, logical argument rather than rely on a trick, and that moment stuck with me even as I compared this course to a different Calc II from the same term.",organization,negative,True,True,"Mentions uneven lectures and having to slog through on their own, hurting overall organization.",Two of the three declared sentiments do not match the clearly negative statements in the review.
195,"Calculus II felt like a semester in the middle of a flood season—heavy and fast, with a few bright pockets. I’m comfortable with proofs, but the course seemed to assume more background in systems-level thinking than what was advertised, which made some integration tricks and multi-step proofs land harder than they should have. The lectures sometimes felt uneven week to week, and I would grab a few slides or a quick demo when a topic clicked, then have to slog through the rest on my own, which didn’t help the overall organization. Office hours saved me more than once, though: when the curve looked grim, a couple of clarifications on a chain rule extension finally clicked, and I could get back on track for the next assignment. The feedback tended to come late enough to miss a chance to learn from a mistake, and the deadlines sometimes felt like they were juggling with the same late-night sprint energy as last minute test prep. One standout memory is the midterm week where a tough, open-ended problem finally forced me to write out a clean, logical argument rather than rely on a trick, and that moment stuck with me even as I compared this course to a different Calc II from the same term.",feedback_quality,neutral,True,False,"States feedback came late enough to miss learning from mistakes, which is negative rather than neutral.",Two of the three declared sentiments do not match the clearly negative statements in the review.
195,"Calculus II felt like a semester in the middle of a flood season—heavy and fast, with a few bright pockets. I’m comfortable with proofs, but the course seemed to assume more background in systems-level thinking than what was advertised, which made some integration tricks and multi-step proofs land harder than they should have. The lectures sometimes felt uneven week to week, and I would grab a few slides or a quick demo when a topic clicked, then have to slog through the rest on my own, which didn’t help the overall organization. Office hours saved me more than once, though: when the curve looked grim, a couple of clarifications on a chain rule extension finally clicked, and I could get back on track for the next assignment. The feedback tended to come late enough to miss a chance to learn from a mistake, and the deadlines sometimes felt like they were juggling with the same late-night sprint energy as last minute test prep. One standout memory is the midterm week where a tough, open-ended problem finally forced me to write out a clean, logical argument rather than rely on a trick, and that moment stuck with me even as I compared this course to a different Calc II from the same term.",__row_summary__,,True,False,supported 3/3; sentiment 1/3,Two of the three declared sentiments do not match the clearly negative statements in the review.
196,"This was my last semester before graduation, and I picked Data Structures to fit around short evening study sessions, hoping it would be manageable as I learned the basics fresh. I’m new to the discipline, so I expected the course to ease me in, but the prerequisite feel didn’t match what was advertised—some core concepts showed up as assumed knowledge and I spent extra time catching up, especially around array and tree manipulations. I mostly relied on the recordings and notes, since the live sessions were hard to connect with after a long day, and the tooling setup was a constant friction point that slowed me down more than once—installing the IDE plugins and linking the grader felt like a small uphill battle every week. The project-heavy pace flared up with a big final project and a couple of high-stakes exams, and feedback varied a lot by assignment, which made it hard to track where I stood. A turning point for me was realizing late in the term that the grading quirks—like vague rubric references and a late deadline pattern—were shaping how I prioritized tasks, more than the actual content.",prerequisite_fit,negative,True,True,"The reviewer says the course assumed core concepts as prior knowledge and the prerequisite feel didn’t match what was advertised, causing extra catch-up time.",The negative prerequisite_fit label is clearly supported by the review.
196,"This was my last semester before graduation, and I picked Data Structures to fit around short evening study sessions, hoping it would be manageable as I learned the basics fresh. I’m new to the discipline, so I expected the course to ease me in, but the prerequisite feel didn’t match what was advertised—some core concepts showed up as assumed knowledge and I spent extra time catching up, especially around array and tree manipulations. I mostly relied on the recordings and notes, since the live sessions were hard to connect with after a long day, and the tooling setup was a constant friction point that slowed me down more than once—installing the IDE plugins and linking the grader felt like a small uphill battle every week. The project-heavy pace flared up with a big final project and a couple of high-stakes exams, and feedback varied a lot by assignment, which made it hard to track where I stood. A turning point for me was realizing late in the term that the grading quirks—like vague rubric references and a late deadline pattern—were shaping how I prioritized tasks, more than the actual content.",__row_summary__,,True,True,supported 1/1; sentiment 1/1,The negative prerequisite_fit label is clearly supported by the review.
197,"I started Computer Networks hoping for a solid theory base, but the lectures felt dry despite Prof. Haddad’s clear effort; the LMS flow was smooth, yet the exams like the midterm seemed out of sync with lectures, and I remember a helpful office-hour moment about a routing assignment that helped a bit.",overall_experience,positive,True,False,"The review is mixed to negative: lectures were dry and exams felt out of sync, with only minor positives (smooth LMS, helpful office hour).",The declared positive overall sentiment is not faithful to the mostly mixed/negative review.
197,"I started Computer Networks hoping for a solid theory base, but the lectures felt dry despite Prof. Haddad’s clear effort; the LMS flow was smooth, yet the exams like the midterm seemed out of sync with lectures, and I remember a helpful office-hour moment about a routing assignment that helped a bit.",__row_summary__,,True,False,supported 1/1; sentiment 0/1,The declared positive overall sentiment is not faithful to the mostly mixed/negative review.
198,"Midway through the semester, Calculus II with Dr. Chen has felt heavy, and I’m still new to the basics, so the prerequisites hit me more than advertised. Recorded lectures are handy but a bit dry, and the project-heavy setup plus high-stakes exams stress timing, though I managed week-to-week. A memorable week was the week of the big optimization project; I wish feedback came faster on drafts. I’d recommend only with solid prep.",clarity,neutral,False,False,"The review discusses workload, prerequisites, lecture dryness, exams/projects, and feedback speed, but does not clearly address how clear the instruction/materials are.",The declared clarity label is not faithful because clarity is not explicitly mentioned or evidenced in the review.
198,"Midway through the semester, Calculus II with Dr. Chen has felt heavy, and I’m still new to the basics, so the prerequisites hit me more than advertised. Recorded lectures are handy but a bit dry, and the project-heavy setup plus high-stakes exams stress timing, though I managed week-to-week. A memorable week was the week of the big optimization project; I wish feedback came faster on drafts. I’d recommend only with solid prep.",__row_summary__,,False,False,supported 0/1; sentiment 0/1,The declared clarity label is not faithful because clarity is not explicitly mentioned or evidenced in the review.
199,"I did the Computer Networks course with Dr. Singh and it ended up being a mixed bag. The lectures were clear and the pacing was decent, and the toolset we used mostly worked well enough—though the platform quirks caused some avoidable stress during the big data-flow project. I had time, but my motivation wavered mid‑semester, and attendance faded even after I started off engaged. The workload felt very report‑heavy and time‑consuming, so I relied on a study group; it really helped because the collaboration structure kept the material moving. I did have a rough mid‑semester crunch and had one useful office-hours chat about routing quirks that actually stuck with me, but I’m not sure I’d take it again even though the grade came out okay.",tooling_usability,positive,True,True,"Says the toolset mostly worked well enough, though platform quirks caused stress; overall mildly positive/mixed but leans positive.","All three aspects are mentioned and the declared sentiments are broadly consistent, though tooling and overall are somewhat mixed."
199,"I did the Computer Networks course with Dr. Singh and it ended up being a mixed bag. The lectures were clear and the pacing was decent, and the toolset we used mostly worked well enough—though the platform quirks caused some avoidable stress during the big data-flow project. I had time, but my motivation wavered mid‑semester, and attendance faded even after I started off engaged. The workload felt very report‑heavy and time‑consuming, so I relied on a study group; it really helped because the collaboration structure kept the material moving. I did have a rough mid‑semester crunch and had one useful office-hours chat about routing quirks that actually stuck with me, but I’m not sure I’d take it again even though the grade came out okay.",lecturer_quality,positive,True,True,"Lectures were clear with decent pacing, indicating positive teaching quality.","All three aspects are mentioned and the declared sentiments are broadly consistent, though tooling and overall are somewhat mixed."
199,"I did the Computer Networks course with Dr. Singh and it ended up being a mixed bag. The lectures were clear and the pacing was decent, and the toolset we used mostly worked well enough—though the platform quirks caused some avoidable stress during the big data-flow project. I had time, but my motivation wavered mid‑semester, and attendance faded even after I started off engaged. The workload felt very report‑heavy and time‑consuming, so I relied on a study group; it really helped because the collaboration structure kept the material moving. I did have a rough mid‑semester crunch and had one useful office-hours chat about routing quirks that actually stuck with me, but I’m not sure I’d take it again even though the grade came out okay.",overall_experience,negative,True,True,"Calls it a mixed bag and says they’re not sure they’d take it again despite an okay grade, which supports an overall negative lean.","All three aspects are mentioned and the declared sentiments are broadly consistent, though tooling and overall are somewhat mixed."
199,"I did the Computer Networks course with Dr. Singh and it ended up being a mixed bag. The lectures were clear and the pacing was decent, and the toolset we used mostly worked well enough—though the platform quirks caused some avoidable stress during the big data-flow project. I had time, but my motivation wavered mid‑semester, and attendance faded even after I started off engaged. The workload felt very report‑heavy and time‑consuming, so I relied on a study group; it really helped because the collaboration structure kept the material moving. I did have a rough mid‑semester crunch and had one useful office-hours chat about routing quirks that actually stuck with me, but I’m not sure I’d take it again even though the grade came out okay.",__row_summary__,,True,True,supported 3/3; sentiment 3/3,"All three aspects are mentioned and the declared sentiments are broadly consistent, though tooling and overall are somewhat mixed."
200,"This Intro to Computer Networks course felt like it started easy but ramped up fast, and I’m mid-semester feeling the crunch from all the deadlines stacking up. I relied mostly on recordings and notes, since the tool setup and the frequent tool quirks ate into learning time more than they helped, and I remember that first week confusion about subnets that colored the rest of the term. Grading comments show detail, but they come later than I’d like, and the heavy assignment rhythm didn’t help my pace.",clarity,positive,True,False,"The student describes first-week confusion about subnets and tool quirks hurting learning, implying unclear/difficult rather than positive clarity.",Two labels are unsupported and the one supported aspect has the wrong sentiment.
200,"This Intro to Computer Networks course felt like it started easy but ramped up fast, and I’m mid-semester feeling the crunch from all the deadlines stacking up. I relied mostly on recordings and notes, since the tool setup and the frequent tool quirks ate into learning time more than they helped, and I remember that first week confusion about subnets that colored the rest of the term. Grading comments show detail, but they come later than I’d like, and the heavy assignment rhythm didn’t help my pace.",peer_interaction,neutral,False,False,"There is no mention of classmates, discussion, group work, or interaction.",Two labels are unsupported and the one supported aspect has the wrong sentiment.
200,"This Intro to Computer Networks course felt like it started easy but ramped up fast, and I’m mid-semester feeling the crunch from all the deadlines stacking up. I relied mostly on recordings and notes, since the tool setup and the frequent tool quirks ate into learning time more than they helped, and I remember that first week confusion about subnets that colored the rest of the term. Grading comments show detail, but they come later than I’d like, and the heavy assignment rhythm didn’t help my pace.",practical_application,negative,False,False,The review complains about tool setup/quirks and workload but does not clearly address real-world/practical applicability of course content.,Two labels are unsupported and the one supported aspect has the wrong sentiment.
200,"This Intro to Computer Networks course felt like it started easy but ramped up fast, and I’m mid-semester feeling the crunch from all the deadlines stacking up. I relied mostly on recordings and notes, since the tool setup and the frequent tool quirks ate into learning time more than they helped, and I remember that first week confusion about subnets that colored the rest of the term. Grading comments show detail, but they come later than I’d like, and the heavy assignment rhythm didn’t help my pace.",__row_summary__,,False,False,supported 1/3; sentiment 0/3,Two labels are unsupported and the one supported aspect has the wrong sentiment.
201,"Linear Algebra, as an advanced elective, felt like a straight line that kept bending—the prereqs start accessible but ramp up sharply, so I spent the first weeks just catching up. I relied on the recorded lectures a lot, since they’re useful but dry, and I’d skim the forums and ping the TA during office hours when my intuition stalled. The instructor’s style was a mixed bag: I liked the material itself, but the grading felt opaque and sometimes thin on explanations, which left me unsure whether my C reflected understanding or the quirks of the rubric. I mostly treated this term as my main focus for the specialization, and there was one memorable exam week that pushed my limits more than I expected.",peer_interaction,neutral,True,True,Mentions skimming forums and contacting the TA in office hours without clear positive or negative judgment.,"Two labels are faithful, but overall_experience is understated given the review’s largely challenging/uncertain tone."
201,"Linear Algebra, as an advanced elective, felt like a straight line that kept bending—the prereqs start accessible but ramp up sharply, so I spent the first weeks just catching up. I relied on the recorded lectures a lot, since they’re useful but dry, and I’d skim the forums and ping the TA during office hours when my intuition stalled. The instructor’s style was a mixed bag: I liked the material itself, but the grading felt opaque and sometimes thin on explanations, which left me unsure whether my C reflected understanding or the quirks of the rubric. I mostly treated this term as my main focus for the specialization, and there was one memorable exam week that pushed my limits more than I expected.",lecturer_quality,negative,True,True,"Calls recorded lectures useful but dry and describes instructor/grading as a mixed bag with opaque grading and thin explanations, leaning negative.","Two labels are faithful, but overall_experience is understated given the review’s largely challenging/uncertain tone."
201,"Linear Algebra, as an advanced elective, felt like a straight line that kept bending—the prereqs start accessible but ramp up sharply, so I spent the first weeks just catching up. I relied on the recorded lectures a lot, since they’re useful but dry, and I’d skim the forums and ping the TA during office hours when my intuition stalled. The instructor’s style was a mixed bag: I liked the material itself, but the grading felt opaque and sometimes thin on explanations, which left me unsure whether my C reflected understanding or the quirks of the rubric. I mostly treated this term as my main focus for the specialization, and there was one memorable exam week that pushed my limits more than I expected.",overall_experience,neutral,True,False,"Overall tone emphasizes difficulty and uncertainty about grading (""ramp up sharply,"" ""pushed my limits,"" unsure about C), which reads more negative/mixed than neutral.","Two labels are faithful, but overall_experience is understated given the review’s largely challenging/uncertain tone."
201,"Linear Algebra, as an advanced elective, felt like a straight line that kept bending—the prereqs start accessible but ramp up sharply, so I spent the first weeks just catching up. I relied on the recorded lectures a lot, since they’re useful but dry, and I’d skim the forums and ping the TA during office hours when my intuition stalled. The instructor’s style was a mixed bag: I liked the material itself, but the grading felt opaque and sometimes thin on explanations, which left me unsure whether my C reflected understanding or the quirks of the rubric. I mostly treated this term as my main focus for the specialization, and there was one memorable exam week that pushed my limits more than I expected.",__row_summary__,,True,False,supported 3/3; sentiment 2/3,"Two labels are faithful, but overall_experience is understated given the review’s largely challenging/uncertain tone."
202,"Midway through a heavy semester, I’m juggling Linear Algebra mostly around short evening sessions, and Dr. Chen’s lectures are clear enough to keep me from completely spinning, with a decent pace that helps me stay afloat between work blocks. The forums are sometimes helpful, though I’ve noticed a few folks can be dismissive when a question sounds basic, which makes you hesitate to post. The assessment mix feels off from what we cover in lectures, and the tool setup is a hassle that eats into study time for a payoff that isn’t obvious, especially with deadlines stacking up. Still, the grading feels fair enough, even if it exhausts you, and I’m not sure I’d outright recommend it, given the uneven spots and the late-semester crawl.",overall_experience,neutral,True,True,"The review mixes positives (clear lectures, fair grading) with notable negatives (dismissive forums, assessments misaligned, tool hassle, not sure to recommend), yielding an overall mixed/neutral stance.",Both aspects are mentioned in the review and the declared sentiments align with the text.
202,"Midway through a heavy semester, I’m juggling Linear Algebra mostly around short evening sessions, and Dr. Chen’s lectures are clear enough to keep me from completely spinning, with a decent pace that helps me stay afloat between work blocks. The forums are sometimes helpful, though I’ve noticed a few folks can be dismissive when a question sounds basic, which makes you hesitate to post. The assessment mix feels off from what we cover in lectures, and the tool setup is a hassle that eats into study time for a payoff that isn’t obvious, especially with deadlines stacking up. Still, the grading feels fair enough, even if it exhausts you, and I’m not sure I’d outright recommend it, given the uneven spots and the late-semester crawl.",grading_transparency,positive,True,True,"The student says ""the grading feels fair enough,"" which supports a positive view of grading (fairness/clarity implied) even if tiring.",Both aspects are mentioned in the review and the declared sentiments align with the text.
202,"Midway through a heavy semester, I’m juggling Linear Algebra mostly around short evening sessions, and Dr. Chen’s lectures are clear enough to keep me from completely spinning, with a decent pace that helps me stay afloat between work blocks. The forums are sometimes helpful, though I’ve noticed a few folks can be dismissive when a question sounds basic, which makes you hesitate to post. The assessment mix feels off from what we cover in lectures, and the tool setup is a hassle that eats into study time for a payoff that isn’t obvious, especially with deadlines stacking up. Still, the grading feels fair enough, even if it exhausts you, and I’m not sure I’d outright recommend it, given the uneven spots and the late-semester crawl.",__row_summary__,,True,True,supported 2/2; sentiment 2/2,Both aspects are mentioned in the review and the declared sentiments align with the text.
203,"I came into Cyber Security Basics with a solid coding background but weak theory, and I was genuinely curious about how the pieces fit, which kept me moving even when the platform felt rough at first. The tooling got smoother as weeks went on, and when the group actually synced well, bouncing ideas about threat models and a quick lab run felt productive, even if the early UI and setup pins in my memory as a hassle. I ended up earning a C, and I’m not sure it truly reflected my understanding—some days I could reproduce steps in a lab, other days I fell behind just before deadlines and then caught up by sprinting through the next assignment. Feedback quality varies a lot by assignment, and the email support is slow when deadlines loom, which didn’t help. One concrete moment that stuck was a long back-and-forth in office hours about how to map a simple encryption scheme to a threat model, which helped me see where theory mattered, even if the overall experience didn’t feel consistently reliable. I’d still say I wouldn’t take it again, despite the value it offered in bits of clarity.",interest,positive,True,True,"They were genuinely curious and this kept them moving, indicating positive interest.","Interest and grading concerns are labeled faithfully, but tooling usability is mixed rather than clearly positive."
203,"I came into Cyber Security Basics with a solid coding background but weak theory, and I was genuinely curious about how the pieces fit, which kept me moving even when the platform felt rough at first. The tooling got smoother as weeks went on, and when the group actually synced well, bouncing ideas about threat models and a quick lab run felt productive, even if the early UI and setup pins in my memory as a hassle. I ended up earning a C, and I’m not sure it truly reflected my understanding—some days I could reproduce steps in a lab, other days I fell behind just before deadlines and then caught up by sprinting through the next assignment. Feedback quality varies a lot by assignment, and the email support is slow when deadlines loom, which didn’t help. One concrete moment that stuck was a long back-and-forth in office hours about how to map a simple encryption scheme to a threat model, which helped me see where theory mattered, even if the overall experience didn’t feel consistently reliable. I’d still say I wouldn’t take it again, despite the value it offered in bits of clarity.",tooling_usability,positive,True,False,"They say the platform felt rough at first and early UI/setup was a hassle, though it got smoother later; overall sentiment is mixed, not clearly positive.","Interest and grading concerns are labeled faithfully, but tooling usability is mixed rather than clearly positive."
203,"I came into Cyber Security Basics with a solid coding background but weak theory, and I was genuinely curious about how the pieces fit, which kept me moving even when the platform felt rough at first. The tooling got smoother as weeks went on, and when the group actually synced well, bouncing ideas about threat models and a quick lab run felt productive, even if the early UI and setup pins in my memory as a hassle. I ended up earning a C, and I’m not sure it truly reflected my understanding—some days I could reproduce steps in a lab, other days I fell behind just before deadlines and then caught up by sprinting through the next assignment. Feedback quality varies a lot by assignment, and the email support is slow when deadlines loom, which didn’t help. One concrete moment that stuck was a long back-and-forth in office hours about how to map a simple encryption scheme to a threat model, which helped me see where theory mattered, even if the overall experience didn’t feel consistently reliable. I’d still say I wouldn’t take it again, despite the value it offered in bits of clarity.",grading_transparency,negative,True,True,"They question whether the C reflected their understanding, implying dissatisfaction/negativity around grading fairness/clarity.","Interest and grading concerns are labeled faithfully, but tooling usability is mixed rather than clearly positive."
203,"I came into Cyber Security Basics with a solid coding background but weak theory, and I was genuinely curious about how the pieces fit, which kept me moving even when the platform felt rough at first. The tooling got smoother as weeks went on, and when the group actually synced well, bouncing ideas about threat models and a quick lab run felt productive, even if the early UI and setup pins in my memory as a hassle. I ended up earning a C, and I’m not sure it truly reflected my understanding—some days I could reproduce steps in a lab, other days I fell behind just before deadlines and then caught up by sprinting through the next assignment. Feedback quality varies a lot by assignment, and the email support is slow when deadlines loom, which didn’t help. One concrete moment that stuck was a long back-and-forth in office hours about how to map a simple encryption scheme to a threat model, which helped me see where theory mattered, even if the overall experience didn’t feel consistently reliable. I’d still say I wouldn’t take it again, despite the value it offered in bits of clarity.",__row_summary__,,True,False,supported 3/3; sentiment 2/3,"Interest and grading concerns are labeled faithfully, but tooling usability is mixed rather than clearly positive."
204,"Taking Operating Systems with Prof. Alvarez was basically a required hurdle I didn’t fully enjoy, even though I stuck with it as my main focus that term and kept grinding toward a solid B that felt like it matched the effort. The lectures were clear enough on concepts, but the grading comments came much later and felt more detailed than timely, which made it hard to adjust midstream. The course works a lot better if you have a study group, since the assessment mix—quizzes, a midterm, and a project—felt mismatched with what was covered, and the prerequisite vibe was sharper than advertised. I grabbed a lot of value from the hands-on parts, yet I left feeling both useful ideas and a sense of drift, almost like the whole thing was a useful tool I didn’t fully enjoy using.",accessibility,negative,False,False,"The review mentions needing a study group and sharper-than-advertised prerequisites, but does not clearly discuss accessibility (e.g., accommodations, inclusivity, ease of access to materials/instructor).",Only clarity is faithfully labeled; accessibility is not clearly present and tooling usability sentiment is off.
204,"Taking Operating Systems with Prof. Alvarez was basically a required hurdle I didn’t fully enjoy, even though I stuck with it as my main focus that term and kept grinding toward a solid B that felt like it matched the effort. The lectures were clear enough on concepts, but the grading comments came much later and felt more detailed than timely, which made it hard to adjust midstream. The course works a lot better if you have a study group, since the assessment mix—quizzes, a midterm, and a project—felt mismatched with what was covered, and the prerequisite vibe was sharper than advertised. I grabbed a lot of value from the hands-on parts, yet I left feeling both useful ideas and a sense of drift, almost like the whole thing was a useful tool I didn’t fully enjoy using.",tooling_usability,neutral,True,False,"The student describes the course as a ""useful tool"" they ""didn’t fully enjoy using,"" implying mixed-to-negative usability rather than neutral.",Only clarity is faithfully labeled; accessibility is not clearly present and tooling usability sentiment is off.
204,"Taking Operating Systems with Prof. Alvarez was basically a required hurdle I didn’t fully enjoy, even though I stuck with it as my main focus that term and kept grinding toward a solid B that felt like it matched the effort. The lectures were clear enough on concepts, but the grading comments came much later and felt more detailed than timely, which made it hard to adjust midstream. The course works a lot better if you have a study group, since the assessment mix—quizzes, a midterm, and a project—felt mismatched with what was covered, and the prerequisite vibe was sharper than advertised. I grabbed a lot of value from the hands-on parts, yet I left feeling both useful ideas and a sense of drift, almost like the whole thing was a useful tool I didn’t fully enjoy using.",clarity,positive,True,True,"They say the lectures were ""clear enough on concepts,"" which is mildly positive about clarity.",Only clarity is faithfully labeled; accessibility is not clearly present and tooling usability sentiment is off.
204,"Taking Operating Systems with Prof. Alvarez was basically a required hurdle I didn’t fully enjoy, even though I stuck with it as my main focus that term and kept grinding toward a solid B that felt like it matched the effort. The lectures were clear enough on concepts, but the grading comments came much later and felt more detailed than timely, which made it hard to adjust midstream. The course works a lot better if you have a study group, since the assessment mix—quizzes, a midterm, and a project—felt mismatched with what was covered, and the prerequisite vibe was sharper than advertised. I grabbed a lot of value from the hands-on parts, yet I left feeling both useful ideas and a sense of drift, almost like the whole thing was a useful tool I didn’t fully enjoy using.",__row_summary__,,False,False,supported 2/3; sentiment 1/3,Only clarity is faithfully labeled; accessibility is not clearly present and tooling usability sentiment is off.
205,"I’m in Linear Algebra and I’ll admit I started the semester pretty engaged, juggling it with a full-time job, but by midterm I was barely showing up—attendance slipped as the workload from the other heavy classes piled on. The grading felt transparent in the sense that you could see how just a few points on the problem set mattered, but the feedback never landed quickly enough to help the next week’s work, so I kept guessing how to adjust my approach. The tool setup for the course took way too much effort for the payoff; getting the matrix calculator and the data file imports to cooperate consumed a good chunk of study time that I didn’t have. It’s one of those courses that seems useful in theory, yet the actual experience wasn’t enjoyable—the content was there, but the vibe was more about grinding through the steps than any spark of insight. The support channel mostly devolved into peers helping each other, while the staff felt distant, and it often felt like you had to already know the answer to get a straight reply. I’d recommend it only if you’re pretty sure you’ll prepare hard and juggle the prerequisites on your own.",grading_transparency,positive,True,True,"The reviewer says grading felt transparent because you could see how a few points mattered, though feedback was slow.",Both aspects are mentioned in the review and the declared sentiments are broadly consistent with the wording.
205,"I’m in Linear Algebra and I’ll admit I started the semester pretty engaged, juggling it with a full-time job, but by midterm I was barely showing up—attendance slipped as the workload from the other heavy classes piled on. The grading felt transparent in the sense that you could see how just a few points on the problem set mattered, but the feedback never landed quickly enough to help the next week’s work, so I kept guessing how to adjust my approach. The tool setup for the course took way too much effort for the payoff; getting the matrix calculator and the data file imports to cooperate consumed a good chunk of study time that I didn’t have. It’s one of those courses that seems useful in theory, yet the actual experience wasn’t enjoyable—the content was there, but the vibe was more about grinding through the steps than any spark of insight. The support channel mostly devolved into peers helping each other, while the staff felt distant, and it often felt like you had to already know the answer to get a straight reply. I’d recommend it only if you’re pretty sure you’ll prepare hard and juggle the prerequisites on your own.",practical_application,neutral,True,True,"They say it seems useful in theory but wasn’t enjoyable in practice, implying mixed/unclear real-world applicability overall.",Both aspects are mentioned in the review and the declared sentiments are broadly consistent with the wording.
205,"I’m in Linear Algebra and I’ll admit I started the semester pretty engaged, juggling it with a full-time job, but by midterm I was barely showing up—attendance slipped as the workload from the other heavy classes piled on. The grading felt transparent in the sense that you could see how just a few points on the problem set mattered, but the feedback never landed quickly enough to help the next week’s work, so I kept guessing how to adjust my approach. The tool setup for the course took way too much effort for the payoff; getting the matrix calculator and the data file imports to cooperate consumed a good chunk of study time that I didn’t have. It’s one of those courses that seems useful in theory, yet the actual experience wasn’t enjoyable—the content was there, but the vibe was more about grinding through the steps than any spark of insight. The support channel mostly devolved into peers helping each other, while the staff felt distant, and it often felt like you had to already know the answer to get a straight reply. I’d recommend it only if you’re pretty sure you’ll prepare hard and juggle the prerequisites on your own.",__row_summary__,,True,True,supported 2/2; sentiment 2/2,Both aspects are mentioned in the review and the declared sentiments are broadly consistent with the wording.
206,"I’m new to this stuff, and Cyber Security Basics started out rough because I kept tripping over a confusing early concept, which made the rest feel exhausting even though the lectures were clear and paced fine. The grading rubrics were vague, but I’d still recommend it to others starting out.",practical_application,neutral,False,False,"The review discusses difficulty with an early concept, lecture clarity/pacing, and vague grading rubrics, but says nothing about hands-on work or real-world applicability.",The declared practical_application label is not grounded in the review text.
206,"I’m new to this stuff, and Cyber Security Basics started out rough because I kept tripping over a confusing early concept, which made the rest feel exhausting even though the lectures were clear and paced fine. The grading rubrics were vague, but I’d still recommend it to others starting out.",__row_summary__,,False,False,supported 0/1; sentiment 0/1,The declared practical_application label is not grounded in the review text.
207,"Cyber Security Basics was okay to get through in my last semester, when I was juggling a full-time job and trying to squeeze in study time—papers and deadlines piled up faster than I expected. The lectures were clear and paced decently, which helped since my brain is usually fried after work, but the real value came from my informal peer discussions; those chats often filled gaps in the official materials more effectively than the readings. The course felt heavy on assignments with tight deadlines, so I lived by the calendar and still felt like I was rushing toward the next due date rather than truly absorbing concepts. I remember one early moment when I bungled a basic crypto example in a discussion post, which then shaped my approach for the rest of the term—even though I had a vague sense that the prerequisite was easier, this one hit harder for me personally.

The LMS flow was smooth, and I didn’t trip over submission steps, which was a small mercy. Overall, I’d say the course didn’t click for me as well as the easier prereq I took before it, and I ended up feeling a bit tired and resigned by the end, even with a decent grade curve.",materials,neutral,True,False,"Mentions official materials/readings had gaps and peers filled them, implying a negative view rather than neutral.",Only overall_experience label is clearly faithful; materials sentiment is more negative and relevance is not evidenced.
207,"Cyber Security Basics was okay to get through in my last semester, when I was juggling a full-time job and trying to squeeze in study time—papers and deadlines piled up faster than I expected. The lectures were clear and paced decently, which helped since my brain is usually fried after work, but the real value came from my informal peer discussions; those chats often filled gaps in the official materials more effectively than the readings. The course felt heavy on assignments with tight deadlines, so I lived by the calendar and still felt like I was rushing toward the next due date rather than truly absorbing concepts. I remember one early moment when I bungled a basic crypto example in a discussion post, which then shaped my approach for the rest of the term—even though I had a vague sense that the prerequisite was easier, this one hit harder for me personally.

The LMS flow was smooth, and I didn’t trip over submission steps, which was a small mercy. Overall, I’d say the course didn’t click for me as well as the easier prereq I took before it, and I ended up feeling a bit tired and resigned by the end, even with a decent grade curve.",relevance,negative,False,False,"No clear discussion of usefulness or relevance to goals/career; focus is on workload, pacing, and learning experience.",Only overall_experience label is clearly faithful; materials sentiment is more negative and relevance is not evidenced.
207,"Cyber Security Basics was okay to get through in my last semester, when I was juggling a full-time job and trying to squeeze in study time—papers and deadlines piled up faster than I expected. The lectures were clear and paced decently, which helped since my brain is usually fried after work, but the real value came from my informal peer discussions; those chats often filled gaps in the official materials more effectively than the readings. The course felt heavy on assignments with tight deadlines, so I lived by the calendar and still felt like I was rushing toward the next due date rather than truly absorbing concepts. I remember one early moment when I bungled a basic crypto example in a discussion post, which then shaped my approach for the rest of the term—even though I had a vague sense that the prerequisite was easier, this one hit harder for me personally.

The LMS flow was smooth, and I didn’t trip over submission steps, which was a small mercy. Overall, I’d say the course didn’t click for me as well as the easier prereq I took before it, and I ended up feeling a bit tired and resigned by the end, even with a decent grade curve.",overall_experience,negative,True,True,"Overall tone is tired/resigned, course 'didn’t click,' heavy deadlines; aligns with negative overall experience.",Only overall_experience label is clearly faithful; materials sentiment is more negative and relevance is not evidenced.
207,"Cyber Security Basics was okay to get through in my last semester, when I was juggling a full-time job and trying to squeeze in study time—papers and deadlines piled up faster than I expected. The lectures were clear and paced decently, which helped since my brain is usually fried after work, but the real value came from my informal peer discussions; those chats often filled gaps in the official materials more effectively than the readings. The course felt heavy on assignments with tight deadlines, so I lived by the calendar and still felt like I was rushing toward the next due date rather than truly absorbing concepts. I remember one early moment when I bungled a basic crypto example in a discussion post, which then shaped my approach for the rest of the term—even though I had a vague sense that the prerequisite was easier, this one hit harder for me personally.

The LMS flow was smooth, and I didn’t trip over submission steps, which was a small mercy. Overall, I’d say the course didn’t click for me as well as the easier prereq I took before it, and I ended up feeling a bit tired and resigned by the end, even with a decent grade curve.",__row_summary__,,False,False,supported 2/3; sentiment 1/3,Only overall_experience label is clearly faithful; materials sentiment is more negative and relevance is not evidenced.
208,"Fell behind and caught up around deadlines, and the course works better if you have a study group; the software stack was rough at first but manageable later, and I appreciated the TAs, though the tooling setup was frustrating at first.",practical_application,negative,False,False,"The review discusses pacing, study groups, tooling/software stack, and TAs, but not real-world/practical application.","One label is unsupported, and the other’s sentiment is more negative than neutral based on the review."
208,"Fell behind and caught up around deadlines, and the course works better if you have a study group; the software stack was rough at first but manageable later, and I appreciated the TAs, though the tooling setup was frustrating at first.",accessibility,neutral,True,False,"Mentions needing a study group and a rough/frustrating setup initially, which suggests some difficulty rather than neutral accessibility.","One label is unsupported, and the other’s sentiment is more negative than neutral based on the review."
208,"Fell behind and caught up around deadlines, and the course works better if you have a study group; the software stack was rough at first but manageable later, and I appreciated the TAs, though the tooling setup was frustrating at first.",__row_summary__,,False,False,supported 1/2; sentiment 0/2,"One label is unsupported, and the other’s sentiment is more negative than neutral based on the review."
209,"Midway through the heavy semester, I mostly relied on recordings and notes for Computer Networks, and I appreciated that office hours saved me when the instructions left too much to interpret; deadlines stacked up, and the curve nudged an A anyway, which felt fair but not tidy.",assessment_design,neutral,True,True,"Mentions deadlines stacking up and a grading curve yielding an A that felt fair but imperfect, indicating mixed/neutral feelings about assessment structure.","The review discusses grading/assessment (deadlines and curve) with an overall neutral-to-mixed tone, matching the label."
209,"Midway through the heavy semester, I mostly relied on recordings and notes for Computer Networks, and I appreciated that office hours saved me when the instructions left too much to interpret; deadlines stacked up, and the curve nudged an A anyway, which felt fair but not tidy.",__row_summary__,,True,True,supported 1/1; sentiment 1/1,"The review discusses grading/assessment (deadlines and curve) with an overall neutral-to-mixed tone, matching the label."
210,"I took Computer Networks mainly because the schedule fit better than anything else, and I ended up with a mixed bag of impressions and a failing grade that still feels unfinished in my head. Dr. Park is sharp and quick with feedback, which helped me adjust fast enough to see where I went wrong, but the platform quirks—showing late auto-grades and sometimes not syncing my quiz attempts—added unnecessary stress during a term I was juggling full-time work. The course works best if you already know some adjacent material, and I found that my motivation was inconsistent even though I had enough time overall, so I sometimes drifted into the habit of sprinting through lectures instead of internalizing the concepts. There was one project—labelled as a “network analysis” task—that I barely scraped together the night before the deadline, and the most concrete takeaway for me was recognizing how important the scaling concerns were in the labs, something I didn’t appreciate when I compared it to an easier prerequisite. Office hours saved me more than once, and I’d say I’d recommend it only if you’re prepared to push through the rough patches and stay on top of the quick feedback loop.",relevance,positive,False,False,"The review mentions taking the course because the schedule fit, but does not evaluate the course’s relevance/fit to goals or usefulness as a topic; overall impressions are mixed and focus on logistics and learning experience.",The declared positive relevance label is not clearly supported by the review text.
210,"I took Computer Networks mainly because the schedule fit better than anything else, and I ended up with a mixed bag of impressions and a failing grade that still feels unfinished in my head. Dr. Park is sharp and quick with feedback, which helped me adjust fast enough to see where I went wrong, but the platform quirks—showing late auto-grades and sometimes not syncing my quiz attempts—added unnecessary stress during a term I was juggling full-time work. The course works best if you already know some adjacent material, and I found that my motivation was inconsistent even though I had enough time overall, so I sometimes drifted into the habit of sprinting through lectures instead of internalizing the concepts. There was one project—labelled as a “network analysis” task—that I barely scraped together the night before the deadline, and the most concrete takeaway for me was recognizing how important the scaling concerns were in the labs, something I didn’t appreciate when I compared it to an easier prerequisite. Office hours saved me more than once, and I’d say I’d recommend it only if you’re prepared to push through the rough patches and stay on top of the quick feedback loop.",__row_summary__,,False,False,supported 0/1; sentiment 0/1,The declared positive relevance label is not clearly supported by the review text.
211,"I took Database Systems mainly to fit my schedule, since I was new to the discipline and still learning the basics, and I felt a bit overwhelmed at first by the software stack. The slides were serviceable but not memorable, and I remember one early confusion about normalization that dragged into the first couple of weeks and then shaped how I approached the rest of the term. Grading felt quick—tests came back fast—but the explanations were thin, and feedback arrived too late to help with the next assignment. The project with the small ER diagram and SQL script was doable, though the tooling was rough at first and only became manageable after a few late nights. Overall, it’s a required course for the track, and the experience left me with mixed momentum and a few concrete quirks I won’t forget.",exam_fairness,neutral,False,False,"The review mentions tests being returned quickly and feedback/explanations being thin, but does not discuss whether exams were fair or unfair.",The declared exam_fairness label is not grounded in the review text.
211,"I took Database Systems mainly to fit my schedule, since I was new to the discipline and still learning the basics, and I felt a bit overwhelmed at first by the software stack. The slides were serviceable but not memorable, and I remember one early confusion about normalization that dragged into the first couple of weeks and then shaped how I approached the rest of the term. Grading felt quick—tests came back fast—but the explanations were thin, and feedback arrived too late to help with the next assignment. The project with the small ER diagram and SQL script was doable, though the tooling was rough at first and only became manageable after a few late nights. Overall, it’s a required course for the track, and the experience left me with mixed momentum and a few concrete quirks I won’t forget.",__row_summary__,,False,False,supported 0/1; sentiment 0/1,The declared exam_fairness label is not grounded in the review text.
212,"I took Computer Networks mainly out of curiosity, and Dr. Chen’s lectures were clear and paced in a way that helped me follow along, even when I relied mostly on the recordings and notes afterward. The stuff that stuck was the big-picture ideas and how routing decisions play out, but the assessment mix sometimes felt off from what we actually covered in class. I remember one thing during office hours where a simple tweak to the TCP window example clicked for me, and that helped me rewatch the lecture with a better sense of the mechanics. The tooling setup for the course was frustrating enough to slow me down on a couple of days, and the collaboration expectations felt fuzzy, which didn’t help when I needed to coordinate with peers. Overall, I’ll probably end up with an A after the curve, but I’d say the practical parts left a stronger impression than the lecture-by-lecture pacing.",lecturer_quality,neutral,True,False,"The review says Dr. Chen’s lectures were clear, well-paced, and office hours helped—a positive impression, not neutral.","One label understates lecturer sentiment, while practical_application is consistent with the review."
212,"I took Computer Networks mainly out of curiosity, and Dr. Chen’s lectures were clear and paced in a way that helped me follow along, even when I relied mostly on the recordings and notes afterward. The stuff that stuck was the big-picture ideas and how routing decisions play out, but the assessment mix sometimes felt off from what we actually covered in class. I remember one thing during office hours where a simple tweak to the TCP window example clicked for me, and that helped me rewatch the lecture with a better sense of the mechanics. The tooling setup for the course was frustrating enough to slow me down on a couple of days, and the collaboration expectations felt fuzzy, which didn’t help when I needed to coordinate with peers. Overall, I’ll probably end up with an A after the curve, but I’d say the practical parts left a stronger impression than the lecture-by-lecture pacing.",practical_application,positive,True,True,"The student says the practical parts left a stronger impression, indicating a positive view of practical application.","One label understates lecturer sentiment, while practical_application is consistent with the review."
212,"I took Computer Networks mainly out of curiosity, and Dr. Chen’s lectures were clear and paced in a way that helped me follow along, even when I relied mostly on the recordings and notes afterward. The stuff that stuck was the big-picture ideas and how routing decisions play out, but the assessment mix sometimes felt off from what we actually covered in class. I remember one thing during office hours where a simple tweak to the TCP window example clicked for me, and that helped me rewatch the lecture with a better sense of the mechanics. The tooling setup for the course was frustrating enough to slow me down on a couple of days, and the collaboration expectations felt fuzzy, which didn’t help when I needed to coordinate with peers. Overall, I’ll probably end up with an A after the curve, but I’d say the practical parts left a stronger impression than the lecture-by-lecture pacing.",__row_summary__,,True,False,supported 2/2; sentiment 1/2,"One label understates lecturer sentiment, while practical_application is consistent with the review."
213,"I started Linear Algebra hoping to feed my curiosity while juggling a full-time job, and the material grew rough at first—the software stack is clunky, but you get used to it. The forums helped sometimes, though some replies felt dismissive, and the assessments, though few, hit hard and left me drained.",accessibility,neutral,True,True,"Mentions clunky software stack and rough start but also 'you get used to it,' yielding a mixed/neutral accessibility impression.","Two labels are supported and aligned, but lecturer_quality is not evidenced in the review."
213,"I started Linear Algebra hoping to feed my curiosity while juggling a full-time job, and the material grew rough at first—the software stack is clunky, but you get used to it. The forums helped sometimes, though some replies felt dismissive, and the assessments, though few, hit hard and left me drained.",support,negative,True,True,"Forums helped only sometimes and some replies were dismissive, indicating negative support overall.","Two labels are supported and aligned, but lecturer_quality is not evidenced in the review."
213,"I started Linear Algebra hoping to feed my curiosity while juggling a full-time job, and the material grew rough at first—the software stack is clunky, but you get used to it. The forums helped sometimes, though some replies felt dismissive, and the assessments, though few, hit hard and left me drained.",lecturer_quality,negative,False,False,"No mention of lecturer/instructor or teaching quality; only forums, software, and assessments are discussed.","Two labels are supported and aligned, but lecturer_quality is not evidenced in the review."
213,"I started Linear Algebra hoping to feed my curiosity while juggling a full-time job, and the material grew rough at first—the software stack is clunky, but you get used to it. The forums helped sometimes, though some replies felt dismissive, and the assessments, though few, hit hard and left me drained.",__row_summary__,,False,False,supported 2/3; sentiment 2/3,"Two labels are supported and aligned, but lecturer_quality is not evidenced in the review."
214,"Data Structures felt like a decent opener to the whole idea of organizing problems, and I came in thinking it would be the place to test my comfort with proofs rather than system stuff. The main thing I remember is that the grading rubric was vague enough to make me chase a moving target, especially around what counted as “clear explanation” in the proofs and what exactly was expected for the final, which didn’t help since I barely scraped by after putting in a ton of time. Quick feedback helped a bit, so I could tweak a few proofs after getting notes back, and the office hours saved me on several late nights when I missed a key detail about how the adjacency lists were supposed to be represented in edges. I’m used to prerequisites that feel lighter than this, and it did feel like they assume more total background than the catalog promises, stuff I didn’t see until I was knee-deep in practice problems like the rotation of data in graphs and the heap exercise. Overall, I’d compare it to an easier prerequisite, but this one asked for more background just to keep up, and I struggled through most of it, dragging my grade into barely-passed territory.",accessibility,neutral,True,False,"The student says prerequisites felt heavier than expected, the course assumed more background than promised, and they struggled to barely pass—this is negative rather than neutral.","Assessment design labeling is faithful, but accessibility should be negative, not neutral."
214,"Data Structures felt like a decent opener to the whole idea of organizing problems, and I came in thinking it would be the place to test my comfort with proofs rather than system stuff. The main thing I remember is that the grading rubric was vague enough to make me chase a moving target, especially around what counted as “clear explanation” in the proofs and what exactly was expected for the final, which didn’t help since I barely scraped by after putting in a ton of time. Quick feedback helped a bit, so I could tweak a few proofs after getting notes back, and the office hours saved me on several late nights when I missed a key detail about how the adjacency lists were supposed to be represented in edges. I’m used to prerequisites that feel lighter than this, and it did feel like they assume more total background than the catalog promises, stuff I didn’t see until I was knee-deep in practice problems like the rotation of data in graphs and the heap exercise. Overall, I’d compare it to an easier prerequisite, but this one asked for more background just to keep up, and I struggled through most of it, dragging my grade into barely-passed territory.",assessment_design,negative,True,True,"They describe a vague grading rubric and unclear expectations for proofs and the final, indicating negative assessment design.","Assessment design labeling is faithful, but accessibility should be negative, not neutral."
214,"Data Structures felt like a decent opener to the whole idea of organizing problems, and I came in thinking it would be the place to test my comfort with proofs rather than system stuff. The main thing I remember is that the grading rubric was vague enough to make me chase a moving target, especially around what counted as “clear explanation” in the proofs and what exactly was expected for the final, which didn’t help since I barely scraped by after putting in a ton of time. Quick feedback helped a bit, so I could tweak a few proofs after getting notes back, and the office hours saved me on several late nights when I missed a key detail about how the adjacency lists were supposed to be represented in edges. I’m used to prerequisites that feel lighter than this, and it did feel like they assume more total background than the catalog promises, stuff I didn’t see until I was knee-deep in practice problems like the rotation of data in graphs and the heap exercise. Overall, I’d compare it to an easier prerequisite, but this one asked for more background just to keep up, and I struggled through most of it, dragging my grade into barely-passed territory.",__row_summary__,,True,False,supported 2/2; sentiment 1/2,"Assessment design labeling is faithful, but accessibility should be negative, not neutral."
215,"I took Linear Algebra while juggling a full-time job and tried to fit study into those short evening sessions, which made the workload feel relentless and the early weeks especially brutal. My memory keeps returning to that first confused moment in week two when we went from vector spaces to eigen stuff in a single lecture and I stared at the screen like a deer, which oddly colored how I approached almost every later assignment. The course was very assignment-heavy, with deadlines piling up and the stack of problem sets feeling like a slow drip, and I would be racing to get them done after dinner while still staying awake; the software stack we used started rough—lots of import errors and unclear expectations—but once I pinned down a workflow it became a bit more manageable. I found the prerequisite gaps pointed out by the instructor surprisingly helpful, but the grading rubric never quite clicked for me, which left me guessing on what counted in the final grade and nudged my motivation down despite genuine curiosity about the theory. By midterm I could tell attendance faded as the pace got heavier, and that lingering early confusion shaped how I interpreted later topics, even when the concepts finally started to click. Overall, there are real value moments, but I can’t confidently recommend it to someone who needs a smooth, transparent path to a good grade.",grading_transparency,positive,True,False,"The student says the grading rubric ""never quite clicked"" and they were ""guessing on what counted,"" indicating poor/unclear grading transparency, not positive.","The aspect is discussed, but the declared positive sentiment is not faithful to the review."
215,"I took Linear Algebra while juggling a full-time job and tried to fit study into those short evening sessions, which made the workload feel relentless and the early weeks especially brutal. My memory keeps returning to that first confused moment in week two when we went from vector spaces to eigen stuff in a single lecture and I stared at the screen like a deer, which oddly colored how I approached almost every later assignment. The course was very assignment-heavy, with deadlines piling up and the stack of problem sets feeling like a slow drip, and I would be racing to get them done after dinner while still staying awake; the software stack we used started rough—lots of import errors and unclear expectations—but once I pinned down a workflow it became a bit more manageable. I found the prerequisite gaps pointed out by the instructor surprisingly helpful, but the grading rubric never quite clicked for me, which left me guessing on what counted in the final grade and nudged my motivation down despite genuine curiosity about the theory. By midterm I could tell attendance faded as the pace got heavier, and that lingering early confusion shaped how I interpreted later topics, even when the concepts finally started to click. Overall, there are real value moments, but I can’t confidently recommend it to someone who needs a smooth, transparent path to a good grade.",__row_summary__,,True,False,supported 1/1; sentiment 0/1,"The aspect is discussed, but the declared positive sentiment is not faithful to the review."
216,"This was my last semester before graduation, juggling a full-time job and not a ton of study time, so I wanted a course that could run on a tighter schedule and still push me. The Machine Learning class overall was okay, with the LMS and submission flow staying smooth enough that I didn’t get stuck fighting the basics every week. My big frustration was that feedback felt sparse until it was basically too late to apply it, which left me scrambling to salvage a few assignments after the deadline pattern had already shifted in practice. Office hours saved the course for me here and there, and the professor, Prof. Rios, was approachable, but I still left with a nagging sense that the policy communication was sloppy—important pivots or expectations didn’t land clearly until well after they mattered. A notable detail: the mid-program core vibe and the time pressure being manageable most weeks helped, but the mid-semester project deadline converging with other priorities created more stress than the grading quirks deserved. In the end, I weighed the tradeoffs—solid tooling and a reasonable pace against patchy early feedback and patchy communication—without a single tidy conclusion.",overall_experience,negative,True,False,"The review is mixed: 'overall was okay' with clear negatives (sparse feedback, sloppy communication) but also positives (smooth LMS, manageable pace, approachable professor, office hours helped), not purely negative.","The aspect is discussed, but the declared negative sentiment overstates a mixed overall evaluation."
216,"This was my last semester before graduation, juggling a full-time job and not a ton of study time, so I wanted a course that could run on a tighter schedule and still push me. The Machine Learning class overall was okay, with the LMS and submission flow staying smooth enough that I didn’t get stuck fighting the basics every week. My big frustration was that feedback felt sparse until it was basically too late to apply it, which left me scrambling to salvage a few assignments after the deadline pattern had already shifted in practice. Office hours saved the course for me here and there, and the professor, Prof. Rios, was approachable, but I still left with a nagging sense that the policy communication was sloppy—important pivots or expectations didn’t land clearly until well after they mattered. A notable detail: the mid-program core vibe and the time pressure being manageable most weeks helped, but the mid-semester project deadline converging with other priorities created more stress than the grading quirks deserved. In the end, I weighed the tradeoffs—solid tooling and a reasonable pace against patchy early feedback and patchy communication—without a single tidy conclusion.",__row_summary__,,True,False,supported 1/1; sentiment 0/1,"The aspect is discussed, but the declared negative sentiment overstates a mixed overall evaluation."
217,"Data Structures with Dr. Chen felt like it teetered between solid ideas and a bit of a fog, especially for someone like me who comes from a strong coding background but weaker on the theory. The conceptual explanations were clear enough, but the examples often didn’t land, and the toolchain hiccups (deadlines sliding because the grading platform hiccuped midweek) made a rough mid‑semester crunch feel worse. The grading rubric was vague enough to leave me unsure if a midterm mistake would tank my grade, even though conceptually I understood most of the material; office hours rescued the course more than once, and I walked away with a few practical takeaways, like a clean way to reason about trees, even if the big picture still felt fuzzy. I’m not sure I’d recommend it, especially compared to easier prerequisites, but it wasn’t a total waste.",grading_transparency,neutral,True,False,"Review says the grading rubric was vague and left the student unsure about grade impact, which is negative rather than neutral.","One label mismatches the expressed negative sentiment, and the other aspect is not clearly evidenced in the review."
217,"Data Structures with Dr. Chen felt like it teetered between solid ideas and a bit of a fog, especially for someone like me who comes from a strong coding background but weaker on the theory. The conceptual explanations were clear enough, but the examples often didn’t land, and the toolchain hiccups (deadlines sliding because the grading platform hiccuped midweek) made a rough mid‑semester crunch feel worse. The grading rubric was vague enough to leave me unsure if a midterm mistake would tank my grade, even though conceptually I understood most of the material; office hours rescued the course more than once, and I walked away with a few practical takeaways, like a clean way to reason about trees, even if the big picture still felt fuzzy. I’m not sure I’d recommend it, especially compared to easier prerequisites, but it wasn’t a total waste.",assessment_design,positive,False,False,"Mentions a midterm and grading rubric vagueness, but does not clearly evaluate the design/quality of assessments themselves as positive.","One label mismatches the expressed negative sentiment, and the other aspect is not clearly evidenced in the review."
217,"Data Structures with Dr. Chen felt like it teetered between solid ideas and a bit of a fog, especially for someone like me who comes from a strong coding background but weaker on the theory. The conceptual explanations were clear enough, but the examples often didn’t land, and the toolchain hiccups (deadlines sliding because the grading platform hiccuped midweek) made a rough mid‑semester crunch feel worse. The grading rubric was vague enough to leave me unsure if a midterm mistake would tank my grade, even though conceptually I understood most of the material; office hours rescued the course more than once, and I walked away with a few practical takeaways, like a clean way to reason about trees, even if the big picture still felt fuzzy. I’m not sure I’d recommend it, especially compared to easier prerequisites, but it wasn’t a total waste.",__row_summary__,,False,False,supported 1/2; sentiment 0/2,"One label mismatches the expressed negative sentiment, and the other aspect is not clearly evidenced in the review."
218,"In Prof. Haddad’s Computer Networks class, I’m in my first semester and I’m still trying to shake off rust from a few years away from formal coursework. I used the materials selectively when needed, since the lectures and notes felt like a puzzle I had to assemble on my own time, and I appreciated how transparent the grading seemed on the surface—each assignment mattered a lot, even if there were only a handful and the rubric sometimes felt vague. The forums helped when I got stuck, though sometimes a few classmates sounded a bit dismissive, which didn’t help a returning student like me who needed the steps spelled out. A few deadlines plus a late spring exam format kept the pressure up, but the sparse feedback until the end left me guessing whether I’d misread a concept or just missed a tiny detail. I’ll admit I learned a lot watching the live demos, yet I left with mixed feelings about the process and whether I’d recommend the course to others, especially those coming back after a gap. Overall, there’s a tradeoff between the clarity of what counts toward the grade and the fuzzy moments that made the path feel murky at times.",grading_transparency,positive,True,False,"The reviewer says grading seemed transparent ""on the surface"" but rubrics felt vague and feedback was sparse, yielding mixed feelings rather than clearly positive.","Both aspects are mentioned, but the sentiments are more mixed/negative than the declared positives."
218,"In Prof. Haddad’s Computer Networks class, I’m in my first semester and I’m still trying to shake off rust from a few years away from formal coursework. I used the materials selectively when needed, since the lectures and notes felt like a puzzle I had to assemble on my own time, and I appreciated how transparent the grading seemed on the surface—each assignment mattered a lot, even if there were only a handful and the rubric sometimes felt vague. The forums helped when I got stuck, though sometimes a few classmates sounded a bit dismissive, which didn’t help a returning student like me who needed the steps spelled out. A few deadlines plus a late spring exam format kept the pressure up, but the sparse feedback until the end left me guessing whether I’d misread a concept or just missed a tiny detail. I’ll admit I learned a lot watching the live demos, yet I left with mixed feelings about the process and whether I’d recommend the course to others, especially those coming back after a gap. Overall, there’s a tradeoff between the clarity of what counts toward the grade and the fuzzy moments that made the path feel murky at times.",prerequisite_fit,positive,True,False,"They describe struggling after years away and needing more explicit steps, suggesting the course may be a difficult fit for returning students, not positive.","Both aspects are mentioned, but the sentiments are more mixed/negative than the declared positives."
218,"In Prof. Haddad’s Computer Networks class, I’m in my first semester and I’m still trying to shake off rust from a few years away from formal coursework. I used the materials selectively when needed, since the lectures and notes felt like a puzzle I had to assemble on my own time, and I appreciated how transparent the grading seemed on the surface—each assignment mattered a lot, even if there were only a handful and the rubric sometimes felt vague. The forums helped when I got stuck, though sometimes a few classmates sounded a bit dismissive, which didn’t help a returning student like me who needed the steps spelled out. A few deadlines plus a late spring exam format kept the pressure up, but the sparse feedback until the end left me guessing whether I’d misread a concept or just missed a tiny detail. I’ll admit I learned a lot watching the live demos, yet I left with mixed feelings about the process and whether I’d recommend the course to others, especially those coming back after a gap. Overall, there’s a tradeoff between the clarity of what counts toward the grade and the fuzzy moments that made the path feel murky at times.",__row_summary__,,True,False,supported 2/2; sentiment 0/2,"Both aspects are mentioned, but the sentiments are more mixed/negative than the declared positives."
219,"Honestly, Cyber Security Basics felt like it pushed just enough without giving me the extra time I assumed I’d have, especially since my load was stacked with two other demanding courses. Prof. Alvarez delivers clear lectures with a steady pace, but the tool setup for the labs took way more effort than the payoff I expected, and I found myself using the materials only when I really needed them. The feedback arrived sparsely and late, which didn’t help when deadlines piled up all at once; I compared it unfavorably to an easier prerequisite I took earlier, where guidance was tighter. By the late-semester turning point, I wasn’t sure how much was on me versus how the collaboration structure was supposed to work, and I left with a sense of partial understanding more than closure.",relevance,neutral,False,False,"The review discusses workload, lectures, labs/tool setup, feedback timing, and collaboration/understanding, but does not clearly address the course’s relevance or usefulness to goals.",The declared relevance: neutral label is not faithful because relevance is not expressed in the review.
219,"Honestly, Cyber Security Basics felt like it pushed just enough without giving me the extra time I assumed I’d have, especially since my load was stacked with two other demanding courses. Prof. Alvarez delivers clear lectures with a steady pace, but the tool setup for the labs took way more effort than the payoff I expected, and I found myself using the materials only when I really needed them. The feedback arrived sparsely and late, which didn’t help when deadlines piled up all at once; I compared it unfavorably to an easier prerequisite I took earlier, where guidance was tighter. By the late-semester turning point, I wasn’t sure how much was on me versus how the collaboration structure was supposed to work, and I left with a sense of partial understanding more than closure.",__row_summary__,,False,False,supported 0/1; sentiment 0/1,The declared relevance: neutral label is not faithful because relevance is not expressed in the review.
220,"Database Systems was my main focus this term, but wow, the tooling setup was a nightmare and left me scrambling right from week one. I liked the instructor and the high-stakes tilt of the exams, but the grading felt unfairly punishing, especially with the heavy report workload that sank me during midterm crunch. Office hours rescued the course for me more than once, and a late-night push to push code through the DB tooling finally clicked, even if I barely passed.",interest,neutral,True,False,"The student says it was their main focus and mentions things they liked, but overall tone is more negative/strained than neutral.",Both labels are not faithful: interest isn’t neutral and relevance isn’t clearly expressed.
220,"Database Systems was my main focus this term, but wow, the tooling setup was a nightmare and left me scrambling right from week one. I liked the instructor and the high-stakes tilt of the exams, but the grading felt unfairly punishing, especially with the heavy report workload that sank me during midterm crunch. Office hours rescued the course for me more than once, and a late-night push to push code through the DB tooling finally clicked, even if I barely passed.",relevance,positive,False,False,"The review does not clearly discuss usefulness or relevance to goals/career; 'main focus this term' is about priority, not relevance.",Both labels are not faithful: interest isn’t neutral and relevance isn’t clearly expressed.
220,"Database Systems was my main focus this term, but wow, the tooling setup was a nightmare and left me scrambling right from week one. I liked the instructor and the high-stakes tilt of the exams, but the grading felt unfairly punishing, especially with the heavy report workload that sank me during midterm crunch. Office hours rescued the course for me more than once, and a late-night push to push code through the DB tooling finally clicked, even if I barely passed.",__row_summary__,,False,False,supported 1/2; sentiment 0/2,Both labels are not faithful: interest isn’t neutral and relevance isn’t clearly expressed.
221,"I took Machine Learning while juggling a full-time job, and I mainly signed up because it fit my weekly schedule better than chasing something else, not because I worshipped the topic. The thing that stuck with me most was the heavy, report-heavy assessment load—tons of writeups and data dumps that felt more about compiling everything you did than actually understanding it on the go, which was rough when I only had a few solid evenings each week. Quick feedback helped a bit—timely notes let me adjust my approach before deadlines—and the peer discussions were surprisingly useful, giving me practical angles I wouldn’t get from the official slides. The platform, though, had quirks that added avoidable stress: random formatting quirks in submissions and a weird quiz timer that didn’t always line up with what the prompt asked, which made me second-guess myself in a way I don’t love. I’d say I’m torn: I’d recommend it only if you’re prepared to wedge study time around a lot of reporting and you’re able to stay motivated consistently, which I wasn’t always able to do. Still, if you can keep a steady pace, you might pull through with something usable.",prerequisite_fit,neutral,False,False,"The review discusses schedule fit and workload, but does not mention prerequisites or prior knowledge requirements.",Both declared labels are not directly evidenced by the review text.
221,"I took Machine Learning while juggling a full-time job, and I mainly signed up because it fit my weekly schedule better than chasing something else, not because I worshipped the topic. The thing that stuck with me most was the heavy, report-heavy assessment load—tons of writeups and data dumps that felt more about compiling everything you did than actually understanding it on the go, which was rough when I only had a few solid evenings each week. Quick feedback helped a bit—timely notes let me adjust my approach before deadlines—and the peer discussions were surprisingly useful, giving me practical angles I wouldn’t get from the official slides. The platform, though, had quirks that added avoidable stress: random formatting quirks in submissions and a weird quiz timer that didn’t always line up with what the prompt asked, which made me second-guess myself in a way I don’t love. I’d say I’m torn: I’d recommend it only if you’re prepared to wedge study time around a lot of reporting and you’re able to stay motivated consistently, which I wasn’t always able to do. Still, if you can keep a steady pace, you might pull through with something usable.",grading_transparency,negative,False,False,"The review complains about heavy reporting and platform/quiz timer quirks, but does not address clarity/fairness/transparency of grading criteria.",Both declared labels are not directly evidenced by the review text.
221,"I took Machine Learning while juggling a full-time job, and I mainly signed up because it fit my weekly schedule better than chasing something else, not because I worshipped the topic. The thing that stuck with me most was the heavy, report-heavy assessment load—tons of writeups and data dumps that felt more about compiling everything you did than actually understanding it on the go, which was rough when I only had a few solid evenings each week. Quick feedback helped a bit—timely notes let me adjust my approach before deadlines—and the peer discussions were surprisingly useful, giving me practical angles I wouldn’t get from the official slides. The platform, though, had quirks that added avoidable stress: random formatting quirks in submissions and a weird quiz timer that didn’t always line up with what the prompt asked, which made me second-guess myself in a way I don’t love. I’d say I’m torn: I’d recommend it only if you’re prepared to wedge study time around a lot of reporting and you’re able to stay motivated consistently, which I wasn’t always able to do. Still, if you can keep a steady pace, you might pull through with something usable.",__row_summary__,,False,False,supported 0/2; sentiment 0/2,Both declared labels are not directly evidenced by the review text.
222,"Taking Linear Algebra felt like following a path I was curious about, and the workload stayed doable the whole way, even when I fell behind a bit and had to sprint to catch up before deadlines. The slides were serviceable but not memorable; I’d glance at them and move on, which left me relying more on classmates for intuition than on lecture magic. I’m comfortable with proofs, but I’m not a systems person, and this course somehow filled some gaps I didn’t know were gaps, better than I expected for a mid-program core class. The way people helped each other in discussion posts and study groups mattered more to me than the staff replies, which felt a bit slow or off sometimes. There was a concrete project where we had to sanity-check a matrix factorization idea, and that tiny thing stuck with me as a real moment of seeing how the theory translates, even if the pacing and communication around policies were sloppy at times. Overall, I’m not sure I’d say yes to recommending it outright, but the curiosity carried me through more than the polish did.",workload,positive,True,True,Says the workload stayed doable even after falling behind.,"Workload and materials labels are mostly faithful, but tooling usability is not evidenced in the review."
222,"Taking Linear Algebra felt like following a path I was curious about, and the workload stayed doable the whole way, even when I fell behind a bit and had to sprint to catch up before deadlines. The slides were serviceable but not memorable; I’d glance at them and move on, which left me relying more on classmates for intuition than on lecture magic. I’m comfortable with proofs, but I’m not a systems person, and this course somehow filled some gaps I didn’t know were gaps, better than I expected for a mid-program core class. The way people helped each other in discussion posts and study groups mattered more to me than the staff replies, which felt a bit slow or off sometimes. There was a concrete project where we had to sanity-check a matrix factorization idea, and that tiny thing stuck with me as a real moment of seeing how the theory translates, even if the pacing and communication around policies were sloppy at times. Overall, I’m not sure I’d say yes to recommending it outright, but the curiosity carried me through more than the polish did.",materials,neutral,True,True,"Slides described as serviceable but not memorable, implying neither clearly positive nor strongly negative overall.","Workload and materials labels are mostly faithful, but tooling usability is not evidenced in the review."
222,"Taking Linear Algebra felt like following a path I was curious about, and the workload stayed doable the whole way, even when I fell behind a bit and had to sprint to catch up before deadlines. The slides were serviceable but not memorable; I’d glance at them and move on, which left me relying more on classmates for intuition than on lecture magic. I’m comfortable with proofs, but I’m not a systems person, and this course somehow filled some gaps I didn’t know were gaps, better than I expected for a mid-program core class. The way people helped each other in discussion posts and study groups mattered more to me than the staff replies, which felt a bit slow or off sometimes. There was a concrete project where we had to sanity-check a matrix factorization idea, and that tiny thing stuck with me as a real moment of seeing how the theory translates, even if the pacing and communication around policies were sloppy at times. Overall, I’m not sure I’d say yes to recommending it outright, but the curiosity carried me through more than the polish did.",tooling_usability,neutral,False,False,No clear mention of course tools/software/platform usability.,"Workload and materials labels are mostly faithful, but tooling usability is not evidenced in the review."
222,"Taking Linear Algebra felt like following a path I was curious about, and the workload stayed doable the whole way, even when I fell behind a bit and had to sprint to catch up before deadlines. The slides were serviceable but not memorable; I’d glance at them and move on, which left me relying more on classmates for intuition than on lecture magic. I’m comfortable with proofs, but I’m not a systems person, and this course somehow filled some gaps I didn’t know were gaps, better than I expected for a mid-program core class. The way people helped each other in discussion posts and study groups mattered more to me than the staff replies, which felt a bit slow or off sometimes. There was a concrete project where we had to sanity-check a matrix factorization idea, and that tiny thing stuck with me as a real moment of seeing how the theory translates, even if the pacing and communication around policies were sloppy at times. Overall, I’m not sure I’d say yes to recommending it outright, but the curiosity carried me through more than the polish did.",__row_summary__,,False,False,supported 2/3; sentiment 2/3,"Workload and materials labels are mostly faithful, but tooling usability is not evidenced in the review."
223,"The Data Structures course felt useful in what I learned, but I didn’t exactly enjoy sitting through it. I mostly relied on the recordings and notes, since the lectures were dry and I’m more comfortable with proofs than systems stuff, so I treated it as the main focus course that term and pushed through long days on the material. The thing that stuck with me is that the grading rubric always felt vague and I left a lot of questions about how projects would be weighed, which made the actual work feel uncertain even when I thought I’d done okay. TAs were responsive and practical when I reached out, especially during office hours, but the collaboration expectations were unclear, so I ended up doing more solo review than I expected. I compared it to my easier prerequisite and appreciated that the concepts finally clicked on some days, even if the overall experience wasn’t enjoyable. A concrete hiccup I remember: a midterm that emphasized implementation quirks in a way that didn’t map cleanly to the practice problems we did in forums, which made studying feel disjointed. Still, the recordings are a solid resource if I need to revisit a topic, and I’ll keep the notes as a reference for future courses. The mix of usefulness and discomfort stays with me as I move on.",assessment_design,neutral,True,False,"The review says the grading rubric felt vague and project weighting unclear, indicating negative sentiment rather than neutral.","All three aspects are discussed, but each declared sentiment conflicts with the review’s expressed sentiment."
223,"The Data Structures course felt useful in what I learned, but I didn’t exactly enjoy sitting through it. I mostly relied on the recordings and notes, since the lectures were dry and I’m more comfortable with proofs than systems stuff, so I treated it as the main focus course that term and pushed through long days on the material. The thing that stuck with me is that the grading rubric always felt vague and I left a lot of questions about how projects would be weighed, which made the actual work feel uncertain even when I thought I’d done okay. TAs were responsive and practical when I reached out, especially during office hours, but the collaboration expectations were unclear, so I ended up doing more solo review than I expected. I compared it to my easier prerequisite and appreciated that the concepts finally clicked on some days, even if the overall experience wasn’t enjoyable. A concrete hiccup I remember: a midterm that emphasized implementation quirks in a way that didn’t map cleanly to the practice problems we did in forums, which made studying feel disjointed. Still, the recordings are a solid resource if I need to revisit a topic, and I’ll keep the notes as a reference for future courses. The mix of usefulness and discomfort stays with me as I move on.",exam_fairness,positive,True,False,"A midterm emphasized quirks not aligned with practice problems, making studying disjointed; this reflects negative fairness/alignment, not positive.","All three aspects are discussed, but each declared sentiment conflicts with the review’s expressed sentiment."
223,"The Data Structures course felt useful in what I learned, but I didn’t exactly enjoy sitting through it. I mostly relied on the recordings and notes, since the lectures were dry and I’m more comfortable with proofs than systems stuff, so I treated it as the main focus course that term and pushed through long days on the material. The thing that stuck with me is that the grading rubric always felt vague and I left a lot of questions about how projects would be weighed, which made the actual work feel uncertain even when I thought I’d done okay. TAs were responsive and practical when I reached out, especially during office hours, but the collaboration expectations were unclear, so I ended up doing more solo review than I expected. I compared it to my easier prerequisite and appreciated that the concepts finally clicked on some days, even if the overall experience wasn’t enjoyable. A concrete hiccup I remember: a midterm that emphasized implementation quirks in a way that didn’t map cleanly to the practice problems we did in forums, which made studying feel disjointed. Still, the recordings are a solid resource if I need to revisit a topic, and I’ll keep the notes as a reference for future courses. The mix of usefulness and discomfort stays with me as I move on.",support,neutral,True,False,"TAs are described as responsive and practical, especially in office hours, which is positive rather than neutral.","All three aspects are discussed, but each declared sentiment conflicts with the review’s expressed sentiment."
223,"The Data Structures course felt useful in what I learned, but I didn’t exactly enjoy sitting through it. I mostly relied on the recordings and notes, since the lectures were dry and I’m more comfortable with proofs than systems stuff, so I treated it as the main focus course that term and pushed through long days on the material. The thing that stuck with me is that the grading rubric always felt vague and I left a lot of questions about how projects would be weighed, which made the actual work feel uncertain even when I thought I’d done okay. TAs were responsive and practical when I reached out, especially during office hours, but the collaboration expectations were unclear, so I ended up doing more solo review than I expected. I compared it to my easier prerequisite and appreciated that the concepts finally clicked on some days, even if the overall experience wasn’t enjoyable. A concrete hiccup I remember: a midterm that emphasized implementation quirks in a way that didn’t map cleanly to the practice problems we did in forums, which made studying feel disjointed. Still, the recordings are a solid resource if I need to revisit a topic, and I’ll keep the notes as a reference for future courses. The mix of usefulness and discomfort stays with me as I move on.",__row_summary__,,True,False,supported 3/3; sentiment 0/3,"All three aspects are discussed, but each declared sentiment conflicts with the review’s expressed sentiment."
224,"Cyber Security Basics felt like a middle-of-the-semester slog at times, but the lectures were clear and paced okay for the most part, even as I fell behind and then clawed my way back to meet a couple of deadlines. I took it mostly because I needed it for a specialization, and while the software stack started rough at first, it settled into something usable after a few weeks. The course leaned more on student help than staff for troubleshooting, and I appreciated that, though I still wish the prerequisite fit a bit better for me since adjacent material would have saved me some headspace. By the end I was torn about the grade—C—uncertain if it reflected what I actually understood, and I’m not sure the time pressure was as bad as it seemed most weeks. I remember a project with a small lab incident that stuck with me more than the lectures.",accessibility,positive,False,False,"The review mentions clear lectures and pacing, but does not clearly discuss accessibility (e.g., accommodations, inclusive access, ease of access); it also notes struggles with prerequisites and time pressure.",The declared positive accessibility label is not clearly grounded in the review.
224,"Cyber Security Basics felt like a middle-of-the-semester slog at times, but the lectures were clear and paced okay for the most part, even as I fell behind and then clawed my way back to meet a couple of deadlines. I took it mostly because I needed it for a specialization, and while the software stack started rough at first, it settled into something usable after a few weeks. The course leaned more on student help than staff for troubleshooting, and I appreciated that, though I still wish the prerequisite fit a bit better for me since adjacent material would have saved me some headspace. By the end I was torn about the grade—C—uncertain if it reflected what I actually understood, and I’m not sure the time pressure was as bad as it seemed most weeks. I remember a project with a small lab incident that stuck with me more than the lectures.",__row_summary__,,False,False,supported 0/1; sentiment 0/1,The declared positive accessibility label is not clearly grounded in the review.
225,"Calculus II was the class I signed up for mainly because I’d heard it’s useful for industry work, and as a returning student I felt rusty but stubbornly optimistic about catching up. I balanced it with a couple of tougher courses, but the term still felt like a slog; the problem sets dragged on and I barely scraped by on the final, which was honestly exhausting even though the questions were fair. The feedback came quick enough to adjust, but a lot of it arrived after I’d already moved on to the next topic, which was frustrating when I was trying to fix mistakes in real time. What stuck with me most was that it helps a lot if you already know adjacent material—I felt like I was sprinting to catch up on integration techniques while the rest of the class was cruising. People in the room helped each other more than staff did, which was both a relief and a reminder that I was on my own a bit in places. The turning point felt late in the term, a shaky breakthrough during a late problem set that finally clicked, and I left the room thinking the course had some real teeth, even as I was utterly spent. Compared to the other course I took this term, this one left me more worn but oddly more confident about actually applying the math later.",interest,neutral,True,False,"The reviewer expresses engaged motivation and eventual increased confidence/utility despite exhaustion, which reads more positive/mixed than neutral.","The aspect is present, but the sentiment is understated by labeling it neutral."
225,"Calculus II was the class I signed up for mainly because I’d heard it’s useful for industry work, and as a returning student I felt rusty but stubbornly optimistic about catching up. I balanced it with a couple of tougher courses, but the term still felt like a slog; the problem sets dragged on and I barely scraped by on the final, which was honestly exhausting even though the questions were fair. The feedback came quick enough to adjust, but a lot of it arrived after I’d already moved on to the next topic, which was frustrating when I was trying to fix mistakes in real time. What stuck with me most was that it helps a lot if you already know adjacent material—I felt like I was sprinting to catch up on integration techniques while the rest of the class was cruising. People in the room helped each other more than staff did, which was both a relief and a reminder that I was on my own a bit in places. The turning point felt late in the term, a shaky breakthrough during a late problem set that finally clicked, and I left the room thinking the course had some real teeth, even as I was utterly spent. Compared to the other course I took this term, this one left me more worn but oddly more confident about actually applying the math later.",__row_summary__,,True,False,supported 1/1; sentiment 0/1,"The aspect is present, but the sentiment is understated by labeling it neutral."
226,"Calculus II with Prof. Rios was a mix I didn’t fully expect. I came in curious about the why behind the tricks, and the course did spark that curiosity even if the week-to-week pace felt uneven and the lectures didn’t always land. The collaborative part felt vague—there was this sense that you were supposed team up, but the expectations weren’t clear, so I ended up studying with classmates more than staff guidance. My midterm crunch was rough, and the exam felt fair in structure but the phrasing sometimes seemed to hinge on interpretation more than on straight calculation. I’m not sure I’d confidently recommend it, but it did become useful in strange, practical ways, if you can ride out the rough patches.",prerequisite_fit,neutral,False,False,The review doesn’t discuss whether prerequisites prepared the student or fit their background.,"Only exam fairness is mentioned and it reads mixed, while the other two aspects aren’t clearly addressed."
226,"Calculus II with Prof. Rios was a mix I didn’t fully expect. I came in curious about the why behind the tricks, and the course did spark that curiosity even if the week-to-week pace felt uneven and the lectures didn’t always land. The collaborative part felt vague—there was this sense that you were supposed team up, but the expectations weren’t clear, so I ended up studying with classmates more than staff guidance. My midterm crunch was rough, and the exam felt fair in structure but the phrasing sometimes seemed to hinge on interpretation more than on straight calculation. I’m not sure I’d confidently recommend it, but it did become useful in strange, practical ways, if you can ride out the rough patches.",exam_fairness,negative,True,False,"They say the exam felt fair in structure though phrasing was interpretive, which is mixed/neutral rather than clearly negative.","Only exam fairness is mentioned and it reads mixed, while the other two aspects aren’t clearly addressed."
226,"Calculus II with Prof. Rios was a mix I didn’t fully expect. I came in curious about the why behind the tricks, and the course did spark that curiosity even if the week-to-week pace felt uneven and the lectures didn’t always land. The collaborative part felt vague—there was this sense that you were supposed team up, but the expectations weren’t clear, so I ended up studying with classmates more than staff guidance. My midterm crunch was rough, and the exam felt fair in structure but the phrasing sometimes seemed to hinge on interpretation more than on straight calculation. I’m not sure I’d confidently recommend it, but it did become useful in strange, practical ways, if you can ride out the rough patches.",feedback_quality,neutral,False,False,There’s no explicit mention of feedback; unclear collaboration/staff guidance is not clearly feedback quality.,"Only exam fairness is mentioned and it reads mixed, while the other two aspects aren’t clearly addressed."
226,"Calculus II with Prof. Rios was a mix I didn’t fully expect. I came in curious about the why behind the tricks, and the course did spark that curiosity even if the week-to-week pace felt uneven and the lectures didn’t always land. The collaborative part felt vague—there was this sense that you were supposed team up, but the expectations weren’t clear, so I ended up studying with classmates more than staff guidance. My midterm crunch was rough, and the exam felt fair in structure but the phrasing sometimes seemed to hinge on interpretation more than on straight calculation. I’m not sure I’d confidently recommend it, but it did become useful in strange, practical ways, if you can ride out the rough patches.",__row_summary__,,False,False,supported 1/3; sentiment 0/3,"Only exam fairness is mentioned and it reads mixed, while the other two aspects aren’t clearly addressed."
227,"This term I treated Computer Networks as my main focus due to my full-time job, and it wore me out in ways I didn’t expect. Prof. Haddad can be engaging, but the delivery felt uneven week to week, which made it hard to rely on a steady thread when I was juggling after-hours study and a tight deadline at work. The course is clearly project-heavy and the high-stakes exams kept my anxiety level up, yet I learned a lot—the material clicked best when I already had some adjacent knowledge, which helped me push through the tougher weeks. The setup for the tools took more effort than it seemed to be worth, and I found myself spending evenings wrestling with configuration rather than applying concepts to a real network scenario, like the small off-campus lab that required a specific router image I had to fetch twice. One standout moment was a late-night project update that exposed a fundamental gap in my understanding of routing tables, which I’m still processing; it wasn’t pretty, but it felt honest. I can’t shake the sense that the course demands more time than someone in my situation can give, yet I did come away with useful insight that I wouldn’t trade for a lighter load.",support,positive,False,False,"The review does not mention receiving help or support (e.g., from staff, TAs, peers); it focuses on workload, delivery, tools, and learning.",Both declared labels are not faithful: support is absent and difficulty sentiment is reversed.
227,"This term I treated Computer Networks as my main focus due to my full-time job, and it wore me out in ways I didn’t expect. Prof. Haddad can be engaging, but the delivery felt uneven week to week, which made it hard to rely on a steady thread when I was juggling after-hours study and a tight deadline at work. The course is clearly project-heavy and the high-stakes exams kept my anxiety level up, yet I learned a lot—the material clicked best when I already had some adjacent knowledge, which helped me push through the tougher weeks. The setup for the tools took more effort than it seemed to be worth, and I found myself spending evenings wrestling with configuration rather than applying concepts to a real network scenario, like the small off-campus lab that required a specific router image I had to fetch twice. One standout moment was a late-night project update that exposed a fundamental gap in my understanding of routing tables, which I’m still processing; it wasn’t pretty, but it felt honest. I can’t shake the sense that the course demands more time than someone in my situation can give, yet I did come away with useful insight that I wouldn’t trade for a lighter load.",difficulty,positive,True,False,"The course is described as wearing the student out, project-heavy, high-stakes exams, anxiety-inducing, and demanding more time than they can give—overall negative difficulty, not positive.",Both declared labels are not faithful: support is absent and difficulty sentiment is reversed.
227,"This term I treated Computer Networks as my main focus due to my full-time job, and it wore me out in ways I didn’t expect. Prof. Haddad can be engaging, but the delivery felt uneven week to week, which made it hard to rely on a steady thread when I was juggling after-hours study and a tight deadline at work. The course is clearly project-heavy and the high-stakes exams kept my anxiety level up, yet I learned a lot—the material clicked best when I already had some adjacent knowledge, which helped me push through the tougher weeks. The setup for the tools took more effort than it seemed to be worth, and I found myself spending evenings wrestling with configuration rather than applying concepts to a real network scenario, like the small off-campus lab that required a specific router image I had to fetch twice. One standout moment was a late-night project update that exposed a fundamental gap in my understanding of routing tables, which I’m still processing; it wasn’t pretty, but it felt honest. I can’t shake the sense that the course demands more time than someone in my situation can give, yet I did come away with useful insight that I wouldn’t trade for a lighter load.",__row_summary__,,False,False,supported 1/2; sentiment 0/2,Both declared labels are not faithful: support is absent and difficulty sentiment is reversed.
228,"I took Linear Algebra this summer while juggling a full-time job, and I’m glad I went in curious but rusty. The lectures were dry but the recorded ones helped me catch the ideas at my own pace, though feedback came sparsely and often felt late. Still, the collaborative student chatter carried me through, and the course did fill gaps better than I expected, especially around vector spaces, even if I wouldn’t say I’d wholeheartedly recommend it.",lecturer_quality,neutral,True,True,"Lectures were described as 'dry' (negative) but recorded lectures helped (positive), yielding an overall mixed/neutral view.","Lecturer quality and clarity are supported with largely neutral/positive alignment, but workload is not explicitly discussed."
228,"I took Linear Algebra this summer while juggling a full-time job, and I’m glad I went in curious but rusty. The lectures were dry but the recorded ones helped me catch the ideas at my own pace, though feedback came sparsely and often felt late. Still, the collaborative student chatter carried me through, and the course did fill gaps better than I expected, especially around vector spaces, even if I wouldn’t say I’d wholeheartedly recommend it.",workload,positive,False,False,The review mentions juggling a full-time job but does not clearly assess course workload as heavy/light/manageable.,"Lecturer quality and clarity are supported with largely neutral/positive alignment, but workload is not explicitly discussed."
228,"I took Linear Algebra this summer while juggling a full-time job, and I’m glad I went in curious but rusty. The lectures were dry but the recorded ones helped me catch the ideas at my own pace, though feedback came sparsely and often felt late. Still, the collaborative student chatter carried me through, and the course did fill gaps better than I expected, especially around vector spaces, even if I wouldn’t say I’d wholeheartedly recommend it.",clarity,positive,True,True,"Recorded lectures helped the student catch ideas and the course filled knowledge gaps, indicating generally positive clarity despite sparse/late feedback.","Lecturer quality and clarity are supported with largely neutral/positive alignment, but workload is not explicitly discussed."
228,"I took Linear Algebra this summer while juggling a full-time job, and I’m glad I went in curious but rusty. The lectures were dry but the recorded ones helped me catch the ideas at my own pace, though feedback came sparsely and often felt late. Still, the collaborative student chatter carried me through, and the course did fill gaps better than I expected, especially around vector spaces, even if I wouldn’t say I’d wholeheartedly recommend it.",__row_summary__,,False,False,supported 2/3; sentiment 2/3,"Lecturer quality and clarity are supported with largely neutral/positive alignment, but workload is not explicitly discussed."
229,"Calculus II was a required grind during the summer term, and I’m still juggling how it fits with my other demanding courses, but Dr. Singh kept things moving without making it feel impossible. The workload felt heavy in a good way, mostly because there were enough structured tasks to keep me honest without drowning in busywork, and the way the course built on the stated prerequisites helped me see the logic rather than stumble through it. I liked how the grading rubric shows up on the surface as clear milestones, but there’s a vague edge to it that leaves you guessing exactly how some partial credit lands, which is annoying when you’re racing against the clock. The assessments are very report-heavy and time-consuming, which fits the “deep-dive” vibe of the track, yet the feedback arrives quickly in terms of scores while the explanations stay thin, so you can’t always learn where you slipped. I compared it to another summer course I took in the same term, which felt tighter in pacing, and I think Singh is genuinely engaging in class, even when I’m frustrated with the grading. Still, I’d say I appreciated the lecturer overall more than the rubric earned. It’s a solid experience that leaves you thinking, and if you can tolerate the ambiguity in the rubric, you’ll come out sharper.",workload,positive,True,True,"Workload is described as heavy but ""in a good way,"" with structured tasks and not too much busywork.","Workload positivity is supported, but a positive 'support' label is not clearly grounded in the review."
229,"Calculus II was a required grind during the summer term, and I’m still juggling how it fits with my other demanding courses, but Dr. Singh kept things moving without making it feel impossible. The workload felt heavy in a good way, mostly because there were enough structured tasks to keep me honest without drowning in busywork, and the way the course built on the stated prerequisites helped me see the logic rather than stumble through it. I liked how the grading rubric shows up on the surface as clear milestones, but there’s a vague edge to it that leaves you guessing exactly how some partial credit lands, which is annoying when you’re racing against the clock. The assessments are very report-heavy and time-consuming, which fits the “deep-dive” vibe of the track, yet the feedback arrives quickly in terms of scores while the explanations stay thin, so you can’t always learn where you slipped. I compared it to another summer course I took in the same term, which felt tighter in pacing, and I think Singh is genuinely engaging in class, even when I’m frustrated with the grading. Still, I’d say I appreciated the lecturer overall more than the rubric earned. It’s a solid experience that leaves you thinking, and if you can tolerate the ambiguity in the rubric, you’ll come out sharper.",support,positive,False,False,"The review mentions thin feedback explanations and some clarity issues, but does not clearly express strong instructional/support resources as an aspect.","Workload positivity is supported, but a positive 'support' label is not clearly grounded in the review."
229,"Calculus II was a required grind during the summer term, and I’m still juggling how it fits with my other demanding courses, but Dr. Singh kept things moving without making it feel impossible. The workload felt heavy in a good way, mostly because there were enough structured tasks to keep me honest without drowning in busywork, and the way the course built on the stated prerequisites helped me see the logic rather than stumble through it. I liked how the grading rubric shows up on the surface as clear milestones, but there’s a vague edge to it that leaves you guessing exactly how some partial credit lands, which is annoying when you’re racing against the clock. The assessments are very report-heavy and time-consuming, which fits the “deep-dive” vibe of the track, yet the feedback arrives quickly in terms of scores while the explanations stay thin, so you can’t always learn where you slipped. I compared it to another summer course I took in the same term, which felt tighter in pacing, and I think Singh is genuinely engaging in class, even when I’m frustrated with the grading. Still, I’d say I appreciated the lecturer overall more than the rubric earned. It’s a solid experience that leaves you thinking, and if you can tolerate the ambiguity in the rubric, you’ll come out sharper.",__row_summary__,,False,False,supported 1/2; sentiment 1/2,"Workload positivity is supported, but a positive 'support' label is not clearly grounded in the review."
230,"Database Systems was my first semester and I kept thinking the tooling would be rougher at first, but it settles into something manageable if you push through. Lectures were clear with decent pacing, and the TAs were pretty responsive, which helped when the feedback came in a bit late for one big project deadline. I had enough time overall but motivation was inconsistent, so I’d only recommend it if you’re prepared to do the work even when you’re juggling another hard class. But I’d still say the course is",tooling_usability,neutral,True,True,"Mentions expecting rough tooling but it became manageable, implying neither strongly positive nor negative overall.",The tooling usability aspect is present and the neutral label is consistent with the review.
230,"Database Systems was my first semester and I kept thinking the tooling would be rougher at first, but it settles into something manageable if you push through. Lectures were clear with decent pacing, and the TAs were pretty responsive, which helped when the feedback came in a bit late for one big project deadline. I had enough time overall but motivation was inconsistent, so I’d only recommend it if you’re prepared to do the work even when you’re juggling another hard class. But I’d still say the course is",__row_summary__,,True,True,supported 1/1; sentiment 1/1,The tooling usability aspect is present and the neutral label is consistent with the review.
231,"Machine Learning with Dr. Park was solid for me, given I’m juggling a full-time job and can only study in fits. The lectures explained concepts well, but the examples felt thin; I relied on the materials only when needed and still managed a solid B that matched the effort I could put in. The platform quirks caused unnecessary stress, and I noticed students helping each other more than staff did, which helped during the project and the exams.",overall_experience,positive,True,True,"Review is mixed but generally favorable: lectures explained concepts well and the course was 'solid' with a satisfactory grade, despite stress from platform quirks and limited staff help.","The positive overall_experience label is supported, though the review contains notable negatives."
231,"Machine Learning with Dr. Park was solid for me, given I’m juggling a full-time job and can only study in fits. The lectures explained concepts well, but the examples felt thin; I relied on the materials only when needed and still managed a solid B that matched the effort I could put in. The platform quirks caused unnecessary stress, and I noticed students helping each other more than staff did, which helped during the project and the exams.",__row_summary__,,True,True,supported 1/1; sentiment 1/1,"The positive overall_experience label is supported, though the review contains notable negatives."
232,"Linear Algebra came in the middle of a brutal stretch this semester, and I only dragged the materials out when I needed them, mostly working through the notes on my own rather than in a study group. The setup felt a bit heavy at first, but it actually filled in gaps I had from earlier math courses better than I expected, which was a pleasant surprise since I was chasing a specialization. I liked that the problem sets leaned on the lectures and the core ideas, and I appreciated that I could tackle them at a pace that fit my schedule, even if the platform felt like a hassle to get fully up and running each time. The biggest snag was the administrative side—the policies are fine, but communication felt sloppy, so I’d run into small deadline jitters or misreads about submission formats. I did end up using the materials selectively, and I didn’t rely on peers much since it was mostly individual work, which was fine for me but left me a bit unsure whether my C grade truly reflected my understanding. Still, the practical bits—like understanding linear independence in a way that actually translates to my project work—were worth it, and I’d say I’d not take it again if I didn’t need the exact prereqs met, even though it helped a lot.",clarity,neutral,False,False,"The review discusses heavy setup, good gap-filling, and sloppy administrative communication, but does not clearly evaluate instructional clarity/understandability.","Materials and practical application labels fit well, but clarity is not explicitly addressed in the review."
232,"Linear Algebra came in the middle of a brutal stretch this semester, and I only dragged the materials out when I needed them, mostly working through the notes on my own rather than in a study group. The setup felt a bit heavy at first, but it actually filled in gaps I had from earlier math courses better than I expected, which was a pleasant surprise since I was chasing a specialization. I liked that the problem sets leaned on the lectures and the core ideas, and I appreciated that I could tackle them at a pace that fit my schedule, even if the platform felt like a hassle to get fully up and running each time. The biggest snag was the administrative side—the policies are fine, but communication felt sloppy, so I’d run into small deadline jitters or misreads about submission formats. I did end up using the materials selectively, and I didn’t rely on peers much since it was mostly individual work, which was fine for me but left me a bit unsure whether my C grade truly reflected my understanding. Still, the practical bits—like understanding linear independence in a way that actually translates to my project work—were worth it, and I’d say I’d not take it again if I didn’t need the exact prereqs met, even though it helped a lot.",materials,positive,True,True,"They found the notes/lectures and problem sets helpful and gap-filling, despite some platform hassle.","Materials and practical application labels fit well, but clarity is not explicitly addressed in the review."
232,"Linear Algebra came in the middle of a brutal stretch this semester, and I only dragged the materials out when I needed them, mostly working through the notes on my own rather than in a study group. The setup felt a bit heavy at first, but it actually filled in gaps I had from earlier math courses better than I expected, which was a pleasant surprise since I was chasing a specialization. I liked that the problem sets leaned on the lectures and the core ideas, and I appreciated that I could tackle them at a pace that fit my schedule, even if the platform felt like a hassle to get fully up and running each time. The biggest snag was the administrative side—the policies are fine, but communication felt sloppy, so I’d run into small deadline jitters or misreads about submission formats. I did end up using the materials selectively, and I didn’t rely on peers much since it was mostly individual work, which was fine for me but left me a bit unsure whether my C grade truly reflected my understanding. Still, the practical bits—like understanding linear independence in a way that actually translates to my project work—were worth it, and I’d say I’d not take it again if I didn’t need the exact prereqs met, even though it helped a lot.",practical_application,positive,True,True,They explicitly say concepts like linear independence translated to project work and were worth it.,"Materials and practical application labels fit well, but clarity is not explicitly addressed in the review."
232,"Linear Algebra came in the middle of a brutal stretch this semester, and I only dragged the materials out when I needed them, mostly working through the notes on my own rather than in a study group. The setup felt a bit heavy at first, but it actually filled in gaps I had from earlier math courses better than I expected, which was a pleasant surprise since I was chasing a specialization. I liked that the problem sets leaned on the lectures and the core ideas, and I appreciated that I could tackle them at a pace that fit my schedule, even if the platform felt like a hassle to get fully up and running each time. The biggest snag was the administrative side—the policies are fine, but communication felt sloppy, so I’d run into small deadline jitters or misreads about submission formats. I did end up using the materials selectively, and I didn’t rely on peers much since it was mostly individual work, which was fine for me but left me a bit unsure whether my C grade truly reflected my understanding. Still, the practical bits—like understanding linear independence in a way that actually translates to my project work—were worth it, and I’d say I’d not take it again if I didn’t need the exact prereqs met, even though it helped a lot.",__row_summary__,,False,False,supported 2/3; sentiment 2/3,"Materials and practical application labels fit well, but clarity is not explicitly addressed in the review."
233,"I took Operating Systems mainly to fit my schedule with a couple of other heavy courses, and I’ll admit the workload felt heavier than I expected, especially with the steady stream of assignments due every week. Prof. Cohen delivers clear lectures with decent pacing, and I appreciated how the prerequisite gaps got filled better than I anticipated, which saved me a lot of scrambling on fundamentals. The exam timing and structure felt fair enough, but the constant deadlines kept me perpetually chasing, so even when the questions were reasonable, I was spent by the end. I mostly relied on recordings and notes, and when group work clicked, it added real value; we had one solid teammate who kept us organized, which helped a bit with the more design-heavy parts. The collaboration can stall if the team doesn’t pull its weight, though, and that was frustrating when you’re juggling multiple demanding courses. I didn’t hate the content, and the interest shown in the material when a lab scenario clicked was tangible, but the pace and the quiz-load wore me down, leaving me wondering if the balance could be smoother.",workload,negative,True,True,"Workload described as heavier than expected with weekly assignments, constant deadlines, and quiz-load wearing them down.",All declared aspect sentiments are clearly supported by the review.
233,"I took Operating Systems mainly to fit my schedule with a couple of other heavy courses, and I’ll admit the workload felt heavier than I expected, especially with the steady stream of assignments due every week. Prof. Cohen delivers clear lectures with decent pacing, and I appreciated how the prerequisite gaps got filled better than I anticipated, which saved me a lot of scrambling on fundamentals. The exam timing and structure felt fair enough, but the constant deadlines kept me perpetually chasing, so even when the questions were reasonable, I was spent by the end. I mostly relied on recordings and notes, and when group work clicked, it added real value; we had one solid teammate who kept us organized, which helped a bit with the more design-heavy parts. The collaboration can stall if the team doesn’t pull its weight, though, and that was frustrating when you’re juggling multiple demanding courses. I didn’t hate the content, and the interest shown in the material when a lab scenario clicked was tangible, but the pace and the quiz-load wore me down, leaving me wondering if the balance could be smoother.",exam_fairness,positive,True,True,Exam timing and structure are described as feeling fair enough and questions reasonable.,All declared aspect sentiments are clearly supported by the review.
233,"I took Operating Systems mainly to fit my schedule with a couple of other heavy courses, and I’ll admit the workload felt heavier than I expected, especially with the steady stream of assignments due every week. Prof. Cohen delivers clear lectures with decent pacing, and I appreciated how the prerequisite gaps got filled better than I anticipated, which saved me a lot of scrambling on fundamentals. The exam timing and structure felt fair enough, but the constant deadlines kept me perpetually chasing, so even when the questions were reasonable, I was spent by the end. I mostly relied on recordings and notes, and when group work clicked, it added real value; we had one solid teammate who kept us organized, which helped a bit with the more design-heavy parts. The collaboration can stall if the team doesn’t pull its weight, though, and that was frustrating when you’re juggling multiple demanding courses. I didn’t hate the content, and the interest shown in the material when a lab scenario clicked was tangible, but the pace and the quiz-load wore me down, leaving me wondering if the balance could be smoother.",interest,positive,True,True,They note not hating the content and having tangible interest when lab scenarios clicked.,All declared aspect sentiments are clearly supported by the review.
233,"I took Operating Systems mainly to fit my schedule with a couple of other heavy courses, and I’ll admit the workload felt heavier than I expected, especially with the steady stream of assignments due every week. Prof. Cohen delivers clear lectures with decent pacing, and I appreciated how the prerequisite gaps got filled better than I anticipated, which saved me a lot of scrambling on fundamentals. The exam timing and structure felt fair enough, but the constant deadlines kept me perpetually chasing, so even when the questions were reasonable, I was spent by the end. I mostly relied on recordings and notes, and when group work clicked, it added real value; we had one solid teammate who kept us organized, which helped a bit with the more design-heavy parts. The collaboration can stall if the team doesn’t pull its weight, though, and that was frustrating when you’re juggling multiple demanding courses. I didn’t hate the content, and the interest shown in the material when a lab scenario clicked was tangible, but the pace and the quiz-load wore me down, leaving me wondering if the balance could be smoother.",__row_summary__,,True,True,supported 3/3; sentiment 3/3,All declared aspect sentiments are clearly supported by the review.
234,"Linear Algebra in the middle of a heavy semester felt tougher than I expected, and the grind didn’t end up helping me with the big picture the way I hoped. I started out actually engaged, but by the second month my attendance faded a bit as the lectures dragged and the deadlines piled up, and I’m pretty sure the curve saved my grade more than any epiphany from the material. The platform quirks created more stress than they should—quirky submission windows and a few missing links that made simple tasks feel like guesswork, especially when I was juggling a rough mid-semester crunch. The prerequisites help a lot if you already know the adjacent material, but I found myself staring at some questions that assumed I did and realized I didn’t, which slowed me down more than I’d like. TAs were responsive and practical, which kept me from completely spiraling; their quick clarifications helped a lot on the last problem set, even if the instructions left too much room for interpretation in how to approach it. I recall an early confusing moment with eigenvectors that stuck with me and colored how I approached later topics, and that memory kept shaping how I tackled homework even as my focus drifted.",difficulty,negative,True,True,The course is described as tougher than expected with piling deadlines and a heavy grind.,Two declared sentiments (materials and tooling_usability) are not faithful to the review’s negative tone on those aspects.
234,"Linear Algebra in the middle of a heavy semester felt tougher than I expected, and the grind didn’t end up helping me with the big picture the way I hoped. I started out actually engaged, but by the second month my attendance faded a bit as the lectures dragged and the deadlines piled up, and I’m pretty sure the curve saved my grade more than any epiphany from the material. The platform quirks created more stress than they should—quirky submission windows and a few missing links that made simple tasks feel like guesswork, especially when I was juggling a rough mid-semester crunch. The prerequisites help a lot if you already know the adjacent material, but I found myself staring at some questions that assumed I did and realized I didn’t, which slowed me down more than I’d like. TAs were responsive and practical, which kept me from completely spiraling; their quick clarifications helped a lot on the last problem set, even if the instructions left too much room for interpretation in how to approach it. I recall an early confusing moment with eigenvectors that stuck with me and colored how I approached later topics, and that memory kept shaping how I tackled homework even as my focus drifted.",materials,neutral,True,False,"The reviewer suggests lectures dragged, instructions were unclear, and the material didn’t help with the big picture, which is negative rather than neutral.",Two declared sentiments (materials and tooling_usability) are not faithful to the review’s negative tone on those aspects.
234,"Linear Algebra in the middle of a heavy semester felt tougher than I expected, and the grind didn’t end up helping me with the big picture the way I hoped. I started out actually engaged, but by the second month my attendance faded a bit as the lectures dragged and the deadlines piled up, and I’m pretty sure the curve saved my grade more than any epiphany from the material. The platform quirks created more stress than they should—quirky submission windows and a few missing links that made simple tasks feel like guesswork, especially when I was juggling a rough mid-semester crunch. The prerequisites help a lot if you already know the adjacent material, but I found myself staring at some questions that assumed I did and realized I didn’t, which slowed me down more than I’d like. TAs were responsive and practical, which kept me from completely spiraling; their quick clarifications helped a lot on the last problem set, even if the instructions left too much room for interpretation in how to approach it. I recall an early confusing moment with eigenvectors that stuck with me and colored how I approached later topics, and that memory kept shaping how I tackled homework even as my focus drifted.",tooling_usability,positive,True,False,"Platform quirks (submission windows, missing links) created extra stress, indicating negative usability, not positive.",Two declared sentiments (materials and tooling_usability) are not faithful to the review’s negative tone on those aspects.
234,"Linear Algebra in the middle of a heavy semester felt tougher than I expected, and the grind didn’t end up helping me with the big picture the way I hoped. I started out actually engaged, but by the second month my attendance faded a bit as the lectures dragged and the deadlines piled up, and I’m pretty sure the curve saved my grade more than any epiphany from the material. The platform quirks created more stress than they should—quirky submission windows and a few missing links that made simple tasks feel like guesswork, especially when I was juggling a rough mid-semester crunch. The prerequisites help a lot if you already know the adjacent material, but I found myself staring at some questions that assumed I did and realized I didn’t, which slowed me down more than I’d like. TAs were responsive and practical, which kept me from completely spiraling; their quick clarifications helped a lot on the last problem set, even if the instructions left too much room for interpretation in how to approach it. I recall an early confusing moment with eigenvectors that stuck with me and colored how I approached later topics, and that memory kept shaping how I tackled homework even as my focus drifted.",__row_summary__,,True,False,supported 3/3; sentiment 1/3,Two declared sentiments (materials and tooling_usability) are not faithful to the review’s negative tone on those aspects.
235,"Calculus II felt like the main thing I focused on this term, especially since I came back with enough rust to trip over the simplest substitutions. The pacing wore on me—tough stretches in the middle with back-to-back assignments and a mid-semester crunch that made it hard to keep the math from spiraling into memorization rather than understanding—so by the time we hit the last few weeks I was dragging. The slides were serviceable and got the points across, but nothing about them stuck in memory; I didn’t leave with those lightbulb moments that make a tough topic feel doable. The feedback varied a lot—some TA comments were clear and concrete, others felt vague, and I didn’t know if I was hitting the mark until grading came back with a rubric that never felt quite pinned down; that vague rubric made the whole process feel slippery. I started engaged, but attendance faded as deadlines piled up, and I kept telling myself I’d reset after a tough quiz, only to have it sneak up again. I recall an early confusion around improper integrals that colored the rest of the term, and I kept circling back to that snag in ways that didn’t help. All in all, it’s an advanced elective that demanded more patience than I had running on fumes, but at least the clarity in explanations when they landed helped one or two concepts stick.",pacing,negative,True,True,"Mentions pacing 'wore on me' with back-to-back assignments and a mid-semester crunch, leading to dragging by the end.",All declared aspect-sentiment labels are supported and match the review.
235,"Calculus II felt like the main thing I focused on this term, especially since I came back with enough rust to trip over the simplest substitutions. The pacing wore on me—tough stretches in the middle with back-to-back assignments and a mid-semester crunch that made it hard to keep the math from spiraling into memorization rather than understanding—so by the time we hit the last few weeks I was dragging. The slides were serviceable and got the points across, but nothing about them stuck in memory; I didn’t leave with those lightbulb moments that make a tough topic feel doable. The feedback varied a lot—some TA comments were clear and concrete, others felt vague, and I didn’t know if I was hitting the mark until grading came back with a rubric that never felt quite pinned down; that vague rubric made the whole process feel slippery. I started engaged, but attendance faded as deadlines piled up, and I kept telling myself I’d reset after a tough quiz, only to have it sneak up again. I recall an early confusion around improper integrals that colored the rest of the term, and I kept circling back to that snag in ways that didn’t help. All in all, it’s an advanced elective that demanded more patience than I had running on fumes, but at least the clarity in explanations when they landed helped one or two concepts stick.",clarity,positive,True,True,"Notes some explanations had clarity that helped concepts stick, despite issues with slides and inconsistent feedback.",All declared aspect-sentiment labels are supported and match the review.
235,"Calculus II felt like the main thing I focused on this term, especially since I came back with enough rust to trip over the simplest substitutions. The pacing wore on me—tough stretches in the middle with back-to-back assignments and a mid-semester crunch that made it hard to keep the math from spiraling into memorization rather than understanding—so by the time we hit the last few weeks I was dragging. The slides were serviceable and got the points across, but nothing about them stuck in memory; I didn’t leave with those lightbulb moments that make a tough topic feel doable. The feedback varied a lot—some TA comments were clear and concrete, others felt vague, and I didn’t know if I was hitting the mark until grading came back with a rubric that never felt quite pinned down; that vague rubric made the whole process feel slippery. I started engaged, but attendance faded as deadlines piled up, and I kept telling myself I’d reset after a tough quiz, only to have it sneak up again. I recall an early confusion around improper integrals that colored the rest of the term, and I kept circling back to that snag in ways that didn’t help. All in all, it’s an advanced elective that demanded more patience than I had running on fumes, but at least the clarity in explanations when they landed helped one or two concepts stick.",prerequisite_fit,negative,True,True,"Says they came back with 'enough rust' and struggled with simple substitutions and early confusion, implying poor preparation/fit.",All declared aspect-sentiment labels are supported and match the review.
235,"Calculus II felt like the main thing I focused on this term, especially since I came back with enough rust to trip over the simplest substitutions. The pacing wore on me—tough stretches in the middle with back-to-back assignments and a mid-semester crunch that made it hard to keep the math from spiraling into memorization rather than understanding—so by the time we hit the last few weeks I was dragging. The slides were serviceable and got the points across, but nothing about them stuck in memory; I didn’t leave with those lightbulb moments that make a tough topic feel doable. The feedback varied a lot—some TA comments were clear and concrete, others felt vague, and I didn’t know if I was hitting the mark until grading came back with a rubric that never felt quite pinned down; that vague rubric made the whole process feel slippery. I started engaged, but attendance faded as deadlines piled up, and I kept telling myself I’d reset after a tough quiz, only to have it sneak up again. I recall an early confusion around improper integrals that colored the rest of the term, and I kept circling back to that snag in ways that didn’t help. All in all, it’s an advanced elective that demanded more patience than I had running on fumes, but at least the clarity in explanations when they landed helped one or two concepts stick.",__row_summary__,,True,True,supported 3/3; sentiment 3/3,All declared aspect-sentiment labels are supported and match the review.
236,"I started Linear Algebra as a total beginner and found the ideas click best when the instructor explains concepts, though the examples feel skimpy. Peer chats saved me when deadlines hit and I was juggling full-time work, but platform quirks added stress.",overall_experience,neutral,True,True,"Review mixes positives (concepts click, peer help) and negatives (skimpy examples, platform quirks, stress), yielding a neutral overall tone.",Only overall_experience is clearly supported; the other labels are not evidenced in the text.
236,"I started Linear Algebra as a total beginner and found the ideas click best when the instructor explains concepts, though the examples feel skimpy. Peer chats saved me when deadlines hit and I was juggling full-time work, but platform quirks added stress.",assessment_design,positive,False,False,Mentions deadlines but does not evaluate assessments or their design.,Only overall_experience is clearly supported; the other labels are not evidenced in the text.
236,"I started Linear Algebra as a total beginner and found the ideas click best when the instructor explains concepts, though the examples feel skimpy. Peer chats saved me when deadlines hit and I was juggling full-time work, but platform quirks added stress.",organization,neutral,False,False,No clear discussion of course structure or organization; platform quirks are not organization.,Only overall_experience is clearly supported; the other labels are not evidenced in the text.
236,"I started Linear Algebra as a total beginner and found the ideas click best when the instructor explains concepts, though the examples feel skimpy. Peer chats saved me when deadlines hit and I was juggling full-time work, but platform quirks added stress.",__row_summary__,,False,False,supported 1/3; sentiment 1/3,Only overall_experience is clearly supported; the other labels are not evidenced in the text.
237,"Cyber Security Basics was an interesting ride as an advanced elective, especially since I was juggling a full-time job and a fairly strong coding background but weaker theory. The lectures were clear and the pacing reasonable, which helped when I tried to fit it between two other demanding courses, though I noticed my attendance faded mid-semester as the workload piled up. I appreciated that the course actually filled some gaps in prerequisite knowledge better than I expected, but the collaboration expectations felt unclear, so I ended up pairing with classmates more by chance than by a structured plan. There was a project where we had to draft a threat-model for a mock environment, and the feedback arrived so late that I barely had time to revise before the final submission, which was frustrating. My take-away is mixed: the material is solid, and I could see the relevance, but the administrative friction and the uneven reminder cadence for feedback made it feel like the timing didn’t fully support someone trying to stay on top of things. I’d recommend it only if you come in with some prep and a more organized schedule.",interest,neutral,True,False,"The student calls it an ""interesting ride"" and says the material is solid/relevant, which is more positive than neutral.","All three aspects are mentioned, but each declared sentiment is misaligned with the review."
237,"Cyber Security Basics was an interesting ride as an advanced elective, especially since I was juggling a full-time job and a fairly strong coding background but weaker theory. The lectures were clear and the pacing reasonable, which helped when I tried to fit it between two other demanding courses, though I noticed my attendance faded mid-semester as the workload piled up. I appreciated that the course actually filled some gaps in prerequisite knowledge better than I expected, but the collaboration expectations felt unclear, so I ended up pairing with classmates more by chance than by a structured plan. There was a project where we had to draft a threat-model for a mock environment, and the feedback arrived so late that I barely had time to revise before the final submission, which was frustrating. My take-away is mixed: the material is solid, and I could see the relevance, but the administrative friction and the uneven reminder cadence for feedback made it feel like the timing didn’t fully support someone trying to stay on top of things. I’d recommend it only if you come in with some prep and a more organized schedule.",prerequisite_fit,negative,True,False,"They say the course filled gaps in prerequisite knowledge better than expected and recommend it with some prep, indicating mixed-to-positive fit rather than negative.","All three aspects are mentioned, but each declared sentiment is misaligned with the review."
237,"Cyber Security Basics was an interesting ride as an advanced elective, especially since I was juggling a full-time job and a fairly strong coding background but weaker theory. The lectures were clear and the pacing reasonable, which helped when I tried to fit it between two other demanding courses, though I noticed my attendance faded mid-semester as the workload piled up. I appreciated that the course actually filled some gaps in prerequisite knowledge better than I expected, but the collaboration expectations felt unclear, so I ended up pairing with classmates more by chance than by a structured plan. There was a project where we had to draft a threat-model for a mock environment, and the feedback arrived so late that I barely had time to revise before the final submission, which was frustrating. My take-away is mixed: the material is solid, and I could see the relevance, but the administrative friction and the uneven reminder cadence for feedback made it feel like the timing didn’t fully support someone trying to stay on top of things. I’d recommend it only if you come in with some prep and a more organized schedule.",feedback_quality,neutral,True,False,"Feedback is described as arriving very late and ""frustrating,"" reflecting negative sentiment, not neutral.","All three aspects are mentioned, but each declared sentiment is misaligned with the review."
237,"Cyber Security Basics was an interesting ride as an advanced elective, especially since I was juggling a full-time job and a fairly strong coding background but weaker theory. The lectures were clear and the pacing reasonable, which helped when I tried to fit it between two other demanding courses, though I noticed my attendance faded mid-semester as the workload piled up. I appreciated that the course actually filled some gaps in prerequisite knowledge better than I expected, but the collaboration expectations felt unclear, so I ended up pairing with classmates more by chance than by a structured plan. There was a project where we had to draft a threat-model for a mock environment, and the feedback arrived so late that I barely had time to revise before the final submission, which was frustrating. My take-away is mixed: the material is solid, and I could see the relevance, but the administrative friction and the uneven reminder cadence for feedback made it feel like the timing didn’t fully support someone trying to stay on top of things. I’d recommend it only if you come in with some prep and a more organized schedule.",__row_summary__,,True,False,supported 3/3; sentiment 0/3,"All three aspects are mentioned, but each declared sentiment is misaligned with the review."
238,"I took Data Structures while working full-time, and it showed in how I spaced out and then sprinted to catch up around deadlines. The material is solid, but the course feels like it assumes you already know adjacent stuff, so the first few weeks didn’t click for me the way I hoped, even though I’m comfortable with proofs. A lot of the effort went into trying to piece together what the staff expected from collaboration, because the expectations felt unclear and the policy stuff around group work was fine in theory but sloppy in practice when we tried to coordinate. I ended up leaning on classmates more than the staff, since the help you can actually get from TAs or the lecturer was thin and slow to respond; our little study circle carried the load more often than not. The workload stacked up in a few weeks and that memory of the midterm week—where three pretty different topics appeared in one exam block—still sticks with me. The grade felt like it reflected some understanding, but I’m not sure it proves I really got the core. One project was a crisp reminder of the gap between what I know about proofs and how systems-y code behaves, which is why I’m unsure whether the grade matches my understanding. Overall, I can’t strictly recommend it, though it has value if you can juggle the timing and come in with the right background.",overall_experience,neutral,True,False,"The reviewer says they “can’t strictly recommend it,” citing multiple negatives despite some value, which reads more negative/mixed than neutral.","Workload is labeled correctly, but overall experience and clarity sentiments are not faithful to the review."
238,"I took Data Structures while working full-time, and it showed in how I spaced out and then sprinted to catch up around deadlines. The material is solid, but the course feels like it assumes you already know adjacent stuff, so the first few weeks didn’t click for me the way I hoped, even though I’m comfortable with proofs. A lot of the effort went into trying to piece together what the staff expected from collaboration, because the expectations felt unclear and the policy stuff around group work was fine in theory but sloppy in practice when we tried to coordinate. I ended up leaning on classmates more than the staff, since the help you can actually get from TAs or the lecturer was thin and slow to respond; our little study circle carried the load more often than not. The workload stacked up in a few weeks and that memory of the midterm week—where three pretty different topics appeared in one exam block—still sticks with me. The grade felt like it reflected some understanding, but I’m not sure it proves I really got the core. One project was a crisp reminder of the gap between what I know about proofs and how systems-y code behaves, which is why I’m unsure whether the grade matches my understanding. Overall, I can’t strictly recommend it, though it has value if you can juggle the timing and come in with the right background.",clarity,positive,True,False,"They describe expectations as unclear and staff help as thin/slow, indicating negative clarity.","Workload is labeled correctly, but overall experience and clarity sentiments are not faithful to the review."
238,"I took Data Structures while working full-time, and it showed in how I spaced out and then sprinted to catch up around deadlines. The material is solid, but the course feels like it assumes you already know adjacent stuff, so the first few weeks didn’t click for me the way I hoped, even though I’m comfortable with proofs. A lot of the effort went into trying to piece together what the staff expected from collaboration, because the expectations felt unclear and the policy stuff around group work was fine in theory but sloppy in practice when we tried to coordinate. I ended up leaning on classmates more than the staff, since the help you can actually get from TAs or the lecturer was thin and slow to respond; our little study circle carried the load more often than not. The workload stacked up in a few weeks and that memory of the midterm week—where three pretty different topics appeared in one exam block—still sticks with me. The grade felt like it reflected some understanding, but I’m not sure it proves I really got the core. One project was a crisp reminder of the gap between what I know about proofs and how systems-y code behaves, which is why I’m unsure whether the grade matches my understanding. Overall, I can’t strictly recommend it, though it has value if you can juggle the timing and come in with the right background.",workload,negative,True,True,"They note workload stacking up and sprinting around deadlines, especially midterm week, indicating negative workload.","Workload is labeled correctly, but overall experience and clarity sentiments are not faithful to the review."
238,"I took Data Structures while working full-time, and it showed in how I spaced out and then sprinted to catch up around deadlines. The material is solid, but the course feels like it assumes you already know adjacent stuff, so the first few weeks didn’t click for me the way I hoped, even though I’m comfortable with proofs. A lot of the effort went into trying to piece together what the staff expected from collaboration, because the expectations felt unclear and the policy stuff around group work was fine in theory but sloppy in practice when we tried to coordinate. I ended up leaning on classmates more than the staff, since the help you can actually get from TAs or the lecturer was thin and slow to respond; our little study circle carried the load more often than not. The workload stacked up in a few weeks and that memory of the midterm week—where three pretty different topics appeared in one exam block—still sticks with me. The grade felt like it reflected some understanding, but I’m not sure it proves I really got the core. One project was a crisp reminder of the gap between what I know about proofs and how systems-y code behaves, which is why I’m unsure whether the grade matches my understanding. Overall, I can’t strictly recommend it, though it has value if you can juggle the timing and come in with the right background.",__row_summary__,,True,False,supported 3/3; sentiment 1/3,"Workload is labeled correctly, but overall experience and clarity sentiments are not faithful to the review."
239,"As I wrapped up my last semester before graduation, I stuck Database Systems as my main focus because I needed it for a specialization, and honestly the rough early tooling wore me down. Grading comments were detailed but came late, and compared to the easier prerequisite, I learned a lot but I disliked the experience.",accessibility,negative,False,False,"The review mentions rough tooling and late grading feedback, but does not clearly discuss accessibility in terms of access/accommodations or ease of access to materials.",The declared negative accessibility label is not clearly supported by the review.
239,"As I wrapped up my last semester before graduation, I stuck Database Systems as my main focus because I needed it for a specialization, and honestly the rough early tooling wore me down. Grading comments were detailed but came late, and compared to the easier prerequisite, I learned a lot but I disliked the experience.",__row_summary__,,False,False,supported 0/1; sentiment 0/1,The declared negative accessibility label is not clearly supported by the review.
240,"I took Computer Networks mostly because it’s required for the degree, and I was hoping it would be straightforward, but I left with a tired shrug and a bit of resentment. I relied on recordings and notes since the live lectures felt rushed, and the grading—lots of tight deadlines for assignments—made weeks creep by; I kept juggling it with a full-time job, which didn’t help. I liked the instructor, who explained concepts clearly in parts, but the grading felt inconsistent and the communication was sloppy, which left me unsure about what actually counted. One early moment of confusion over how the router lab was supposed to be documented stuck with me and colored the rest of the term.",relevance,negative,False,False,The review mentions the course is required but does not evaluate how relevant or applicable the content was.,Both labels are not clearly grounded in the review’s expressed aspects.
240,"I took Computer Networks mostly because it’s required for the degree, and I was hoping it would be straightforward, but I left with a tired shrug and a bit of resentment. I relied on recordings and notes since the live lectures felt rushed, and the grading—lots of tight deadlines for assignments—made weeks creep by; I kept juggling it with a full-time job, which didn’t help. I liked the instructor, who explained concepts clearly in parts, but the grading felt inconsistent and the communication was sloppy, which left me unsure about what actually counted. One early moment of confusion over how the router lab was supposed to be documented stuck with me and colored the rest of the term.",tooling_usability,neutral,False,False,"Aside from a router lab documentation confusion, there is no clear discussion of tools/software usability.",Both labels are not clearly grounded in the review’s expressed aspects.
240,"I took Computer Networks mostly because it’s required for the degree, and I was hoping it would be straightforward, but I left with a tired shrug and a bit of resentment. I relied on recordings and notes since the live lectures felt rushed, and the grading—lots of tight deadlines for assignments—made weeks creep by; I kept juggling it with a full-time job, which didn’t help. I liked the instructor, who explained concepts clearly in parts, but the grading felt inconsistent and the communication was sloppy, which left me unsure about what actually counted. One early moment of confusion over how the router lab was supposed to be documented stuck with me and colored the rest of the term.",__row_summary__,,False,False,supported 0/2; sentiment 0/2,Both labels are not clearly grounded in the review’s expressed aspects.
241,"I’m new to cybersecurity, and the course finally clicked when Prof. Haddad’s office hours helped me map basics to the advanced stuff, though the platform quirks kept stressing me out. Grading felt thin, but the quick feedback arrived, and the solid B matched my effort.",materials,positive,False,False,"The review discusses office hours, platform quirks, grading, feedback, and final grade, but does not clearly mention course materials/content quality.",The declared positive sentiment for materials is not supported because materials are not explicitly discussed.
241,"I’m new to cybersecurity, and the course finally clicked when Prof. Haddad’s office hours helped me map basics to the advanced stuff, though the platform quirks kept stressing me out. Grading felt thin, but the quick feedback arrived, and the solid B matched my effort.",__row_summary__,,False,False,supported 0/1; sentiment 0/1,The declared positive sentiment for materials is not supported because materials are not explicitly discussed.
242,"I took Data Structures mostly because it’s required for the track, and I’ll admit I relied on the recordings and notes more than the live lectures. The lectures felt like a slow drip, while the peer discussions in the forums and small group chats saved me more times than I’d like to admit, especially when the official materials felt out of sync with what the problem sets insisted on. I barely passed after struggling most of the term, which was frustrating because the LMS submission flow was smooth and there weren’t any weird hiccups there, but I kept hitting a mismatch between what was taught and what the assessments demanded. The prerequisite gaps got filled better than I expected, once I actually sat with a TA during office hours; I remember asking about linked lists and getting a concrete walkthrough that clarified things I’d been tripping over for weeks. My time pressure was manageable most weeks, though I still felt a constant undercurrent of doubt about whether I was grasping the core ideas, and I’m not sure I’d call the grading pattern intuitive. Overall, I’d probably still recommend the course to others who need it, but I’d warn them to lean on study groups and office hours more than the lectures themselves.",overall_experience,negative,True,False,"The review is mixed: frustrated and barely passed with mismatched teaching/assessments and weak lectures, but also smooth LMS, helpful TAs, manageable time pressure, and ends with a qualified recommendation; not clearly overall negative.","The aspect is present, but the declared negative sentiment overstates a review that reads as mixed/qualified."
242,"I took Data Structures mostly because it’s required for the track, and I’ll admit I relied on the recordings and notes more than the live lectures. The lectures felt like a slow drip, while the peer discussions in the forums and small group chats saved me more times than I’d like to admit, especially when the official materials felt out of sync with what the problem sets insisted on. I barely passed after struggling most of the term, which was frustrating because the LMS submission flow was smooth and there weren’t any weird hiccups there, but I kept hitting a mismatch between what was taught and what the assessments demanded. The prerequisite gaps got filled better than I expected, once I actually sat with a TA during office hours; I remember asking about linked lists and getting a concrete walkthrough that clarified things I’d been tripping over for weeks. My time pressure was manageable most weeks, though I still felt a constant undercurrent of doubt about whether I was grasping the core ideas, and I’m not sure I’d call the grading pattern intuitive. Overall, I’d probably still recommend the course to others who need it, but I’d warn them to lean on study groups and office hours more than the lectures themselves.",__row_summary__,,True,False,supported 1/1; sentiment 0/1,"The aspect is present, but the declared negative sentiment overstates a review that reads as mixed/qualified."
243,"Taking Linear Algebra in my last semester before graduation turned out to be a mixed bag, honestly. Dr. Singh is clearly passionate, and I appreciated the way he explains intuition, but the clarity drifts whenever we hit the more abstract parts, especially when the lectures jump between vector spaces and the proofs without a steady through-line. The course feels very assignment-heavy with frequent deadlines, which suits my coding background, yet the feedback quality fluctuates a lot from one submission to the next, and some comments arrive so late that they don’t help with the next deadline. I’m not sure I’d recommend it to someone aiming for strong theoretical grounding, since the timing and specificity of feedback can be inconsistent, and the email support during peak weeks was painfully slow. There were moments where a single concrete example in class would have saved me hours, but instead I got generic notes that didn’t map to the particular mistakes I was making in the coding-style proofs I tried to draft. I liked the instructor, but the grading felt misaligned with how I learn, and by the end I wasn’t sure if I’d actually recommend the course to someone chasing a specialization.",clarity,negative,True,True,They say clarity drifts in abstract parts and lectures jump without a steady through-line.,"Clarity and feedback labels fit the review, while difficulty is not clearly expressed."
243,"Taking Linear Algebra in my last semester before graduation turned out to be a mixed bag, honestly. Dr. Singh is clearly passionate, and I appreciated the way he explains intuition, but the clarity drifts whenever we hit the more abstract parts, especially when the lectures jump between vector spaces and the proofs without a steady through-line. The course feels very assignment-heavy with frequent deadlines, which suits my coding background, yet the feedback quality fluctuates a lot from one submission to the next, and some comments arrive so late that they don’t help with the next deadline. I’m not sure I’d recommend it to someone aiming for strong theoretical grounding, since the timing and specificity of feedback can be inconsistent, and the email support during peak weeks was painfully slow. There were moments where a single concrete example in class would have saved me hours, but instead I got generic notes that didn’t map to the particular mistakes I was making in the coding-style proofs I tried to draft. I liked the instructor, but the grading felt misaligned with how I learn, and by the end I wasn’t sure if I’d actually recommend the course to someone chasing a specialization.",feedback_quality,negative,True,True,"They report feedback fluctuates, is generic, and often arrives too late to help.","Clarity and feedback labels fit the review, while difficulty is not clearly expressed."
243,"Taking Linear Algebra in my last semester before graduation turned out to be a mixed bag, honestly. Dr. Singh is clearly passionate, and I appreciated the way he explains intuition, but the clarity drifts whenever we hit the more abstract parts, especially when the lectures jump between vector spaces and the proofs without a steady through-line. The course feels very assignment-heavy with frequent deadlines, which suits my coding background, yet the feedback quality fluctuates a lot from one submission to the next, and some comments arrive so late that they don’t help with the next deadline. I’m not sure I’d recommend it to someone aiming for strong theoretical grounding, since the timing and specificity of feedback can be inconsistent, and the email support during peak weeks was painfully slow. There were moments where a single concrete example in class would have saved me hours, but instead I got generic notes that didn’t map to the particular mistakes I was making in the coding-style proofs I tried to draft. I liked the instructor, but the grading felt misaligned with how I learn, and by the end I wasn’t sure if I’d actually recommend the course to someone chasing a specialization.",difficulty,neutral,False,False,"The review discusses being assignment-heavy and abstract, but does not clearly state overall difficulty level.","Clarity and feedback labels fit the review, while difficulty is not clearly expressed."
243,"Taking Linear Algebra in my last semester before graduation turned out to be a mixed bag, honestly. Dr. Singh is clearly passionate, and I appreciated the way he explains intuition, but the clarity drifts whenever we hit the more abstract parts, especially when the lectures jump between vector spaces and the proofs without a steady through-line. The course feels very assignment-heavy with frequent deadlines, which suits my coding background, yet the feedback quality fluctuates a lot from one submission to the next, and some comments arrive so late that they don’t help with the next deadline. I’m not sure I’d recommend it to someone aiming for strong theoretical grounding, since the timing and specificity of feedback can be inconsistent, and the email support during peak weeks was painfully slow. There were moments where a single concrete example in class would have saved me hours, but instead I got generic notes that didn’t map to the particular mistakes I was making in the coding-style proofs I tried to draft. I liked the instructor, but the grading felt misaligned with how I learn, and by the end I wasn’t sure if I’d actually recommend the course to someone chasing a specialization.",__row_summary__,,False,False,supported 2/3; sentiment 2/3,"Clarity and feedback labels fit the review, while difficulty is not clearly expressed."
244,"I took Computer Networks while juggling a full-time job and a couple of other demanding courses, so I was always chasing time and deadlines more than I’d like to admit. Prof. Rios’s lectures were clear and his pacing was okay, but the way assessments are designed in this course felt exhausting for someone who can only study in fits and starts—there’s a lot of everything piled into tight windows, and I often fell behind and then had to scramble to catch up right before deadlines. The main thing that saved me was his office hours; when I could actually drop in, the quick explanations helped a lot, even if the written feedback afterward was pretty thin and didn’t always unblock the next step. The work is mostly individual, with little peer dependency, so there isn’t much room to bounce ideas around, which doesn’t help when you’re juggling time pressure and a rough mid-semester crunch. The one memorable week for me was the heavy midterm block where the format changed and I felt like the scores came fast but the reasoning behind them didn’t always show up clearly. Overall I’d say the course is fair in what it asks, but it wears you down if you’re trying to keep up with a full plate. I’d recommend it only if you’re prepared to put in extra time and leverage the professor’s office hours.",assessment_design,negative,True,True,"The reviewer says assessments are ""exhausting,"" with too much packed into tight windows, a difficult midterm block, and unclear reasoning behind scores.",The negative label for assessment design is clearly supported by the review.
244,"I took Computer Networks while juggling a full-time job and a couple of other demanding courses, so I was always chasing time and deadlines more than I’d like to admit. Prof. Rios’s lectures were clear and his pacing was okay, but the way assessments are designed in this course felt exhausting for someone who can only study in fits and starts—there’s a lot of everything piled into tight windows, and I often fell behind and then had to scramble to catch up right before deadlines. The main thing that saved me was his office hours; when I could actually drop in, the quick explanations helped a lot, even if the written feedback afterward was pretty thin and didn’t always unblock the next step. The work is mostly individual, with little peer dependency, so there isn’t much room to bounce ideas around, which doesn’t help when you’re juggling time pressure and a rough mid-semester crunch. The one memorable week for me was the heavy midterm block where the format changed and I felt like the scores came fast but the reasoning behind them didn’t always show up clearly. Overall I’d say the course is fair in what it asks, but it wears you down if you’re trying to keep up with a full plate. I’d recommend it only if you’re prepared to put in extra time and leverage the professor’s office hours.",__row_summary__,,True,True,supported 1/1; sentiment 1/1,The negative label for assessment design is clearly supported by the review.
245,"I kept up with nearly every lecture for Computer Networks, and I’ll admit the course is more helpful for industry work than I expected, especially since I finished it while juggling a full-time job. The lectures were clear and the pacing was decent, but the admin side felt like instructions left a lot up to interpretation, which made some assignments feel like choose-your-own-adventure puzzles. The structure works better if you have a study group, and I did find that bouncing ideas off teammates helped me stay on top of the tougher concepts, even if I didn’t love every module. A concrete memory that sticks is the weekly forum thread where the TA answered a deadline question with a terse note that left me second-guessing whether I’d misread the rubric; that ambiguity dragged a bit on the feedback cadence. I’d compare it to an easier prerequisite and feel like this one raised the bar without a smoother path to the same confidence. I wouldn’t take it again, even though it did push me in useful ways; the mix of solid B effort and the uneven feedback left me conflicted about the whole experience. Overall, the course was a real mixed bag.",overall_experience,negative,True,True,"The reviewer calls it a ""mixed bag,"" says they ""wouldn’t take it again,"" and describes uneven/ambiguous admin and feedback, indicating an overall negative tilt.","Overall experience is credibly negative, but the difficulty label’s sentiment is not faithful to the review."
245,"I kept up with nearly every lecture for Computer Networks, and I’ll admit the course is more helpful for industry work than I expected, especially since I finished it while juggling a full-time job. The lectures were clear and the pacing was decent, but the admin side felt like instructions left a lot up to interpretation, which made some assignments feel like choose-your-own-adventure puzzles. The structure works better if you have a study group, and I did find that bouncing ideas off teammates helped me stay on top of the tougher concepts, even if I didn’t love every module. A concrete memory that sticks is the weekly forum thread where the TA answered a deadline question with a terse note that left me second-guessing whether I’d misread the rubric; that ambiguity dragged a bit on the feedback cadence. I’d compare it to an easier prerequisite and feel like this one raised the bar without a smoother path to the same confidence. I wouldn’t take it again, even though it did push me in useful ways; the mix of solid B effort and the uneven feedback left me conflicted about the whole experience. Overall, the course was a real mixed bag.",difficulty,positive,True,False,"They say the course ""raised the bar"" and mention ""tougher concepts,"" implying higher difficulty (negative), not positive.","Overall experience is credibly negative, but the difficulty label’s sentiment is not faithful to the review."
245,"I kept up with nearly every lecture for Computer Networks, and I’ll admit the course is more helpful for industry work than I expected, especially since I finished it while juggling a full-time job. The lectures were clear and the pacing was decent, but the admin side felt like instructions left a lot up to interpretation, which made some assignments feel like choose-your-own-adventure puzzles. The structure works better if you have a study group, and I did find that bouncing ideas off teammates helped me stay on top of the tougher concepts, even if I didn’t love every module. A concrete memory that sticks is the weekly forum thread where the TA answered a deadline question with a terse note that left me second-guessing whether I’d misread the rubric; that ambiguity dragged a bit on the feedback cadence. I’d compare it to an easier prerequisite and feel like this one raised the bar without a smoother path to the same confidence. I wouldn’t take it again, even though it did push me in useful ways; the mix of solid B effort and the uneven feedback left me conflicted about the whole experience. Overall, the course was a real mixed bag.",__row_summary__,,True,False,supported 2/2; sentiment 1/2,"Overall experience is credibly negative, but the difficulty label’s sentiment is not faithful to the review."
246,"I came into Linear Algebra with a genuine curiosity about how vectors and spaces actually behave, and I stayed mostly engaged through the mid-program core grind, keeping up with nearly every lecture. Prof. Cohen is sharp and clear when he’s on a topic, and the quick feedback after assignments helped me adjust my approach fast enough to not fall behind, which mattered since the course leans project-heavy with high-stakes exams that felt like they punished sloppy thinking more than sloppy calculation. My biggest friction was how the platform and tooling demanded more setup time than I expected for what you actually learn, so I spent more hours wrestling subprocesses than solving core problems, which left me a bit tired by week eight. There was one memorable week, the week of that big matrix-project milestone, where the rubric felt like a moving target and I finally learned to pivot my approach midstream rather than banging my head. The administrative side is fine, but the communication around deadlines sometimes felt sloppy, like a memo got lost in the shuffle, which added unnecessary stress. All told, I adjusted my expectations and still feel the course pushed me, even if I’m a little drained at the end.",feedback_quality,positive,True,True,"Mentions ""quick feedback after assignments helped me adjust"" indicating positive feedback quality.",Both declared aspect sentiments are clearly supported by the review.
246,"I came into Linear Algebra with a genuine curiosity about how vectors and spaces actually behave, and I stayed mostly engaged through the mid-program core grind, keeping up with nearly every lecture. Prof. Cohen is sharp and clear when he’s on a topic, and the quick feedback after assignments helped me adjust my approach fast enough to not fall behind, which mattered since the course leans project-heavy with high-stakes exams that felt like they punished sloppy thinking more than sloppy calculation. My biggest friction was how the platform and tooling demanded more setup time than I expected for what you actually learn, so I spent more hours wrestling subprocesses than solving core problems, which left me a bit tired by week eight. There was one memorable week, the week of that big matrix-project milestone, where the rubric felt like a moving target and I finally learned to pivot my approach midstream rather than banging my head. The administrative side is fine, but the communication around deadlines sometimes felt sloppy, like a memo got lost in the shuffle, which added unnecessary stress. All told, I adjusted my expectations and still feel the course pushed me, even if I’m a little drained at the end.",clarity,positive,True,True,"Says ""Prof. Cohen is sharp and clear"" which supports positive clarity.",Both declared aspect sentiments are clearly supported by the review.
246,"I came into Linear Algebra with a genuine curiosity about how vectors and spaces actually behave, and I stayed mostly engaged through the mid-program core grind, keeping up with nearly every lecture. Prof. Cohen is sharp and clear when he’s on a topic, and the quick feedback after assignments helped me adjust my approach fast enough to not fall behind, which mattered since the course leans project-heavy with high-stakes exams that felt like they punished sloppy thinking more than sloppy calculation. My biggest friction was how the platform and tooling demanded more setup time than I expected for what you actually learn, so I spent more hours wrestling subprocesses than solving core problems, which left me a bit tired by week eight. There was one memorable week, the week of that big matrix-project milestone, where the rubric felt like a moving target and I finally learned to pivot my approach midstream rather than banging my head. The administrative side is fine, but the communication around deadlines sometimes felt sloppy, like a memo got lost in the shuffle, which added unnecessary stress. All told, I adjusted my expectations and still feel the course pushed me, even if I’m a little drained at the end.",__row_summary__,,True,True,supported 2/2; sentiment 2/2,Both declared aspect sentiments are clearly supported by the review.
247,"Midway through the heavy stretch, Calculus II with Prof. Alvarez kept me on my toes while I juggled work; the workload felt fair but exhausting, especially with the report-heavy grading that dragged on, even though the LMS flow stayed smooth and I kept up with nearly every lecture. I remember one forum thread after office hours where a fellow student explained a",workload,neutral,True,False,"The review describes the workload as 'fair but exhausting' and part of a 'heavy stretch,' which is more negative/mixed than neutral.","The workload aspect is mentioned, but its sentiment is not neutral in the review."
247,"Midway through the heavy stretch, Calculus II with Prof. Alvarez kept me on my toes while I juggled work; the workload felt fair but exhausting, especially with the report-heavy grading that dragged on, even though the LMS flow stayed smooth and I kept up with nearly every lecture. I remember one forum thread after office hours where a fellow student explained a",__row_summary__,,True,False,supported 1/1; sentiment 0/1,"The workload aspect is mentioned, but its sentiment is not neutral in the review."
248,"First semester and I’m still rusty, but the way ML came together around Prereqs actually helped me feel like I wasn’t starting from scratch. Prof. Haddad’s lectures vary week to week, and the deadlines stack up more than I expected, yet the LMS flow and the submission steps stayed clean; I just wish communications were tighter—policy notes were fine, but messages felt sloppy. I got an A after a curve, and the main project around a simple classifier clicked when I finally dug into the code",difficulty,neutral,True,False,"The review mentions deadlines stacking up more than expected (negative difficulty), despite some positives; not neutral overall.","Both aspects are mentioned, but both declared sentiments conflict with the review."
248,"First semester and I’m still rusty, but the way ML came together around Prereqs actually helped me feel like I wasn’t starting from scratch. Prof. Haddad’s lectures vary week to week, and the deadlines stack up more than I expected, yet the LMS flow and the submission steps stayed clean; I just wish communications were tighter—policy notes were fine, but messages felt sloppy. I got an A after a curve, and the main project around a simple classifier clicked when I finally dug into the code",prerequisite_fit,negative,True,False,"They say prereqs helped them feel like they weren’t starting from scratch, indicating positive prerequisite fit, not negative.","Both aspects are mentioned, but both declared sentiments conflict with the review."
248,"First semester and I’m still rusty, but the way ML came together around Prereqs actually helped me feel like I wasn’t starting from scratch. Prof. Haddad’s lectures vary week to week, and the deadlines stack up more than I expected, yet the LMS flow and the submission steps stayed clean; I just wish communications were tighter—policy notes were fine, but messages felt sloppy. I got an A after a curve, and the main project around a simple classifier clicked when I finally dug into the code",__row_summary__,,True,False,supported 2/2; sentiment 0/2,"Both aspects are mentioned, but both declared sentiments conflict with the review."
249,"Honestly, I barely passed the Machine Learning course while juggling a couple of tougher classes, but the difficulty level pushed me to actually learn something. The quick feedback helped me adjust mid-term, especially once I realized the prerequisites fit best if you already know adjacent material, though the delivery felt uneven week to week. The biggest turning point was at the end when a late-week deadline pattern finally clicked, and classmates leaned on each other more than the staff helped.",difficulty,positive,True,True,"Mentions barely passing and being pushed by the difficulty, but frames it as motivating and leading to learning.","Two labels align with the review, but pacing is portrayed negatively rather than neutrally."
249,"Honestly, I barely passed the Machine Learning course while juggling a couple of tougher classes, but the difficulty level pushed me to actually learn something. The quick feedback helped me adjust mid-term, especially once I realized the prerequisites fit best if you already know adjacent material, though the delivery felt uneven week to week. The biggest turning point was at the end when a late-week deadline pattern finally clicked, and classmates leaned on each other more than the staff helped.",pacing,neutral,True,False,Talks about uneven week-to-week delivery and late-week deadline pattern; this implies a pacing issue rather than neutral.,"Two labels align with the review, but pacing is portrayed negatively rather than neutrally."
249,"Honestly, I barely passed the Machine Learning course while juggling a couple of tougher classes, but the difficulty level pushed me to actually learn something. The quick feedback helped me adjust mid-term, especially once I realized the prerequisites fit best if you already know adjacent material, though the delivery felt uneven week to week. The biggest turning point was at the end when a late-week deadline pattern finally clicked, and classmates leaned on each other more than the staff helped.",feedback_quality,positive,True,True,"States that quick feedback helped adjust mid-term, indicating positive feedback quality.","Two labels align with the review, but pacing is portrayed negatively rather than neutrally."
249,"Honestly, I barely passed the Machine Learning course while juggling a couple of tougher classes, but the difficulty level pushed me to actually learn something. The quick feedback helped me adjust mid-term, especially once I realized the prerequisites fit best if you already know adjacent material, though the delivery felt uneven week to week. The biggest turning point was at the end when a late-week deadline pattern finally clicked, and classmates leaned on each other more than the staff helped.",__row_summary__,,True,False,supported 3/3; sentiment 2/3,"Two labels align with the review, but pacing is portrayed negatively rather than neutrally."
