row_id,text,aspect,declared_sentiment,supported,sentiment_match,note,overall_note
0,"This term I treated Data Structures as my main focus since I was juggling a full-time job and only had a few evenings to study, and the pacing felt tighter because it was in the summer, but I actually appreciated the way the workload pushed me to stay on top of things. The organization was solid enough for me to rely on the weekly modules and the clear deadline pattern, though I found the prerequisite expectations a bit optimistic given my limited prior exposure; I still managed to keep up with the project-heavy setup by leaning on office hours and the TAs, which saved the course more than once. Recorded lectures were handy for catching up, even if they were somewhat dry, and the real value came from the quick forum replies and the rescue moments during office hours, where I could ask about a data structure trick I nearly botched on a timer. I’m in the C-ish range and unsure if that score reflects my understanding or the high-stakes exams, especially since the big project felt like the real test, not just quizzes, and I remember one session where we debated hash table collisions for 20 minutes.",workload,positive,True,True,The reviewer says the workload and tight pacing were challenging but appreciated because it pushed them to stay on top of things.,Both aspects are explicitly mentioned and the declared positive sentiments align with the reviewer’s overall tone toward them.
0,"This term I treated Data Structures as my main focus since I was juggling a full-time job and only had a few evenings to study, and the pacing felt tighter because it was in the summer, but I actually appreciated the way the workload pushed me to stay on top of things. The organization was solid enough for me to rely on the weekly modules and the clear deadline pattern, though I found the prerequisite expectations a bit optimistic given my limited prior exposure; I still managed to keep up with the project-heavy setup by leaning on office hours and the TAs, which saved the course more than once. Recorded lectures were handy for catching up, even if they were somewhat dry, and the real value came from the quick forum replies and the rescue moments during office hours, where I could ask about a data structure trick I nearly botched on a timer. I’m in the C-ish range and unsure if that score reflects my understanding or the high-stakes exams, especially since the big project felt like the real test, not just quizzes, and I remember one session where we debated hash table collisions for 20 minutes.",organization,positive,True,True,They describe the course organization as solid with reliable weekly modules and a clear deadline pattern.,Both aspects are explicitly mentioned and the declared positive sentiments align with the reviewer’s overall tone toward them.
0,"This term I treated Data Structures as my main focus since I was juggling a full-time job and only had a few evenings to study, and the pacing felt tighter because it was in the summer, but I actually appreciated the way the workload pushed me to stay on top of things. The organization was solid enough for me to rely on the weekly modules and the clear deadline pattern, though I found the prerequisite expectations a bit optimistic given my limited prior exposure; I still managed to keep up with the project-heavy setup by leaning on office hours and the TAs, which saved the course more than once. Recorded lectures were handy for catching up, even if they were somewhat dry, and the real value came from the quick forum replies and the rescue moments during office hours, where I could ask about a data structure trick I nearly botched on a timer. I’m in the C-ish range and unsure if that score reflects my understanding or the high-stakes exams, especially since the big project felt like the real test, not just quizzes, and I remember one session where we debated hash table collisions for 20 minutes.",__row_summary__,,True,True,supported 2/2; sentiment 2/2,Both aspects are explicitly mentioned and the declared positive sentiments align with the reviewer’s overall tone toward them.
1,"I took Operating Systems mainly because the timing fit my schedule, not because I was itching to dive into kernel stuff. I’m comfortable with proofs, but the course jumped into systems work fast enough that I relied a lot on recordings and notes after lectures. The software stack started rough and then settled, which helped when I finally stopped panicking about the build, but the collaboration expectations felt unclear and I never quite knew what to pair with whom. Office hours with Prof. Alvarez helped a bit—the moment I asked about a race condition in a demo, he clearly pointed me to the forum thread where a student had posted a concrete snippet I could adapt.",prerequisite_fit,neutral,False,False,"The student mentions being comfortable with proofs and that the course moved quickly into systems work, but does not clearly discuss whether prerequisites/background were appropriate or sufficient.",The declared prerequisite_fit label is not clearly grounded in the review.
1,"I took Operating Systems mainly because the timing fit my schedule, not because I was itching to dive into kernel stuff. I’m comfortable with proofs, but the course jumped into systems work fast enough that I relied a lot on recordings and notes after lectures. The software stack started rough and then settled, which helped when I finally stopped panicking about the build, but the collaboration expectations felt unclear and I never quite knew what to pair with whom. Office hours with Prof. Alvarez helped a bit—the moment I asked about a race condition in a demo, he clearly pointed me to the forum thread where a student had posted a concrete snippet I could adapt.",__row_summary__,,False,False,supported 0/1; sentiment 0/1,The declared prerequisite_fit label is not clearly grounded in the review.
2,"I started Data Structures hoping it would be a gentle entry, but the material ramps up fast and I was left juggling basics while chasing tougher concepts. Prof. Haddad was clear in class, yet the instructions for assignments left a lot open to interpretation, which didn’t help when I was balancing another hard class. The few assessments felt high-stakes and I left with a solid B that reflected the effort I could muster, even though I’m new to the discipline and a bit unsure about the prerequisites. The group work",prerequisite_fit,negative,True,True,"Reviewer is new to the discipline, unsure about prerequisites, and found the ramp-up too fast, implying poor prerequisite fit.",Both declared negative labels are supported by the review and align with its expressed concerns.
2,"I started Data Structures hoping it would be a gentle entry, but the material ramps up fast and I was left juggling basics while chasing tougher concepts. Prof. Haddad was clear in class, yet the instructions for assignments left a lot open to interpretation, which didn’t help when I was balancing another hard class. The few assessments felt high-stakes and I left with a solid B that reflected the effort I could muster, even though I’m new to the discipline and a bit unsure about the prerequisites. The group work",grading_transparency,negative,True,True,"They describe assignments as open to interpretation and assessments as high-stakes, suggesting unclear evaluation expectations.",Both declared negative labels are supported by the review and align with its expressed concerns.
2,"I started Data Structures hoping it would be a gentle entry, but the material ramps up fast and I was left juggling basics while chasing tougher concepts. Prof. Haddad was clear in class, yet the instructions for assignments left a lot open to interpretation, which didn’t help when I was balancing another hard class. The few assessments felt high-stakes and I left with a solid B that reflected the effort I could muster, even though I’m new to the discipline and a bit unsure about the prerequisites. The group work",__row_summary__,,True,True,supported 2/2; sentiment 2/2,Both declared negative labels are supported by the review and align with its expressed concerns.
3,"Data Structures in the middle of this heavy semester has felt like wading through a maze of abstractions, and I came in with a strong coding background but not much theory, so the conceptual explanations clicked more than the real-world tie-ins. The instructor can make tough ideas feel doable during lectures, but the examples were thin and mostly Python pseudocode, which left me craving concrete scaffolds I could actually reuse in a project. By week six I noticed my team and I ended up leaning on each other more than staff, trading quick clarifications after hours rather than getting timely feedback from the TA, which made the grading comments feel thorough yet mysteriously delayed—like, yes, they explained the errors in detail, but the turnaround always came after we’d hit the next deadline. A late-semester turning point hit when a data-structure design problem finally clicked only after we reworked the approach and discovered the assessment was fair but exhausting, as if every small win came with a new hurdle. I still get frustrated by the lag in feedback, but I’ll admit the core ideas aren’t entirely off base, and the course leaves you with a stubborn, practical sense of how to structure problems even if the road there was rough.",relevance,negative,False,False,"The review critiques feedback timing, examples, and support, but does not clearly address whether the course content is relevant to the student’s goals or needs.",One label is unsupported (relevance) and the other mismatches the review’s largely negative view of practical application.
3,"Data Structures in the middle of this heavy semester has felt like wading through a maze of abstractions, and I came in with a strong coding background but not much theory, so the conceptual explanations clicked more than the real-world tie-ins. The instructor can make tough ideas feel doable during lectures, but the examples were thin and mostly Python pseudocode, which left me craving concrete scaffolds I could actually reuse in a project. By week six I noticed my team and I ended up leaning on each other more than staff, trading quick clarifications after hours rather than getting timely feedback from the TA, which made the grading comments feel thorough yet mysteriously delayed—like, yes, they explained the errors in detail, but the turnaround always came after we’d hit the next deadline. A late-semester turning point hit when a data-structure design problem finally clicked only after we reworked the approach and discovered the assessment was fair but exhausting, as if every small win came with a new hurdle. I still get frustrated by the lag in feedback, but I’ll admit the core ideas aren’t entirely off base, and the course leaves you with a stubborn, practical sense of how to structure problems even if the road there was rough.",practical_application,neutral,True,False,"The student says real-world tie-ins were lacking and they wanted reusable project scaffolds, indicating negative sentiment toward practical application despite acknowledging some practical sense gained.",One label is unsupported (relevance) and the other mismatches the review’s largely negative view of practical application.
3,"Data Structures in the middle of this heavy semester has felt like wading through a maze of abstractions, and I came in with a strong coding background but not much theory, so the conceptual explanations clicked more than the real-world tie-ins. The instructor can make tough ideas feel doable during lectures, but the examples were thin and mostly Python pseudocode, which left me craving concrete scaffolds I could actually reuse in a project. By week six I noticed my team and I ended up leaning on each other more than staff, trading quick clarifications after hours rather than getting timely feedback from the TA, which made the grading comments feel thorough yet mysteriously delayed—like, yes, they explained the errors in detail, but the turnaround always came after we’d hit the next deadline. A late-semester turning point hit when a data-structure design problem finally clicked only after we reworked the approach and discovered the assessment was fair but exhausting, as if every small win came with a new hurdle. I still get frustrated by the lag in feedback, but I’ll admit the core ideas aren’t entirely off base, and the course leaves you with a stubborn, practical sense of how to structure problems even if the road there was rough.",__row_summary__,,False,False,supported 1/2; sentiment 0/2,One label is unsupported (relevance) and the other mismatches the review’s largely negative view of practical application.
4,"Calculus II fit my schedule better than my interests, especially since I could squeeze quick evening sessions around other commitments. The prerequisite starts accessible but ramps up sharply, and the exams felt fair in content but dragged out with grading comments that showed up late. Group work helped when the team clicked, but setup for the online tools took too much effort for the payoff, and I learned a lot even while I disliked the ride.",prerequisite_fit,positive,True,False,"The review says the prerequisite starts accessible but ramps up sharply, which is mixed/leaning negative rather than clearly positive.","Both aspects are mentioned, but the declared sentiments do not align with the review’s expressed polarity."
4,"Calculus II fit my schedule better than my interests, especially since I could squeeze quick evening sessions around other commitments. The prerequisite starts accessible but ramps up sharply, and the exams felt fair in content but dragged out with grading comments that showed up late. Group work helped when the team clicked, but setup for the online tools took too much effort for the payoff, and I learned a lot even while I disliked the ride.",exam_fairness,negative,True,False,"The review explicitly says exams felt fair in content (positive), though grading comments were late; overall the fairness claim is positive/mixed, not negative.","Both aspects are mentioned, but the declared sentiments do not align with the review’s expressed polarity."
4,"Calculus II fit my schedule better than my interests, especially since I could squeeze quick evening sessions around other commitments. The prerequisite starts accessible but ramps up sharply, and the exams felt fair in content but dragged out with grading comments that showed up late. Group work helped when the team clicked, but setup for the online tools took too much effort for the payoff, and I learned a lot even while I disliked the ride.",__row_summary__,,True,False,supported 2/2; sentiment 0/2,"Both aspects are mentioned, but the declared sentiments do not align with the review’s expressed polarity."
5,"I took Computer Networks hoping to finally scratch a curiosity about how the internet actually works, but I spent most of the term staring at dashboards and wondering why I wasn’t getting the intuition behind things like TCP handshakes. My strong coding background helped with some lab scripts, yet the theory felt slippery and the heavy project load plus high-stakes exams made it stressful to stay motivated. I did appreciate the clear lectures with decent pacing, but the feedback was sparse until late, and I fell behind around deadlines before finally catching up. One concrete moment that sticks is asking in office hours about congestion control and getting a quick, practical tip that I could apply in the next lab—small but memorable, and it didn’t fully fix my confusion. Overall, I’m not sure I’d recommend it, though it’s not a total write-off.",interest,negative,True,True,"The student hoped to be curious/excited but reports lacking intuition, stress, and ends unsure they'd recommend it, indicating reduced/negative interest.",The declared negative interest label is directly supported by the student's expressed disappointment and lack of sustained engagement.
5,"I took Computer Networks hoping to finally scratch a curiosity about how the internet actually works, but I spent most of the term staring at dashboards and wondering why I wasn’t getting the intuition behind things like TCP handshakes. My strong coding background helped with some lab scripts, yet the theory felt slippery and the heavy project load plus high-stakes exams made it stressful to stay motivated. I did appreciate the clear lectures with decent pacing, but the feedback was sparse until late, and I fell behind around deadlines before finally catching up. One concrete moment that sticks is asking in office hours about congestion control and getting a quick, practical tip that I could apply in the next lab—small but memorable, and it didn’t fully fix my confusion. Overall, I’m not sure I’d recommend it, though it’s not a total write-off.",__row_summary__,,True,True,supported 1/1; sentiment 1/1,The declared negative interest label is directly supported by the student's expressed disappointment and lack of sustained engagement.
6,"Linear Algebra in the summer term was tough to keep up with, since I had to balance it with two other demanding courses and the pacing felt compressed. The lectures did a solid job of laying out concepts, but the examples were thin, and I often wished for more concrete, real-world illustrations; still, the assessment design was fair and mostly spot on for an advanced elective. I caught up after slipping behind around deadline weeks, and fast feedback on scores helped, even if explanations were a bit lean. One memorable week",assessment_design,positive,True,True,"The review states the assessment design was ""fair and mostly spot on,"" indicating a positive evaluation.","Assessment design is clearly praised, while relevance is not explicitly addressed."
6,"Linear Algebra in the summer term was tough to keep up with, since I had to balance it with two other demanding courses and the pacing felt compressed. The lectures did a solid job of laying out concepts, but the examples were thin, and I often wished for more concrete, real-world illustrations; still, the assessment design was fair and mostly spot on for an advanced elective. I caught up after slipping behind around deadline weeks, and fast feedback on scores helped, even if explanations were a bit lean. One memorable week",relevance,neutral,False,False,"The review mentions wanting more real-world illustrations in examples, but does not clearly judge the course's overall relevance.","Assessment design is clearly praised, while relevance is not explicitly addressed."
6,"Linear Algebra in the summer term was tough to keep up with, since I had to balance it with two other demanding courses and the pacing felt compressed. The lectures did a solid job of laying out concepts, but the examples were thin, and I often wished for more concrete, real-world illustrations; still, the assessment design was fair and mostly spot on for an advanced elective. I caught up after slipping behind around deadline weeks, and fast feedback on scores helped, even if explanations were a bit lean. One memorable week",__row_summary__,,False,False,supported 1/2; sentiment 1/2,"Assessment design is clearly praised, while relevance is not explicitly addressed."
7,"Data Structures in my last semester was a mix: the concepts clicked when we discussed them, but the examples felt thin and feedback came a bit late. The peer discussions saved me during the busy weeks, especially around the project week that stood out.",interest,positive,True,False,"The review is mixed: concepts clicked and peer discussions helped, but examples were thin and feedback was late, so overall interest isn't clearly positive.","Only the interest aspect is discussed, and its sentiment appears mixed rather than clearly positive."
7,"Data Structures in my last semester was a mix: the concepts clicked when we discussed them, but the examples felt thin and feedback came a bit late. The peer discussions saved me during the busy weeks, especially around the project week that stood out.",prerequisite_fit,neutral,False,False,"There is no mention of prior preparation, assumed knowledge, or whether prerequisites matched the course level.","Only the interest aspect is discussed, and its sentiment appears mixed rather than clearly positive."
7,"Data Structures in my last semester was a mix: the concepts clicked when we discussed them, but the examples felt thin and feedback came a bit late. The peer discussions saved me during the busy weeks, especially around the project week that stood out.",__row_summary__,,False,False,supported 1/2; sentiment 0/2,"Only the interest aspect is discussed, and its sentiment appears mixed rather than clearly positive."
8,"The Operating Systems course fit my schedule more than my interests, and being new to the discipline, I relied mostly on recordings and notes. The slides are serviceable but not memorable, and the workload felt heavy with frequent deadlines, especially during a rough mid‑semester crunch; the platform quirks added extra stress I wish were avoided. One concrete annoyance: the grader seemed to expect more prior knowledge than advertised, which didn’t help my first-semester learning pace.",workload,neutral,True,False,"The review says the workload felt heavy with frequent deadlines and a stressful mid-semester crunch, indicating negative sentiment, not neutral.",Both aspects are discussed in the review but the declared sentiments conflict with the negative descriptions.
8,"The Operating Systems course fit my schedule more than my interests, and being new to the discipline, I relied mostly on recordings and notes. The slides are serviceable but not memorable, and the workload felt heavy with frequent deadlines, especially during a rough mid‑semester crunch; the platform quirks added extra stress I wish were avoided. One concrete annoyance: the grader seemed to expect more prior knowledge than advertised, which didn’t help my first-semester learning pace.",tooling_usability,positive,True,False,"The review mentions platform quirks that added extra stress, which is negative rather than positive.",Both aspects are discussed in the review but the declared sentiments conflict with the negative descriptions.
8,"The Operating Systems course fit my schedule more than my interests, and being new to the discipline, I relied mostly on recordings and notes. The slides are serviceable but not memorable, and the workload felt heavy with frequent deadlines, especially during a rough mid‑semester crunch; the platform quirks added extra stress I wish were avoided. One concrete annoyance: the grader seemed to expect more prior knowledge than advertised, which didn’t help my first-semester learning pace.",__row_summary__,,True,False,supported 2/2; sentiment 0/2,Both aspects are discussed in the review but the declared sentiments conflict with the negative descriptions.
9,"I took Machine Learning mainly out of curiosity, and I kept up with nearly every lecture, which helped since the material fits best when you already know adjacent topics. My strong coding background helped me implement the ideas, but the theory still felt a little thin, and I learned a lot more than I enjoyed, especially because the practical payoff didn’t land as cleanly as I hoped. The slides were serviceable but not memorable, and the grading rubric left me unsure what exactly counted, even though the LMS flow stayed smooth. One memorable week was the midterm where I realized I’d mixed up a couple of model assumptions; it was a humbling moment, and it sticks with me more than the overall vibe of the course.",practical_application,negative,True,True,"The reviewer says the 'practical payoff didn’t land as cleanly as I hoped,' indicating dissatisfaction with real-world/practical usefulness.",The label is supported and the negative sentiment aligns with the review’s view of the course’s practical payoff.
9,"I took Machine Learning mainly out of curiosity, and I kept up with nearly every lecture, which helped since the material fits best when you already know adjacent topics. My strong coding background helped me implement the ideas, but the theory still felt a little thin, and I learned a lot more than I enjoyed, especially because the practical payoff didn’t land as cleanly as I hoped. The slides were serviceable but not memorable, and the grading rubric left me unsure what exactly counted, even though the LMS flow stayed smooth. One memorable week was the midterm where I realized I’d mixed up a couple of model assumptions; it was a humbling moment, and it sticks with me more than the overall vibe of the course.",__row_summary__,,True,True,supported 1/1; sentiment 1/1,The label is supported and the negative sentiment aligns with the review’s view of the course’s practical payoff.
10,"I’m in my first semester here, juggling a full-time job, and Data Structures felt like it was designed around stacked deadlines more than a steady pace, which made sticking to a study plan tricky. The weeks vary a lot—one day we’re rushing through big-O proofs and the next we’re staring at pointer diagrams—so I end up second-guessing whether I should focus on the lecture slides or the assigned practice sets. The collaboration expectations are vague to me; it isn’t clear when we should pair up, and I’ve not felt confident about what my teammates are actually supposed to hand in. The course has only a few big assessments, but each one carries a lot of weight, which is fine in theory, but the grading feels opaque enough that I’m never sure what exactly to tighten up before the midterm. A standout thing is the occasional in-class hiccup—like a slide not loading, and then we spend five minutes on a different example—that small friction sticks in my memory. It works best if you’ve already seen some adjacent material, and I think I would’ve preferred a bit more steady delivery. Overall, it’s been calm but uneven, with a few concrete quirks that keep me from feeling fully confident.",grading_transparency,neutral,True,False,"The student says grading feels opaque and they're never sure what to improve before the midterm, indicating negative transparency rather than neutral.","The aspect is mentioned, but the declared neutral sentiment is not faithful to the review’s negative wording."
10,"I’m in my first semester here, juggling a full-time job, and Data Structures felt like it was designed around stacked deadlines more than a steady pace, which made sticking to a study plan tricky. The weeks vary a lot—one day we’re rushing through big-O proofs and the next we’re staring at pointer diagrams—so I end up second-guessing whether I should focus on the lecture slides or the assigned practice sets. The collaboration expectations are vague to me; it isn’t clear when we should pair up, and I’ve not felt confident about what my teammates are actually supposed to hand in. The course has only a few big assessments, but each one carries a lot of weight, which is fine in theory, but the grading feels opaque enough that I’m never sure what exactly to tighten up before the midterm. A standout thing is the occasional in-class hiccup—like a slide not loading, and then we spend five minutes on a different example—that small friction sticks in my memory. It works best if you’ve already seen some adjacent material, and I think I would’ve preferred a bit more steady delivery. Overall, it’s been calm but uneven, with a few concrete quirks that keep me from feeling fully confident.",__row_summary__,,True,False,supported 1/1; sentiment 0/1,"The aspect is mentioned, but the declared neutral sentiment is not faithful to the review’s negative wording."
11,"I took Linear Algebra with Dr. Miller while working full-time, and the practical steps—like applying vector spaces to real problems—felt really useful, even as the early confusion about eigenvectors stuck with me the rest of the term. The LMS and submission flow stayed smooth, but feedback came too late to adjust for the next deadline stacked up on me; plus the few assessments mattered a lot, which made the whole pace feel intense. I relied on fellow students more than staff sometimes, and I remember one misstep on a project where I mixed up a row-reduction method and it colored how I approached everything else",practical_application,positive,True,True,Says the practical steps and applying vector spaces to real problems felt really useful.,Only practical application is clearly supported; the other labels infer aspects not explicitly addressed in the review.
11,"I took Linear Algebra with Dr. Miller while working full-time, and the practical steps—like applying vector spaces to real problems—felt really useful, even as the early confusion about eigenvectors stuck with me the rest of the term. The LMS and submission flow stayed smooth, but feedback came too late to adjust for the next deadline stacked up on me; plus the few assessments mattered a lot, which made the whole pace feel intense. I relied on fellow students more than staff sometimes, and I remember one misstep on a project where I mixed up a row-reduction method and it colored how I approached everything else",lecturer_quality,positive,False,False,"Mentions taking the course with Dr. Miller but gives no clear evaluation of the lecturer; comments focus on confusion, feedback timing, and reliance on peers.",Only practical application is clearly supported; the other labels infer aspects not explicitly addressed in the review.
11,"I took Linear Algebra with Dr. Miller while working full-time, and the practical steps—like applying vector spaces to real problems—felt really useful, even as the early confusion about eigenvectors stuck with me the rest of the term. The LMS and submission flow stayed smooth, but feedback came too late to adjust for the next deadline stacked up on me; plus the few assessments mattered a lot, which made the whole pace feel intense. I relied on fellow students more than staff sometimes, and I remember one misstep on a project where I mixed up a row-reduction method and it colored how I approached everything else",exam_fairness,negative,False,False,No explicit discussion of exams or fairness; only notes that few assessments carried heavy weight and the pace felt intense.,Only practical application is clearly supported; the other labels infer aspects not explicitly addressed in the review.
11,"I took Linear Algebra with Dr. Miller while working full-time, and the practical steps—like applying vector spaces to real problems—felt really useful, even as the early confusion about eigenvectors stuck with me the rest of the term. The LMS and submission flow stayed smooth, but feedback came too late to adjust for the next deadline stacked up on me; plus the few assessments mattered a lot, which made the whole pace feel intense. I relied on fellow students more than staff sometimes, and I remember one misstep on a project where I mixed up a row-reduction method and it colored how I approached everything else",__row_summary__,,False,False,supported 1/3; sentiment 1/3,Only practical application is clearly supported; the other labels infer aspects not explicitly addressed in the review.
12,"I had a strong coding background but weak theory, and despite clear lectures, the workload plus a mid‑semester crunch made the OS material feel steep; I relied on recordings and notes, and peer discussions saved me more than the official materials, especially around the grading quirks.",overall_experience,negative,True,True,"The reviewer describes the material as steep due to workload/crunch and says peer discussions helped more than official materials, implying a negative overall experience.","Overall experience is correctly labeled negative, but assessment_design should not be positive given the grading/assessment issues mentioned."
12,"I had a strong coding background but weak theory, and despite clear lectures, the workload plus a mid‑semester crunch made the OS material feel steep; I relied on recordings and notes, and peer discussions saved me more than the official materials, especially around the grading quirks.",assessment_design,positive,True,False,"The mention of a mid-semester crunch and 'grading quirks' suggests problems with assessment/grading, not a positive assessment design.","Overall experience is correctly labeled negative, but assessment_design should not be positive given the grading/assessment issues mentioned."
12,"I had a strong coding background but weak theory, and despite clear lectures, the workload plus a mid‑semester crunch made the OS material feel steep; I relied on recordings and notes, and peer discussions saved me more than the official materials, especially around the grading quirks.",__row_summary__,,True,False,supported 2/2; sentiment 1/2,"Overall experience is correctly labeled negative, but assessment_design should not be positive given the grading/assessment issues mentioned."
13,"Took Database Systems with Dr. Singh and it fit my short evening study blocks, solid B kind of matched the effort I could put in. The workload felt doable and the peer chats helped more than the official readings, though the assessments were heavy on reports and the feedback came in late to actually help me time things. One memorable week was that messy data-model quiz, and I’ll admit the prerequisite groundwork paid off even if attendance drifted mid‑semester.",organization,neutral,False,False,"The review mentions workload, assessments, and timing of feedback, but does not clearly evaluate course organization/structure overall.","Support and workload labels align with the text, but organization is not clearly addressed."
13,"Took Database Systems with Dr. Singh and it fit my short evening study blocks, solid B kind of matched the effort I could put in. The workload felt doable and the peer chats helped more than the official readings, though the assessments were heavy on reports and the feedback came in late to actually help me time things. One memorable week was that messy data-model quiz, and I’ll admit the prerequisite groundwork paid off even if attendance drifted mid‑semester.",support,negative,True,True,"Student says peer chats helped more than official readings and that feedback came in late to help, indicating inadequate instructional support.","Support and workload labels align with the text, but organization is not clearly addressed."
13,"Took Database Systems with Dr. Singh and it fit my short evening study blocks, solid B kind of matched the effort I could put in. The workload felt doable and the peer chats helped more than the official readings, though the assessments were heavy on reports and the feedback came in late to actually help me time things. One memorable week was that messy data-model quiz, and I’ll admit the prerequisite groundwork paid off even if attendance drifted mid‑semester.",workload,positive,True,True,"They explicitly say the workload felt doable and fit their study blocks, which is a positive workload sentiment despite heavy report-based assessments.","Support and workload labels align with the text, but organization is not clearly addressed."
13,"Took Database Systems with Dr. Singh and it fit my short evening study blocks, solid B kind of matched the effort I could put in. The workload felt doable and the peer chats helped more than the official readings, though the assessments were heavy on reports and the feedback came in late to actually help me time things. One memorable week was that messy data-model quiz, and I’ll admit the prerequisite groundwork paid off even if attendance drifted mid‑semester.",__row_summary__,,False,False,supported 2/3; sentiment 2/3,"Support and workload labels align with the text, but organization is not clearly addressed."
14,"I picked Database Systems mainly to fit my evenings, studied around short sessions, and felt the workload ramp up fast. The software stack started rough but got manageable; exams felt fair, though feedback varied and the pace stayed uneven week to week. Overall, I’d recommend with preparation.",exam_fairness,positive,True,True,"The review explicitly says 'exams felt fair,' which supports a positive exam fairness label.","Exam fairness is clearly supported as positive, while materials are not clearly addressed in the text."
14,"I picked Database Systems mainly to fit my evenings, studied around short sessions, and felt the workload ramp up fast. The software stack started rough but got manageable; exams felt fair, though feedback varied and the pace stayed uneven week to week. Overall, I’d recommend with preparation.",materials,neutral,False,False,"The review mentions software stack, workload, feedback, and pace, but does not clearly discuss course materials (e.g., lectures/readings/slides).","Exam fairness is clearly supported as positive, while materials are not clearly addressed in the text."
14,"I picked Database Systems mainly to fit my evenings, studied around short sessions, and felt the workload ramp up fast. The software stack started rough but got manageable; exams felt fair, though feedback varied and the pace stayed uneven week to week. Overall, I’d recommend with preparation.",__row_summary__,,False,False,supported 1/2; sentiment 1/2,"Exam fairness is clearly supported as positive, while materials are not clearly addressed in the text."
15,"Took Computer Networks with Dr. Park while working full-time, so I lived by late nights and the constant dance of task vs. deadline. The first week I ran into an early confusion about TCP handshakes that colored the term, and while the later weeks improved, some lectures felt uneven and the tool setup ate more time than the payoff, especially since the course is mostly individual work and the assessments were fair but exhausting.",overall_experience,neutral,True,True,"The review mixes negatives (confusion, uneven lectures, tool setup time, exhausting workload) with some positives/neutral notes (later weeks improved, assessments fair), yielding an overall mixed/neutral tone.","Only the overall experience is clearly discussed and it reads as mixed/neutral, while practical application and relevance are not directly addressed."
15,"Took Computer Networks with Dr. Park while working full-time, so I lived by late nights and the constant dance of task vs. deadline. The first week I ran into an early confusion about TCP handshakes that colored the term, and while the later weeks improved, some lectures felt uneven and the tool setup ate more time than the payoff, especially since the course is mostly individual work and the assessments were fair but exhausting.",practical_application,neutral,False,False,"The review discusses workload, lectures, tools, and fairness but does not clearly address real-world/practical applicability of what was learned.","Only the overall experience is clearly discussed and it reads as mixed/neutral, while practical application and relevance are not directly addressed."
15,"Took Computer Networks with Dr. Park while working full-time, so I lived by late nights and the constant dance of task vs. deadline. The first week I ran into an early confusion about TCP handshakes that colored the term, and while the later weeks improved, some lectures felt uneven and the tool setup ate more time than the payoff, especially since the course is mostly individual work and the assessments were fair but exhausting.",relevance,neutral,False,False,"There is no explicit statement about how relevant the course content was to goals, career, or broader curriculum needs.","Only the overall experience is clearly discussed and it reads as mixed/neutral, while practical application and relevance are not directly addressed."
15,"Took Computer Networks with Dr. Park while working full-time, so I lived by late nights and the constant dance of task vs. deadline. The first week I ran into an early confusion about TCP handshakes that colored the term, and while the later weeks improved, some lectures felt uneven and the tool setup ate more time than the payoff, especially since the course is mostly individual work and the assessments were fair but exhausting.",__row_summary__,,False,False,supported 1/3; sentiment 1/3,"Only the overall experience is clearly discussed and it reads as mixed/neutral, while practical application and relevance are not directly addressed."
16,"Data Structures in my first semester was fine enough to keep me moving, but I didn’t come away buzzing with enthusiasm. I felt solid B-level work matched the effort I threw in, though I did fall behind around midterms and then managed to scramble back to catch deadlines after a few late nights. The course mostly required a few big assessments, and each one mattered a lot for the grade, which kept me focused even as some admin messages felt sloppy and missed cues about due dates. The collaboration expectations felt unclear, and the prerequisite fit is real—this works best if you already know some adjacent material. One concrete snag: the mid-semester project relied on a tool I barely knew, which added to the pull of the deadlines rather than easing them. Overall, useful but not exactly enjoyable, and I’m still not sure I’d fully recommend it.",overall_experience,neutral,True,True,"The reviewer describes the course as ""fine enough"" and ""useful"" but ""not exactly enjoyable"" and unsure they'd recommend it, which reads as mixed/neutral overall.","The neutral overall_experience label is supported by a clearly mixed, lukewarm review."
16,"Data Structures in my first semester was fine enough to keep me moving, but I didn’t come away buzzing with enthusiasm. I felt solid B-level work matched the effort I threw in, though I did fall behind around midterms and then managed to scramble back to catch deadlines after a few late nights. The course mostly required a few big assessments, and each one mattered a lot for the grade, which kept me focused even as some admin messages felt sloppy and missed cues about due dates. The collaboration expectations felt unclear, and the prerequisite fit is real—this works best if you already know some adjacent material. One concrete snag: the mid-semester project relied on a tool I barely knew, which added to the pull of the deadlines rather than easing them. Overall, useful but not exactly enjoyable, and I’m still not sure I’d fully recommend it.",__row_summary__,,True,True,supported 1/1; sentiment 1/1,"The neutral overall_experience label is supported by a clearly mixed, lukewarm review."
17,"Calculus II came up last semester, and I kept the videos and notes handy only when I actually needed them for a tough homework set about integrals, since the material felt pretty dense but builds on what we were told to know beforehand. The TAs were responsive and practical when I asked quick questions, though the feedback timing varied a lot by assignment, and the heavy deadline load kept me on my toes. One concrete thing that sticks: a unit on improper integrals that finally clicked after a late-night, coffee-fueled review, even though the grading quirks on that problem didn’t always reflect the effort",clarity,neutral,True,True,"The student describes the material as 'pretty dense' but also building on prerequisites, which reads as mixed/neutral clarity overall.","Clarity and assessment design are supported with neutral/negative tones respectively, while feedback quality is portrayed as mixed rather than purely positive."
17,"Calculus II came up last semester, and I kept the videos and notes handy only when I actually needed them for a tough homework set about integrals, since the material felt pretty dense but builds on what we were told to know beforehand. The TAs were responsive and practical when I asked quick questions, though the feedback timing varied a lot by assignment, and the heavy deadline load kept me on my toes. One concrete thing that sticks: a unit on improper integrals that finally clicked after a late-night, coffee-fueled review, even though the grading quirks on that problem didn’t always reflect the effort",feedback_quality,positive,True,False,"They say TAs were responsive, but also that feedback timing varied a lot and grading quirks didn't reflect effort, making the overall feedback/grading experience mixed rather than clearly positive.","Clarity and assessment design are supported with neutral/negative tones respectively, while feedback quality is portrayed as mixed rather than purely positive."
17,"Calculus II came up last semester, and I kept the videos and notes handy only when I actually needed them for a tough homework set about integrals, since the material felt pretty dense but builds on what we were told to know beforehand. The TAs were responsive and practical when I asked quick questions, though the feedback timing varied a lot by assignment, and the heavy deadline load kept me on my toes. One concrete thing that sticks: a unit on improper integrals that finally clicked after a late-night, coffee-fueled review, even though the grading quirks on that problem didn’t always reflect the effort",assessment_design,negative,True,True,Comments about a heavy deadline load and grading quirks on a problem indicate negative sentiment toward assessment structure/fairness.,"Clarity and assessment design are supported with neutral/negative tones respectively, while feedback quality is portrayed as mixed rather than purely positive."
17,"Calculus II came up last semester, and I kept the videos and notes handy only when I actually needed them for a tough homework set about integrals, since the material felt pretty dense but builds on what we were told to know beforehand. The TAs were responsive and practical when I asked quick questions, though the feedback timing varied a lot by assignment, and the heavy deadline load kept me on my toes. One concrete thing that sticks: a unit on improper integrals that finally clicked after a late-night, coffee-fueled review, even though the grading quirks on that problem didn’t always reflect the effort",__row_summary__,,True,False,supported 3/3; sentiment 2/3,"Clarity and assessment design are supported with neutral/negative tones respectively, while feedback quality is portrayed as mixed rather than purely positive."
18,"Midway through the term I started to realize Linear Algebra was less about flashy tricks and more about keeping my head above water while juggling three other heavy courses and a full-time job. The course built nicely on the prereqs, which helped me feel like I could actually apply the stuff when I did manage to squeeze in a second look at the notes, but the heavy emphasis on projects and high-stakes exams kept me on edge most of the week. I mostly relied on recordings and notes, since live lectures sometimes felt noisy and the collaboration expectations seemed unclear, leaving me to chase answers on my own rather than coordinating with teammates. There was a late-semester turning point when a long, messy matrix problem on the project finally clicked, and that small victory was what kept me going, even as I barely scraped through the term. The administrative side was fine enough, but the communication around deadlines and expectations could be sloppy, which fed into the sense that the course was useful but not enjoyable, especially while I balanced work and a demanding schedule. Overall, I’m glad the material sticks, even if the process was rough.",interest,positive,True,False,"The review emphasizes stress, not enjoyment (""kept me on edge,"" ""useful but not enjoyable,"" ""process was rough""), with only a small late-semester victory; overall interest reads mixed/negative rather than clearly positive.","Interest is not portrayed as positive, and feedback quality is not explicitly addressed in the text."
18,"Midway through the term I started to realize Linear Algebra was less about flashy tricks and more about keeping my head above water while juggling three other heavy courses and a full-time job. The course built nicely on the prereqs, which helped me feel like I could actually apply the stuff when I did manage to squeeze in a second look at the notes, but the heavy emphasis on projects and high-stakes exams kept me on edge most of the week. I mostly relied on recordings and notes, since live lectures sometimes felt noisy and the collaboration expectations seemed unclear, leaving me to chase answers on my own rather than coordinating with teammates. There was a late-semester turning point when a long, messy matrix problem on the project finally clicked, and that small victory was what kept me going, even as I barely scraped through the term. The administrative side was fine enough, but the communication around deadlines and expectations could be sloppy, which fed into the sense that the course was useful but not enjoyable, especially while I balanced work and a demanding schedule. Overall, I’m glad the material sticks, even if the process was rough.",feedback_quality,neutral,False,False,"The review mentions unclear collaboration expectations and sloppy communication about deadlines, but does not discuss feedback on work (e.g., grading comments, instructor feedback) directly.","Interest is not portrayed as positive, and feedback quality is not explicitly addressed in the text."
18,"Midway through the term I started to realize Linear Algebra was less about flashy tricks and more about keeping my head above water while juggling three other heavy courses and a full-time job. The course built nicely on the prereqs, which helped me feel like I could actually apply the stuff when I did manage to squeeze in a second look at the notes, but the heavy emphasis on projects and high-stakes exams kept me on edge most of the week. I mostly relied on recordings and notes, since live lectures sometimes felt noisy and the collaboration expectations seemed unclear, leaving me to chase answers on my own rather than coordinating with teammates. There was a late-semester turning point when a long, messy matrix problem on the project finally clicked, and that small victory was what kept me going, even as I barely scraped through the term. The administrative side was fine enough, but the communication around deadlines and expectations could be sloppy, which fed into the sense that the course was useful but not enjoyable, especially while I balanced work and a demanding schedule. Overall, I’m glad the material sticks, even if the process was rough.",__row_summary__,,False,False,supported 1/2; sentiment 0/2,"Interest is not portrayed as positive, and feedback quality is not explicitly addressed in the text."
19,"Summer term felt rushed, with fairly fair but exhausting assessments and a few uneven weeks; I kept up with almost every lecture and appreciated the smooth LMS flow, though the material itself was frustratingly dense and the tooling setup in week 3 was a real drag, especially for a short evening window.",assessment_design,positive,True,False,"Assessments are described as ""fairly fair but exhausting,"" which is mixed/leaning negative rather than clearly positive.",Only the negative materials label is clearly faithful; the others are mismatched or not evidenced.
19,"Summer term felt rushed, with fairly fair but exhausting assessments and a few uneven weeks; I kept up with almost every lecture and appreciated the smooth LMS flow, though the material itself was frustratingly dense and the tooling setup in week 3 was a real drag, especially for a short evening window.",materials,negative,True,True,"The reviewer says the material was ""frustratingly dense,"" indicating negative sentiment.",Only the negative materials label is clearly faithful; the others are mismatched or not evidenced.
19,"Summer term felt rushed, with fairly fair but exhausting assessments and a few uneven weeks; I kept up with almost every lecture and appreciated the smooth LMS flow, though the material itself was frustratingly dense and the tooling setup in week 3 was a real drag, especially for a short evening window.",accessibility,positive,False,False,"There is no clear mention of accessibility accommodations or ease of access; ""short evening window"" suggests scheduling constraints, not an accessibility positive.",Only the negative materials label is clearly faithful; the others are mismatched or not evidenced.
19,"Summer term felt rushed, with fairly fair but exhausting assessments and a few uneven weeks; I kept up with almost every lecture and appreciated the smooth LMS flow, though the material itself was frustratingly dense and the tooling setup in week 3 was a real drag, especially for a short evening window.",__row_summary__,,False,False,supported 2/3; sentiment 1/3,Only the negative materials label is clearly faithful; the others are mismatched or not evidenced.
20,"My first semester in this program felt chaotic at times, but Dr. Park kept lectures clear and the pacing reasonable most days, even as the software stack started rough and then settled. I earned a solid B, which matched the effort I put in, though the prerequisite feel was a bit optimistic for my background. Group work helped when our team clicked, and the mid-semester crunch left me scrambling for time.",overall_experience,positive,True,False,"The review mixes positives (clear lectures, reasonable pacing) with notable negatives (chaotic semester, rough software start, time-scrambling crunch), so overall sentiment reads mixed rather than clearly positive.","One label is overly positive for a mixed experience, and the exam fairness aspect is not evidenced in the text."
20,"My first semester in this program felt chaotic at times, but Dr. Park kept lectures clear and the pacing reasonable most days, even as the software stack started rough and then settled. I earned a solid B, which matched the effort I put in, though the prerequisite feel was a bit optimistic for my background. Group work helped when our team clicked, and the mid-semester crunch left me scrambling for time.",exam_fairness,neutral,False,False,There is no explicit mention of exams being fair/unfair; the only assessment-related content is earning a B and a mid-semester crunch.,"One label is overly positive for a mixed experience, and the exam fairness aspect is not evidenced in the text."
20,"My first semester in this program felt chaotic at times, but Dr. Park kept lectures clear and the pacing reasonable most days, even as the software stack started rough and then settled. I earned a solid B, which matched the effort I put in, though the prerequisite feel was a bit optimistic for my background. Group work helped when our team clicked, and the mid-semester crunch left me scrambling for time.",__row_summary__,,False,False,supported 1/2; sentiment 0/2,"One label is overly positive for a mixed experience, and the exam fairness aspect is not evidenced in the text."
21,"I kept up with nearly every lecture in Linear Algebra, but I’ll be honest: the practical payoff felt pretty thin for someone with a strong coding background and weak theory. The biggest drag was the tooling and deadline weeks that seemed to crash or stall right when I needed to push a small script into a graded assignment; it turned a two-hour task into half a day of chasing fixes, and that didn’t help my motivation one bit. The way collaboration was framed left me guessing who was supposed to do what, which made group parts more awkward than they needed to be, especially since the prerequisites assume more prior math knowledge than I thought from the course ad. I remember a forum thread where I asked about a matrix factorization approach for a project and got a vague reply that didn’t pin down what the TA expected, so I just pivoted on my own and hoped I hadn’t totally misread the rubric. Office hours helped once I brought a concrete example and a quick code snippet, but I still left with a sense that the policies are fine while communication is sloppy, and I’d only recommend this with solid preparation and a willingness to slog through the rough edges.",practical_application,negative,True,True,"The reviewer says the practical payoff felt ""pretty thin,"" indicating a negative view of real-world usefulness.","Only practical_application is correctly labeled; workload is more negative than neutral, and interest is not clearly expressed."
21,"I kept up with nearly every lecture in Linear Algebra, but I’ll be honest: the practical payoff felt pretty thin for someone with a strong coding background and weak theory. The biggest drag was the tooling and deadline weeks that seemed to crash or stall right when I needed to push a small script into a graded assignment; it turned a two-hour task into half a day of chasing fixes, and that didn’t help my motivation one bit. The way collaboration was framed left me guessing who was supposed to do what, which made group parts more awkward than they needed to be, especially since the prerequisites assume more prior math knowledge than I thought from the course ad. I remember a forum thread where I asked about a matrix factorization approach for a project and got a vague reply that didn’t pin down what the TA expected, so I just pivoted on my own and hoped I hadn’t totally misread the rubric. Office hours helped once I brought a concrete example and a quick code snippet, but I still left with a sense that the policies are fine while communication is sloppy, and I’d only recommend this with solid preparation and a willingness to slog through the rough edges.",workload,neutral,True,False,"They describe deadline weeks and tooling crashes turning a ""two-hour task into half a day,"" suggesting increased burden/frustration rather than neutral workload.","Only practical_application is correctly labeled; workload is more negative than neutral, and interest is not clearly expressed."
21,"I kept up with nearly every lecture in Linear Algebra, but I’ll be honest: the practical payoff felt pretty thin for someone with a strong coding background and weak theory. The biggest drag was the tooling and deadline weeks that seemed to crash or stall right when I needed to push a small script into a graded assignment; it turned a two-hour task into half a day of chasing fixes, and that didn’t help my motivation one bit. The way collaboration was framed left me guessing who was supposed to do what, which made group parts more awkward than they needed to be, especially since the prerequisites assume more prior math knowledge than I thought from the course ad. I remember a forum thread where I asked about a matrix factorization approach for a project and got a vague reply that didn’t pin down what the TA expected, so I just pivoted on my own and hoped I hadn’t totally misread the rubric. Office hours helped once I brought a concrete example and a quick code snippet, but I still left with a sense that the policies are fine while communication is sloppy, and I’d only recommend this with solid preparation and a willingness to slog through the rough edges.",interest,neutral,False,False,"The review focuses on practicality, tooling, communication, and prerequisites; it does not clearly state overall interest/enjoyment in the course content.","Only practical_application is correctly labeled; workload is more negative than neutral, and interest is not clearly expressed."
21,"I kept up with nearly every lecture in Linear Algebra, but I’ll be honest: the practical payoff felt pretty thin for someone with a strong coding background and weak theory. The biggest drag was the tooling and deadline weeks that seemed to crash or stall right when I needed to push a small script into a graded assignment; it turned a two-hour task into half a day of chasing fixes, and that didn’t help my motivation one bit. The way collaboration was framed left me guessing who was supposed to do what, which made group parts more awkward than they needed to be, especially since the prerequisites assume more prior math knowledge than I thought from the course ad. I remember a forum thread where I asked about a matrix factorization approach for a project and got a vague reply that didn’t pin down what the TA expected, so I just pivoted on my own and hoped I hadn’t totally misread the rubric. Office hours helped once I brought a concrete example and a quick code snippet, but I still left with a sense that the policies are fine while communication is sloppy, and I’d only recommend this with solid preparation and a willingness to slog through the rough edges.",__row_summary__,,False,False,supported 2/3; sentiment 1/3,"Only practical_application is correctly labeled; workload is more negative than neutral, and interest is not clearly expressed."
22,"Taking the Operating Systems course in the middle of a heavy term was rough, but it wasn’t a total wash. I went into it because I needed it for a specialization, and honestly the material was more accessible than I expected, especially since I could use the readings only when I needed a refresher instead of chasing every assignment in a cram-style way. The prerequisite fit turned out to be stronger than I’d feared, filling gaps I didn’t even realize were there, which helped me stay afloat even as the workload piled up. Most of the work felt like solo effort, with only occasional quick checks with a TA, so I didn’t rely much on classmates, which was fine but made the parts I struggled with linger longer. Grading comments were detailed but often late, adding stress when a concept finally clicked after a weekend of staring at notes. The platform had a few quirks that created unnecessary stress at odd hours, especially around the submission portal, which felt like a minor but real drag. The standout moment was the midterm week—one tricky memory problem that reminded me of a simpler prerequisite course I’d aced, and I kept thinking, this is the zone where I should have done better.",accessibility,positive,True,True,"The reviewer explicitly says the material was more accessible than expected and readings could be used as-needed, indicating positive accessibility.",The review directly supports a positive sentiment about course material accessibility despite other stresses.
22,"Taking the Operating Systems course in the middle of a heavy term was rough, but it wasn’t a total wash. I went into it because I needed it for a specialization, and honestly the material was more accessible than I expected, especially since I could use the readings only when I needed a refresher instead of chasing every assignment in a cram-style way. The prerequisite fit turned out to be stronger than I’d feared, filling gaps I didn’t even realize were there, which helped me stay afloat even as the workload piled up. Most of the work felt like solo effort, with only occasional quick checks with a TA, so I didn’t rely much on classmates, which was fine but made the parts I struggled with linger longer. Grading comments were detailed but often late, adding stress when a concept finally clicked after a weekend of staring at notes. The platform had a few quirks that created unnecessary stress at odd hours, especially around the submission portal, which felt like a minor but real drag. The standout moment was the midterm week—one tricky memory problem that reminded me of a simpler prerequisite course I’d aced, and I kept thinking, this is the zone where I should have done better.",__row_summary__,,True,True,supported 1/1; sentiment 1/1,The review directly supports a positive sentiment about course material accessibility despite other stresses.
23,"Data Structures was a solid fit I took while juggling a full-time job; the advanced elective kept me honest, and I found the forums oddly helpful despite the occasional dismissiveness. Recorded lectures were useful but a bit dry, and the tool setup felt like more friction than payoff, especially when deadlines piled up. Late in the term, a turning point project clicked for me and my B felt earned, even if grading comments were detailed but slow to arrive.",relevance,positive,True,True,"The reviewer says the course was a solid fit while working full-time and describes it as a meaningful elective, indicating positive relevance.",The declared positive relevance label is supported by the review’s framing of the course as a good fit and worthwhile.
23,"Data Structures was a solid fit I took while juggling a full-time job; the advanced elective kept me honest, and I found the forums oddly helpful despite the occasional dismissiveness. Recorded lectures were useful but a bit dry, and the tool setup felt like more friction than payoff, especially when deadlines piled up. Late in the term, a turning point project clicked for me and my B felt earned, even if grading comments were detailed but slow to arrive.",__row_summary__,,True,True,supported 1/1; sentiment 1/1,The declared positive relevance label is supported by the review’s framing of the course as a good fit and worthwhile.
24,"Data Structures with Prof. Rios was a step up from the easier prereqs, yet I felt the pacing could swing between too fast during crunch weeks and oddly slack at other times. I balanced it with multiple demanding courses, so I fell behind and caught up around deadlines, especially when the project milestones piled up near midterm and final checkpoints. The LMS and submission flow were smooth, but feedback quality varied a lot by assignment, which left me chasing quick clarifications in office hours or on the forum. Mostly solo work with little peer dependency, I still relied on the TAs for a couple tricky data-structure questions, like balancing trees, where one TA gave a really concrete debugging tip that saved me. The weeks with stacked deadlines were rough, and compared to the easier prerequisite, this one felt more high-stakes and project-heavy. Final exams could be intimidating, but the queue for answers during office hours helped me stay afloat. Overall, it’s solid as",pacing,neutral,True,False,"The reviewer says pacing swung between too fast during crunch weeks and oddly slack at other times, indicating a mixed/negative view rather than neutral.","Both aspects are discussed, but the declared neutral sentiments understate the review’s expressed pacing and clarity problems."
24,"Data Structures with Prof. Rios was a step up from the easier prereqs, yet I felt the pacing could swing between too fast during crunch weeks and oddly slack at other times. I balanced it with multiple demanding courses, so I fell behind and caught up around deadlines, especially when the project milestones piled up near midterm and final checkpoints. The LMS and submission flow were smooth, but feedback quality varied a lot by assignment, which left me chasing quick clarifications in office hours or on the forum. Mostly solo work with little peer dependency, I still relied on the TAs for a couple tricky data-structure questions, like balancing trees, where one TA gave a really concrete debugging tip that saved me. The weeks with stacked deadlines were rough, and compared to the easier prerequisite, this one felt more high-stakes and project-heavy. Final exams could be intimidating, but the queue for answers during office hours helped me stay afloat. Overall, it’s solid as",clarity,neutral,True,False,"They report variable feedback quality and needing clarifications in office hours/forums, suggesting clarity issues (mixed/negative), not neutral.","Both aspects are discussed, but the declared neutral sentiments understate the review’s expressed pacing and clarity problems."
24,"Data Structures with Prof. Rios was a step up from the easier prereqs, yet I felt the pacing could swing between too fast during crunch weeks and oddly slack at other times. I balanced it with multiple demanding courses, so I fell behind and caught up around deadlines, especially when the project milestones piled up near midterm and final checkpoints. The LMS and submission flow were smooth, but feedback quality varied a lot by assignment, which left me chasing quick clarifications in office hours or on the forum. Mostly solo work with little peer dependency, I still relied on the TAs for a couple tricky data-structure questions, like balancing trees, where one TA gave a really concrete debugging tip that saved me. The weeks with stacked deadlines were rough, and compared to the easier prerequisite, this one felt more high-stakes and project-heavy. Final exams could be intimidating, but the queue for answers during office hours helped me stay afloat. Overall, it’s solid as",__row_summary__,,True,False,supported 2/2; sentiment 0/2,"Both aspects are discussed, but the declared neutral sentiments understate the review’s expressed pacing and clarity problems."
25,"Taking OS with a full-time job was rough at first, but Prof. Alvarez’s lectures finally clicked and the pacing was decent once I sat through the early setup. The tool setup took more effort than the payoff, and the rubric always felt vague, but the weekly problem sets and a concrete project on process scheduling helped me push through. I still remember asking a question during office hours about page cache behavior and getting a clear, practical explanation that stuck.",overall_experience,positive,True,True,"Despite some rough parts (tool setup, vague rubric), the review emphasizes lectures clicking, decent pacing, helpful assignments/project, and strong office-hour help.","Two labels are faithful, but the materials label is too negative given the mixed commentary."
25,"Taking OS with a full-time job was rough at first, but Prof. Alvarez’s lectures finally clicked and the pacing was decent once I sat through the early setup. The tool setup took more effort than the payoff, and the rubric always felt vague, but the weekly problem sets and a concrete project on process scheduling helped me push through. I still remember asking a question during office hours about page cache behavior and getting a clear, practical explanation that stuck.",accessibility,neutral,True,True,"Mentions office hours with a clear, practical explanation and notes difficulty balancing with a full-time job, suggesting mixed/neutral accessibility overall.","Two labels are faithful, but the materials label is too negative given the mixed commentary."
25,"Taking OS with a full-time job was rough at first, but Prof. Alvarez’s lectures finally clicked and the pacing was decent once I sat through the early setup. The tool setup took more effort than the payoff, and the rubric always felt vague, but the weekly problem sets and a concrete project on process scheduling helped me push through. I still remember asking a question during office hours about page cache behavior and getting a clear, practical explanation that stuck.",materials,negative,True,False,"Course components are mixed: tool setup and rubric are criticized, but weekly problem sets and a concrete project are praised, so overall materials sentiment is not clearly negative.","Two labels are faithful, but the materials label is too negative given the mixed commentary."
25,"Taking OS with a full-time job was rough at first, but Prof. Alvarez’s lectures finally clicked and the pacing was decent once I sat through the early setup. The tool setup took more effort than the payoff, and the rubric always felt vague, but the weekly problem sets and a concrete project on process scheduling helped me push through. I still remember asking a question during office hours about page cache behavior and getting a clear, practical explanation that stuck.",__row_summary__,,True,False,supported 3/3; sentiment 2/3,"Two labels are faithful, but the materials label is too negative given the mixed commentary."
26,"The pace in Data Structures this summer term felt brutal, like we were sprinting through a compressed syllabus while the clock kept sneaking up on us, and by week six I was already juggling five different deadlines. I mostly used the lecture notes and a couple of picked practice sets instead of everything in the platform, because some days the videos felt longer than the task at hand and I didn’t have the energy to wade through the quirks again. The grading felt oddly capricious, with one weird quiz format that seemed to hinge on a tiny detail I hadn’t anticipated, and the feedback was slow enough that deadlines started to bleed into the weekend. Tooling setup was another friction point: the IDE configurations and library versions kept clashing, and every new attempt meant another hour wasted hunting for a missing dependency. Email support was painfully slow when I was racing toward deadlines, which only added to the sense that I was fighting the system more than the material. By the late-semester turning point, I realized this course is probably best if you already know adjacent material, because starting from scratch here felt like toeing a tightrope with no net. I’m still unsure whether I’d recommend it.",pacing,negative,True,True,The reviewer calls the pace 'brutal' and describes sprinting through a compressed syllabus with many deadlines.,"The review strongly criticizes course pacing and assessment/grading fairness, so a neutral assessment_design label is not faithful."
26,"The pace in Data Structures this summer term felt brutal, like we were sprinting through a compressed syllabus while the clock kept sneaking up on us, and by week six I was already juggling five different deadlines. I mostly used the lecture notes and a couple of picked practice sets instead of everything in the platform, because some days the videos felt longer than the task at hand and I didn’t have the energy to wade through the quirks again. The grading felt oddly capricious, with one weird quiz format that seemed to hinge on a tiny detail I hadn’t anticipated, and the feedback was slow enough that deadlines started to bleed into the weekend. Tooling setup was another friction point: the IDE configurations and library versions kept clashing, and every new attempt meant another hour wasted hunting for a missing dependency. Email support was painfully slow when I was racing toward deadlines, which only added to the sense that I was fighting the system more than the material. By the late-semester turning point, I realized this course is probably best if you already know adjacent material, because starting from scratch here felt like toeing a tightrope with no net. I’m still unsure whether I’d recommend it.",assessment_design,neutral,True,False,"They describe grading as 'oddly capricious' and a 'weird quiz format' hinging on tiny details, which is negative rather than neutral.","The review strongly criticizes course pacing and assessment/grading fairness, so a neutral assessment_design label is not faithful."
26,"The pace in Data Structures this summer term felt brutal, like we were sprinting through a compressed syllabus while the clock kept sneaking up on us, and by week six I was already juggling five different deadlines. I mostly used the lecture notes and a couple of picked practice sets instead of everything in the platform, because some days the videos felt longer than the task at hand and I didn’t have the energy to wade through the quirks again. The grading felt oddly capricious, with one weird quiz format that seemed to hinge on a tiny detail I hadn’t anticipated, and the feedback was slow enough that deadlines started to bleed into the weekend. Tooling setup was another friction point: the IDE configurations and library versions kept clashing, and every new attempt meant another hour wasted hunting for a missing dependency. Email support was painfully slow when I was racing toward deadlines, which only added to the sense that I was fighting the system more than the material. By the late-semester turning point, I realized this course is probably best if you already know adjacent material, because starting from scratch here felt like toeing a tightrope with no net. I’m still unsure whether I’d recommend it.",__row_summary__,,True,False,supported 2/2; sentiment 1/2,"The review strongly criticizes course pacing and assessment/grading fairness, so a neutral assessment_design label is not faithful."
27,"Honestly, I’m new to the discipline and the basics were already a lot to juggle, but this course felt like the required checkpoint I had to clear for the track. I kept up with nearly every lecture, and peer discussions sometimes helped more than the official materials, which was both reassuring and a little frustrating when the answers came too late or didn’t fit my questions. The toolset started rough for me—yes, the software stack was clunky at first—but I managed to get through it, and the later work felt more doable, if not elegant. There was a late-semester turning point that finally clicked, and I realized the prerequisites fit me better than I expected, even as I doubted the pacing and the sparse feedback until it was nearly over.",prerequisite_fit,positive,True,True,"The reviewer says the prerequisites fit them better than expected after a late-semester turning point, indicating a positive fit.","Prerequisite fit is clearly positive, while support is mixed but leans negative rather than neutral."
27,"Honestly, I’m new to the discipline and the basics were already a lot to juggle, but this course felt like the required checkpoint I had to clear for the track. I kept up with nearly every lecture, and peer discussions sometimes helped more than the official materials, which was both reassuring and a little frustrating when the answers came too late or didn’t fit my questions. The toolset started rough for me—yes, the software stack was clunky at first—but I managed to get through it, and the later work felt more doable, if not elegant. There was a late-semester turning point that finally clicked, and I realized the prerequisites fit me better than I expected, even as I doubted the pacing and the sparse feedback until it was nearly over.",support,neutral,True,False,"They describe sparse/late feedback and official materials not fitting their questions (negative), though peer discussions helped; overall not neutral.","Prerequisite fit is clearly positive, while support is mixed but leans negative rather than neutral."
27,"Honestly, I’m new to the discipline and the basics were already a lot to juggle, but this course felt like the required checkpoint I had to clear for the track. I kept up with nearly every lecture, and peer discussions sometimes helped more than the official materials, which was both reassuring and a little frustrating when the answers came too late or didn’t fit my questions. The toolset started rough for me—yes, the software stack was clunky at first—but I managed to get through it, and the later work felt more doable, if not elegant. There was a late-semester turning point that finally clicked, and I realized the prerequisites fit me better than I expected, even as I doubted the pacing and the sparse feedback until it was nearly over.",__row_summary__,,True,False,supported 2/2; sentiment 1/2,"Prerequisite fit is clearly positive, while support is mixed but leans negative rather than neutral."
28,"I’m a returning student who felt rusty, so I came into Database Systems with a lot of questions, and I actually left with something usable, even if I’m still catching up in spots. Prof. Cohen explains the big-picture ideas clearly enough, but the week-to-week tooling glitches made the deadlines feel harsher than they should’ve been—our project repo kept hiccuping just as we hit a hard due date, which fk’ed my pacing more than once. The peer discussions in section helped a lot more than the official slides, and I found myself leaning on a few classmates to sanity-check the normalization questions and the ER diagrams we talked through in chat between sessions. The quick feedback from Prof. Cohen’s comments was a relief; I could adjust the next draft without waiting ages, even if I still wore out a coffee cup triaging the latest feedback and the new rubric tweaks. There was one concrete moment that sticks: a short chat after office hours where I struggled to justify a junction table choice, and the guidance felt practical, not just theoretical. Overall it’s a heavy, time-consuming track course, and I’m tired and resigned about catching up, but the discussion-heavy approach keeps it worth it.",interest,positive,True,True,"The student says the course was ""worth it"" and they left with ""something usable,"" indicating overall engagement despite fatigue.",Both declared aspects are explicitly discussed in the review and the sentiments align with the student's statements.
28,"I’m a returning student who felt rusty, so I came into Database Systems with a lot of questions, and I actually left with something usable, even if I’m still catching up in spots. Prof. Cohen explains the big-picture ideas clearly enough, but the week-to-week tooling glitches made the deadlines feel harsher than they should’ve been—our project repo kept hiccuping just as we hit a hard due date, which fk’ed my pacing more than once. The peer discussions in section helped a lot more than the official slides, and I found myself leaning on a few classmates to sanity-check the normalization questions and the ER diagrams we talked through in chat between sessions. The quick feedback from Prof. Cohen’s comments was a relief; I could adjust the next draft without waiting ages, even if I still wore out a coffee cup triaging the latest feedback and the new rubric tweaks. There was one concrete moment that sticks: a short chat after office hours where I struggled to justify a junction table choice, and the guidance felt practical, not just theoretical. Overall it’s a heavy, time-consuming track course, and I’m tired and resigned about catching up, but the discussion-heavy approach keeps it worth it.",peer_interaction,positive,True,True,"They report peer discussions helped a lot and they leaned on classmates to sanity-check work, which is clearly positive.",Both declared aspects are explicitly discussed in the review and the sentiments align with the student's statements.
28,"I’m a returning student who felt rusty, so I came into Database Systems with a lot of questions, and I actually left with something usable, even if I’m still catching up in spots. Prof. Cohen explains the big-picture ideas clearly enough, but the week-to-week tooling glitches made the deadlines feel harsher than they should’ve been—our project repo kept hiccuping just as we hit a hard due date, which fk’ed my pacing more than once. The peer discussions in section helped a lot more than the official slides, and I found myself leaning on a few classmates to sanity-check the normalization questions and the ER diagrams we talked through in chat between sessions. The quick feedback from Prof. Cohen’s comments was a relief; I could adjust the next draft without waiting ages, even if I still wore out a coffee cup triaging the latest feedback and the new rubric tweaks. There was one concrete moment that sticks: a short chat after office hours where I struggled to justify a junction table choice, and the guidance felt practical, not just theoretical. Overall it’s a heavy, time-consuming track course, and I’m tired and resigned about catching up, but the discussion-heavy approach keeps it worth it.",__row_summary__,,True,True,supported 2/2; sentiment 2/2,Both declared aspects are explicitly discussed in the review and the sentiments align with the student's statements.
29,"I’m new to the discipline, and taking Data Structures felt like I was jumping into deep end water with a map I barely trust, but Dr. Chen kept telling us to just code it and see what breaks. The project-heavy setup fits my grind right now, especially since the high-stakes exams loom and I’m trying to prove I can actually think in terms of complexity, not just memorize algorithms. Quick feedback helps me steer, even as the grading rubric feels vague and I’m guessing whether a tweak to my binary search tree write-up will pass. The best moment came around late semester when I finally saw how a clean hash table design could simplify a dozen lines of code, and that turning point sticks with me, even if the deadlines stacked up unexpectedly.",materials,neutral,False,False,"The review discusses projects, exams, rubric clarity, and learning moments, but does not clearly mention course materials (texts/notes/slides).","Feedback quality is supported and positive, while materials are not addressed in the review."
29,"I’m new to the discipline, and taking Data Structures felt like I was jumping into deep end water with a map I barely trust, but Dr. Chen kept telling us to just code it and see what breaks. The project-heavy setup fits my grind right now, especially since the high-stakes exams loom and I’m trying to prove I can actually think in terms of complexity, not just memorize algorithms. Quick feedback helps me steer, even as the grading rubric feels vague and I’m guessing whether a tweak to my binary search tree write-up will pass. The best moment came around late semester when I finally saw how a clean hash table design could simplify a dozen lines of code, and that turning point sticks with me, even if the deadlines stacked up unexpectedly.",feedback_quality,positive,True,True,"The student says 'Quick feedback helps me steer,' indicating positive feedback quality, despite some vagueness in the grading rubric.","Feedback quality is supported and positive, while materials are not addressed in the review."
29,"I’m new to the discipline, and taking Data Structures felt like I was jumping into deep end water with a map I barely trust, but Dr. Chen kept telling us to just code it and see what breaks. The project-heavy setup fits my grind right now, especially since the high-stakes exams loom and I’m trying to prove I can actually think in terms of complexity, not just memorize algorithms. Quick feedback helps me steer, even as the grading rubric feels vague and I’m guessing whether a tweak to my binary search tree write-up will pass. The best moment came around late semester when I finally saw how a clean hash table design could simplify a dozen lines of code, and that turning point sticks with me, even if the deadlines stacked up unexpectedly.",__row_summary__,,False,False,supported 1/2; sentiment 1/2,"Feedback quality is supported and positive, while materials are not addressed in the review."
30,"I’m in the middle of a heavy semester and tried to fit Cyber Security Basics around short evening sessions, mainly relying on the recordings and my notes anyway. The LMS flow to submit assignments and track feedback is smooth, which helps when I’m juggling multiple courses, and the quick turnarounds let me adjust things without holding up my week. The course assumes a bit more prior knowledge than I anticipated, so I end up staring at some slides and wishing for a heavier on-ramp, even though the lectures are solid and the tools are usable. The assessment mix sometimes feels off compared to what the lectures emphasize, which I notice most on the weekly quizzes and the final project—a couple of times I’ve felt the task expectations drift from what the live talk covered. I did find a concrete win: the instructor answered a forum question about how to interpret a security policy quickly, which helped me tweak a behavior in my project repo before the deadline. All told, I’ll keep the pace, but I’m still chasing that perfect alignment between what’s taught and how we’re asked to show it.",tooling_usability,neutral,True,False,"The review states the LMS flow is smooth and the tools are usable, which is mildly positive rather than neutral.","The aspect is mentioned with generally positive wording, so the neutral label is not fully faithful."
30,"I’m in the middle of a heavy semester and tried to fit Cyber Security Basics around short evening sessions, mainly relying on the recordings and my notes anyway. The LMS flow to submit assignments and track feedback is smooth, which helps when I’m juggling multiple courses, and the quick turnarounds let me adjust things without holding up my week. The course assumes a bit more prior knowledge than I anticipated, so I end up staring at some slides and wishing for a heavier on-ramp, even though the lectures are solid and the tools are usable. The assessment mix sometimes feels off compared to what the lectures emphasize, which I notice most on the weekly quizzes and the final project—a couple of times I’ve felt the task expectations drift from what the live talk covered. I did find a concrete win: the instructor answered a forum question about how to interpret a security policy quickly, which helped me tweak a behavior in my project repo before the deadline. All told, I’ll keep the pace, but I’m still chasing that perfect alignment between what’s taught and how we’re asked to show it.",__row_summary__,,True,False,supported 1/1; sentiment 0/1,"The aspect is mentioned with generally positive wording, so the neutral label is not fully faithful."
31,"Took Computer Networks with Prof. Haddad and came out feeling solid B, which matched the effort I could spare while juggling two other demanding courses. The hands-on bits were the practical payoff—figuring out routing quirks and then debugging a capstone-like packet-trace project—once I got past the rough start with the software stack. I’m comfortable with proofs, but the course assumed more prior systems depth than I expected, so I spent extra late nights on the simulation setup. Email support felt slow when deadlines loomed, and with only a few big assessments, each one mattered a lot, so the pressure stayed high. Overall, the assessment felt fair but exhausting, and there’s a steady tradeoff between slog and real learning that stuck with me.",practical_application,positive,True,True,"The review highlights hands-on work (routing quirks, packet-trace project) as the 'practical payoff,' indicating a positive view despite initial setup issues.","Practical application is positively supported, while peer interaction is not addressed in the review."
31,"Took Computer Networks with Prof. Haddad and came out feeling solid B, which matched the effort I could spare while juggling two other demanding courses. The hands-on bits were the practical payoff—figuring out routing quirks and then debugging a capstone-like packet-trace project—once I got past the rough start with the software stack. I’m comfortable with proofs, but the course assumed more prior systems depth than I expected, so I spent extra late nights on the simulation setup. Email support felt slow when deadlines loomed, and with only a few big assessments, each one mattered a lot, so the pressure stayed high. Overall, the assessment felt fair but exhausting, and there’s a steady tradeoff between slog and real learning that stuck with me.",peer_interaction,neutral,False,False,"There is no mention of classmates, group work, discussions, or collaboration; only instructor/email support and assessments are discussed.","Practical application is positively supported, while peer interaction is not addressed in the review."
31,"Took Computer Networks with Prof. Haddad and came out feeling solid B, which matched the effort I could spare while juggling two other demanding courses. The hands-on bits were the practical payoff—figuring out routing quirks and then debugging a capstone-like packet-trace project—once I got past the rough start with the software stack. I’m comfortable with proofs, but the course assumed more prior systems depth than I expected, so I spent extra late nights on the simulation setup. Email support felt slow when deadlines loomed, and with only a few big assessments, each one mattered a lot, so the pressure stayed high. Overall, the assessment felt fair but exhausting, and there’s a steady tradeoff between slog and real learning that stuck with me.",__row_summary__,,False,False,supported 1/2; sentiment 1/2,"Practical application is positively supported, while peer interaction is not addressed in the review."
32,"Linear Algebra started strong for me as a newbie, but my attendance dropped mid‑semester and the tool setup was a slog; I ended up juggling a heavy report‑heavy workload with limited staff help, which felt unfairly time‑consuming.",difficulty,neutral,True,False,"Mentions a 'slog' and a 'heavy report-heavy workload' that felt unfairly time-consuming, indicating negative difficulty/workload rather than neutral.","The review is mainly negative about workload, setup, and support, and does not substantiate positive lecturer quality."
32,"Linear Algebra started strong for me as a newbie, but my attendance dropped mid‑semester and the tool setup was a slog; I ended up juggling a heavy report‑heavy workload with limited staff help, which felt unfairly time‑consuming.",lecturer_quality,positive,False,False,No clear mention of the lecturer or teaching quality; only notes limited staff help.,"The review is mainly negative about workload, setup, and support, and does not substantiate positive lecturer quality."
32,"Linear Algebra started strong for me as a newbie, but my attendance dropped mid‑semester and the tool setup was a slog; I ended up juggling a heavy report‑heavy workload with limited staff help, which felt unfairly time‑consuming.",accessibility,negative,True,True,"Limited staff help and burdensome tool setup suggest poor support/accessibility, matching negative.","The review is mainly negative about workload, setup, and support, and does not substantiate positive lecturer quality."
32,"Linear Algebra started strong for me as a newbie, but my attendance dropped mid‑semester and the tool setup was a slog; I ended up juggling a heavy report‑heavy workload with limited staff help, which felt unfairly time‑consuming.",__row_summary__,,False,False,supported 2/3; sentiment 1/3,"The review is mainly negative about workload, setup, and support, and does not substantiate positive lecturer quality."
33,"Taking the Database Systems course this summer was a mixed bag: I stuck through it mainly because I’d heard it would be useful for industry work, but I barely passed after struggling most of the term. The pacing was brutal in the compressed summer term, though the LMS and submission flow were smooth enough to avoid extra friction. The lectures were slides you could skim, not something I walked away remembering, and I felt the grading rubric was vague, which didn’t help my confidence in what to prioritize. I found the course works best if you have a study group, and honestly the only concrete crunch I remember is juggling a couple of deadlines for the project and a midterm that felt like it came out of nowhere.",accessibility,neutral,False,False,"The review discusses pacing, LMS flow, lectures, and grading clarity, but does not clearly address accessibility (e.g., accommodations, inclusive access, ease of access for diverse needs).","Only the support label is clearly grounded in the review, while accessibility is not explicitly mentioned."
33,"Taking the Database Systems course this summer was a mixed bag: I stuck through it mainly because I’d heard it would be useful for industry work, but I barely passed after struggling most of the term. The pacing was brutal in the compressed summer term, though the LMS and submission flow were smooth enough to avoid extra friction. The lectures were slides you could skim, not something I walked away remembering, and I felt the grading rubric was vague, which didn’t help my confidence in what to prioritize. I found the course works best if you have a study group, and honestly the only concrete crunch I remember is juggling a couple of deadlines for the project and a midterm that felt like it came out of nowhere.",support,negative,True,True,"The student implies limited instructional support/clarity (vague rubric, struggling most of the term) and says the course works best with a study group, suggesting insufficient built-in support; overall negative.","Only the support label is clearly grounded in the review, while accessibility is not explicitly mentioned."
33,"Taking the Database Systems course this summer was a mixed bag: I stuck through it mainly because I’d heard it would be useful for industry work, but I barely passed after struggling most of the term. The pacing was brutal in the compressed summer term, though the LMS and submission flow were smooth enough to avoid extra friction. The lectures were slides you could skim, not something I walked away remembering, and I felt the grading rubric was vague, which didn’t help my confidence in what to prioritize. I found the course works best if you have a study group, and honestly the only concrete crunch I remember is juggling a couple of deadlines for the project and a midterm that felt like it came out of nowhere.",__row_summary__,,False,False,supported 1/2; sentiment 1/2,"Only the support label is clearly grounded in the review, while accessibility is not explicitly mentioned."
34,"Calculus II in the summer term felt like sprinting through a storm: the pace was compressed and the pacing expectations didn’t match what I had in mind, especially since I was told it would be useful for real industry work and then found the deadlines piling up with little breathing room. Dr. Chen is sharp and knows his stuff, but the way the instructions were written left a lot to interpretation, so I spent more time chasing exact phrasing for submissions than actually solving the problems. The tooling hiccups didn’t help—glitches during the main homework week ruined a chunk of grading time and I ended up chasing a late toggle to submit one problem, which rattled me right before a big exam format switch. My attendance pattern was a mess: I fell behind and caught up around deadlines, and I felt like the prerequisite assumptions were kinder to people who had seen more Calc before, which made the early weeks feel uneven. Office hours saved me more than once, but I wouldn’t sign up for this again, even if the material did eventually click; it felt like a relief when I finally understood the turning point around the last couple of topics, more by grit than by good structure. Compared to the easier prerequisite, this was a tougher climb, and I still side-eyed the whole setup.",exam_fairness,negative,False,False,"The review mentions an exam format switch and stress around timing/tool glitches, but does not clearly judge the exams as fair or unfair.",The declared negative exam fairness label is not directly evidenced by the review.
34,"Calculus II in the summer term felt like sprinting through a storm: the pace was compressed and the pacing expectations didn’t match what I had in mind, especially since I was told it would be useful for real industry work and then found the deadlines piling up with little breathing room. Dr. Chen is sharp and knows his stuff, but the way the instructions were written left a lot to interpretation, so I spent more time chasing exact phrasing for submissions than actually solving the problems. The tooling hiccups didn’t help—glitches during the main homework week ruined a chunk of grading time and I ended up chasing a late toggle to submit one problem, which rattled me right before a big exam format switch. My attendance pattern was a mess: I fell behind and caught up around deadlines, and I felt like the prerequisite assumptions were kinder to people who had seen more Calc before, which made the early weeks feel uneven. Office hours saved me more than once, but I wouldn’t sign up for this again, even if the material did eventually click; it felt like a relief when I finally understood the turning point around the last couple of topics, more by grit than by good structure. Compared to the easier prerequisite, this was a tougher climb, and I still side-eyed the whole setup.",__row_summary__,,False,False,supported 0/1; sentiment 0/1,The declared negative exam fairness label is not directly evidenced by the review.
35,"Calculus II felt like a rusty door finally gets opened, and I trudged through it mid-semester while juggling another heavy class. Prof. Rios’s feedback on the long projects was detailed, but it often came late, which didn’t help with the next deadline, and the exams were high-stakes enough to stress me out. Still, the LMS flow was smooth, and I found value in the office hours when I actually showed up, especially for that one project clarifying a trig substitution method. I’m not sure I’d take it again, but it did push me to relearn some core stuff",relevance,neutral,False,False,The review does not clearly discuss how relevant the course was to goals/major; it mentions relearning core stuff but not relevance explicitly.,Only lecturer_quality aligns well; assessment_design is portrayed negatively and relevance is not clearly addressed.
35,"Calculus II felt like a rusty door finally gets opened, and I trudged through it mid-semester while juggling another heavy class. Prof. Rios’s feedback on the long projects was detailed, but it often came late, which didn’t help with the next deadline, and the exams were high-stakes enough to stress me out. Still, the LMS flow was smooth, and I found value in the office hours when I actually showed up, especially for that one project clarifying a trig substitution method. I’m not sure I’d take it again, but it did push me to relearn some core stuff",assessment_design,neutral,True,False,"The review mentions long projects, late feedback affecting deadlines, and high-stakes exams causing stress, indicating a negative view rather than neutral.",Only lecturer_quality aligns well; assessment_design is portrayed negatively and relevance is not clearly addressed.
35,"Calculus II felt like a rusty door finally gets opened, and I trudged through it mid-semester while juggling another heavy class. Prof. Rios’s feedback on the long projects was detailed, but it often came late, which didn’t help with the next deadline, and the exams were high-stakes enough to stress me out. Still, the LMS flow was smooth, and I found value in the office hours when I actually showed up, especially for that one project clarifying a trig substitution method. I’m not sure I’d take it again, but it did push me to relearn some core stuff",lecturer_quality,positive,True,True,"Prof. Rios is described as giving detailed feedback and office hours were valuable, which supports a generally positive lecturer-quality sentiment despite lateness.",Only lecturer_quality aligns well; assessment_design is portrayed negatively and relevance is not clearly addressed.
35,"Calculus II felt like a rusty door finally gets opened, and I trudged through it mid-semester while juggling another heavy class. Prof. Rios’s feedback on the long projects was detailed, but it often came late, which didn’t help with the next deadline, and the exams were high-stakes enough to stress me out. Still, the LMS flow was smooth, and I found value in the office hours when I actually showed up, especially for that one project clarifying a trig substitution method. I’m not sure I’d take it again, but it did push me to relearn some core stuff",__row_summary__,,False,False,supported 2/3; sentiment 1/3,Only lecturer_quality aligns well; assessment_design is portrayed negatively and relevance is not clearly addressed.
36,"Taking Cyber Security Basics while juggling a full-time job was a weird mix of rough starts and small wins. The lectures were okay, slides serviceable but not memorable, and I found the instructions left a lot of room for interpretation, which didn’t help when I was trying to pace myself around deadlines. The software stack started rough for me—lots of CLI quirks and a noisy IDE—but it got manageable after a couple of late-night tinkering sessions. I fell behind and then caught up around deadlines, which felt like sprinting to catch a bus I knew would leave without me if I slowed down. The assessment mix didn’t always align with what we covered in lectures, so I was often guessing what the grader wanted, even though I learned a lot. One concrete thing I remember is a project that required pulling logs from a simulated network and demonstrating a basic incident response; that part clicked, but the rest left me feeling more stressed than inspired. Overall, it fit my schedule more than my interests, and I’d say I learned a lot, even if I didn’t enjoy the ride.",organization,neutral,True,False,"The reviewer describes unclear instructions, difficulty pacing around deadlines, and assessments not aligning with lectures, indicating poor organization rather than neutral.","The aspect is mentioned, but the review’s tone toward organization is more negative than neutral."
36,"Taking Cyber Security Basics while juggling a full-time job was a weird mix of rough starts and small wins. The lectures were okay, slides serviceable but not memorable, and I found the instructions left a lot of room for interpretation, which didn’t help when I was trying to pace myself around deadlines. The software stack started rough for me—lots of CLI quirks and a noisy IDE—but it got manageable after a couple of late-night tinkering sessions. I fell behind and then caught up around deadlines, which felt like sprinting to catch a bus I knew would leave without me if I slowed down. The assessment mix didn’t always align with what we covered in lectures, so I was often guessing what the grader wanted, even though I learned a lot. One concrete thing I remember is a project that required pulling logs from a simulated network and demonstrating a basic incident response; that part clicked, but the rest left me feeling more stressed than inspired. Overall, it fit my schedule more than my interests, and I’d say I learned a lot, even if I didn’t enjoy the ride.",__row_summary__,,True,False,supported 1/1; sentiment 0/1,"The aspect is mentioned, but the review’s tone toward organization is more negative than neutral."
37,"The OS course in my last semester before graduating was exactly the mix of demanding and useful I expected, and I felt it in small, concrete ways more than in grand statements. The lectures were clear and kept a decent pace, which helped as the software stack started rough but became manageable after a few weeks, especially once I stopped fighting the toolchain and started using it with the TAs during office hours. I came in thinking it’d be a strong fit because I’d heard it’s useful for industry work, and that turned out to be true in a few practical moments—like dragging Git and a containerized testbed into the grading flow—though the grading itself was a thorn: the assignments piled up with tight deadlines and I never quite felt relaxed about a late submission. The prerequisite fit starts accessible but ramps up sharply, and I appreciated how the forums and quick TA replies helped when I hit a sudden roadblock during a midterm-like project. I compared it to the easier prerequisite and found this one more taxing, but the peer interaction stayed mostly neutral and the workload was manageable most weeks, all things considered. Overall, I liked the instructor, disliked the grading quirks, and kept a steady pace through a semester that balanced several hard courses.",lecturer_quality,neutral,True,False,"The review praises instruction: 'lectures were clear' and 'Overall, I liked the instructor,' which is positive rather than neutral.","Peer interaction is labeled faithfully, but lecturer quality and prerequisite fit sentiments are overstated/incorrect relative to the review."
37,"The OS course in my last semester before graduating was exactly the mix of demanding and useful I expected, and I felt it in small, concrete ways more than in grand statements. The lectures were clear and kept a decent pace, which helped as the software stack started rough but became manageable after a few weeks, especially once I stopped fighting the toolchain and started using it with the TAs during office hours. I came in thinking it’d be a strong fit because I’d heard it’s useful for industry work, and that turned out to be true in a few practical moments—like dragging Git and a containerized testbed into the grading flow—though the grading itself was a thorn: the assignments piled up with tight deadlines and I never quite felt relaxed about a late submission. The prerequisite fit starts accessible but ramps up sharply, and I appreciated how the forums and quick TA replies helped when I hit a sudden roadblock during a midterm-like project. I compared it to the easier prerequisite and found this one more taxing, but the peer interaction stayed mostly neutral and the workload was manageable most weeks, all things considered. Overall, I liked the instructor, disliked the grading quirks, and kept a steady pace through a semester that balanced several hard courses.",prerequisite_fit,positive,True,False,"Prerequisite fit is described as 'starts accessible but ramps up sharply' and 'more taxing,' which reads mixed/neutral to negative, not clearly positive.","Peer interaction is labeled faithfully, but lecturer quality and prerequisite fit sentiments are overstated/incorrect relative to the review."
37,"The OS course in my last semester before graduating was exactly the mix of demanding and useful I expected, and I felt it in small, concrete ways more than in grand statements. The lectures were clear and kept a decent pace, which helped as the software stack started rough but became manageable after a few weeks, especially once I stopped fighting the toolchain and started using it with the TAs during office hours. I came in thinking it’d be a strong fit because I’d heard it’s useful for industry work, and that turned out to be true in a few practical moments—like dragging Git and a containerized testbed into the grading flow—though the grading itself was a thorn: the assignments piled up with tight deadlines and I never quite felt relaxed about a late submission. The prerequisite fit starts accessible but ramps up sharply, and I appreciated how the forums and quick TA replies helped when I hit a sudden roadblock during a midterm-like project. I compared it to the easier prerequisite and found this one more taxing, but the peer interaction stayed mostly neutral and the workload was manageable most weeks, all things considered. Overall, I liked the instructor, disliked the grading quirks, and kept a steady pace through a semester that balanced several hard courses.",peer_interaction,neutral,True,True,"The review explicitly says 'the peer interaction stayed mostly neutral,' matching the declared neutral sentiment.","Peer interaction is labeled faithfully, but lecturer quality and prerequisite fit sentiments are overstated/incorrect relative to the review."
37,"The OS course in my last semester before graduating was exactly the mix of demanding and useful I expected, and I felt it in small, concrete ways more than in grand statements. The lectures were clear and kept a decent pace, which helped as the software stack started rough but became manageable after a few weeks, especially once I stopped fighting the toolchain and started using it with the TAs during office hours. I came in thinking it’d be a strong fit because I’d heard it’s useful for industry work, and that turned out to be true in a few practical moments—like dragging Git and a containerized testbed into the grading flow—though the grading itself was a thorn: the assignments piled up with tight deadlines and I never quite felt relaxed about a late submission. The prerequisite fit starts accessible but ramps up sharply, and I appreciated how the forums and quick TA replies helped when I hit a sudden roadblock during a midterm-like project. I compared it to the easier prerequisite and found this one more taxing, but the peer interaction stayed mostly neutral and the workload was manageable most weeks, all things considered. Overall, I liked the instructor, disliked the grading quirks, and kept a steady pace through a semester that balanced several hard courses.",__row_summary__,,True,False,supported 3/3; sentiment 1/3,"Peer interaction is labeled faithfully, but lecturer quality and prerequisite fit sentiments are overstated/incorrect relative to the review."
38,"Machine Learning felt approachable at first, especially the lectures—clear and paced in a way that kept me from zoning out, even with a full-time job looming over my evenings. I’m new to the discipline and the basics were doable, but the software stack started rough for me, cranking up to manageable once I got a feel for the workflow; a couple of late feedback rounds didn’t help when a project skid needed a nudge. Attendance dropped mid-semester as the weeknights piled up, and I found the course works best if you’re in a study group, trading quick tips and code snippets. I’m torn about recommending it; I’m unsure if my understanding truly clicked, yet the pacing and organization did land some solid takeaways.",support,neutral,True,False,"Mentions needing a nudge due to late feedback rounds and that the course works best with a study group, implying support issues rather than neutral.",The review is generally positive about pacing and organization but notes some shortcomings in feedback/support.
38,"Machine Learning felt approachable at first, especially the lectures—clear and paced in a way that kept me from zoning out, even with a full-time job looming over my evenings. I’m new to the discipline and the basics were doable, but the software stack started rough for me, cranking up to manageable once I got a feel for the workflow; a couple of late feedback rounds didn’t help when a project skid needed a nudge. Attendance dropped mid-semester as the weeknights piled up, and I found the course works best if you’re in a study group, trading quick tips and code snippets. I’m torn about recommending it; I’m unsure if my understanding truly clicked, yet the pacing and organization did land some solid takeaways.",pacing,neutral,True,False,"Lectures were 'clear and paced' to keep attention and the pacing 'did land some solid takeaways,' which is positive, not neutral.",The review is generally positive about pacing and organization but notes some shortcomings in feedback/support.
38,"Machine Learning felt approachable at first, especially the lectures—clear and paced in a way that kept me from zoning out, even with a full-time job looming over my evenings. I’m new to the discipline and the basics were doable, but the software stack started rough for me, cranking up to manageable once I got a feel for the workflow; a couple of late feedback rounds didn’t help when a project skid needed a nudge. Attendance dropped mid-semester as the weeknights piled up, and I found the course works best if you’re in a study group, trading quick tips and code snippets. I’m torn about recommending it; I’m unsure if my understanding truly clicked, yet the pacing and organization did land some solid takeaways.",organization,positive,True,True,"States that 'organization did land some solid takeaways,' indicating a positive view of organization.",The review is generally positive about pacing and organization but notes some shortcomings in feedback/support.
38,"Machine Learning felt approachable at first, especially the lectures—clear and paced in a way that kept me from zoning out, even with a full-time job looming over my evenings. I’m new to the discipline and the basics were doable, but the software stack started rough for me, cranking up to manageable once I got a feel for the workflow; a couple of late feedback rounds didn’t help when a project skid needed a nudge. Attendance dropped mid-semester as the weeknights piled up, and I found the course works best if you’re in a study group, trading quick tips and code snippets. I’m torn about recommending it; I’m unsure if my understanding truly clicked, yet the pacing and organization did land some solid takeaways.",__row_summary__,,True,False,supported 3/3; sentiment 1/3,The review is generally positive about pacing and organization but notes some shortcomings in feedback/support.
39,"I took Machine Learning as a required track course, and I stuck with nearly every lecture even though I’m coming from a strong coding background but weak on the theory side. The instructor has a knack for big-picture explanations, but the actual examples felt thin and sometimes felt like they were skimming over the hard parts I was hoping to see demonstrated. The tooling setup, on the other hand, was rough enough to slow me down more than once, and the project-heavy grading with high-stakes exams was a stress pattern I didn’t fully adapt to, especially since the prerequisites feel like they’re best if you already know adjacent material. Still, it did push me to connect coding to models more concretely, and I barely passed after wrestling through most of the term, which has me mildly glad I didn’t bail earlier.",clarity,neutral,True,False,"The instructor’s big-picture explanations are praised, but examples are described as thin and skimming hard parts, implying mixed/negative clarity rather than neutral.","Both aspects are discussed in the review, but the declared sentiments do not align with the expressed opinions."
39,"I took Machine Learning as a required track course, and I stuck with nearly every lecture even though I’m coming from a strong coding background but weak on the theory side. The instructor has a knack for big-picture explanations, but the actual examples felt thin and sometimes felt like they were skimming over the hard parts I was hoping to see demonstrated. The tooling setup, on the other hand, was rough enough to slow me down more than once, and the project-heavy grading with high-stakes exams was a stress pattern I didn’t fully adapt to, especially since the prerequisites feel like they’re best if you already know adjacent material. Still, it did push me to connect coding to models more concretely, and I barely passed after wrestling through most of the term, which has me mildly glad I didn’t bail earlier.",tooling_usability,positive,True,False,"The review says the tooling setup was 'rough' and slowed the student down, which is negative, not positive.","Both aspects are discussed in the review, but the declared sentiments do not align with the expressed opinions."
39,"I took Machine Learning as a required track course, and I stuck with nearly every lecture even though I’m coming from a strong coding background but weak on the theory side. The instructor has a knack for big-picture explanations, but the actual examples felt thin and sometimes felt like they were skimming over the hard parts I was hoping to see demonstrated. The tooling setup, on the other hand, was rough enough to slow me down more than once, and the project-heavy grading with high-stakes exams was a stress pattern I didn’t fully adapt to, especially since the prerequisites feel like they’re best if you already know adjacent material. Still, it did push me to connect coding to models more concretely, and I barely passed after wrestling through most of the term, which has me mildly glad I didn’t bail earlier.",__row_summary__,,True,False,supported 2/2; sentiment 0/2,"Both aspects are discussed in the review, but the declared sentiments do not align with the expressed opinions."
40,"I took Calculus II in the summer term while working full-time, so I appreciated the toolset being fairly usable even with my limited study time. The project-heavy pace plus some high-stakes exams meant I relied a lot on the group work and the few times the team functioned well, we caught each other up on the shared notes and weekly problem sets. The grading rubric felt vague at times, which didn’t help when I tried to gauge what counted toward the final B I earned—exhausting, but fair enough for the effort I could put in. It sometimes felt like students helped each other more than staff did, and the occasional reminder about deadlines was enough to keep me on track, even as tightening pacing wore me down.",tooling_usability,positive,True,True,"The reviewer says they ""appreciated the toolset being fairly usable"" despite limited study time, indicating positive usability.",The declared tooling usability label is clearly supported and matches the review’s positive tone about the toolset.
40,"I took Calculus II in the summer term while working full-time, so I appreciated the toolset being fairly usable even with my limited study time. The project-heavy pace plus some high-stakes exams meant I relied a lot on the group work and the few times the team functioned well, we caught each other up on the shared notes and weekly problem sets. The grading rubric felt vague at times, which didn’t help when I tried to gauge what counted toward the final B I earned—exhausting, but fair enough for the effort I could put in. It sometimes felt like students helped each other more than staff did, and the occasional reminder about deadlines was enough to keep me on track, even as tightening pacing wore me down.",__row_summary__,,True,True,supported 1/1; sentiment 1/1,The declared tooling usability label is clearly supported and matches the review’s positive tone about the toolset.
41,"Taking Cyber Security Basics this year fit my schedule more than my curiosity, but I felt a bit hand-wavy about the grading rubric and the overall pace; I relied on office hours with Prof. Alvarez and the TA for clarity, yet feedback came sparse until it felt late.",assessment_design,neutral,True,False,"The student felt the grading rubric was 'hand-wavy' and feedback was sparse/late, indicating a negative view rather than neutral.","Assessment-related labeling is not faithful, while lecturer quality is broadly supported and positive."
41,"Taking Cyber Security Basics this year fit my schedule more than my curiosity, but I felt a bit hand-wavy about the grading rubric and the overall pace; I relied on office hours with Prof. Alvarez and the TA for clarity, yet feedback came sparse until it felt late.",lecturer_quality,positive,True,True,"They relied on office hours with Prof. Alvarez for clarity, which implies helpfulness/availability despite noting sparse feedback.","Assessment-related labeling is not faithful, while lecturer quality is broadly supported and positive."
41,"Taking Cyber Security Basics this year fit my schedule more than my curiosity, but I felt a bit hand-wavy about the grading rubric and the overall pace; I relied on office hours with Prof. Alvarez and the TA for clarity, yet feedback came sparse until it felt late.",__row_summary__,,True,False,supported 2/2; sentiment 1/2,"Assessment-related labeling is not faithful, while lecturer quality is broadly supported and positive."
42,"This course was a mixed grind for me as a returning student who feels a bit rusty, but I did have enough time at points to catch up before deadlines, which helped a little. The practical work felt more like busywork than real skills I could actually transport to a job, and the heavy focus on reports meant I spent ages polishing documents instead of understanding the network concepts in a usable way. The exam week sticks in my memory more for how fast the scores came back and how thin the explanations were than for any real insight, and the rubric felt vague enough that I wasn’t sure what counted as a good answer. I fell behind with attendance early on and only caught up near the deadlines, which didn’t do wonders for my confidence as a returning student trying to rebuild momentum. Collaboration expectations were murky, and I wish the course had clearer guidance on what the group work actually required beyond “coordinate with others.” One memorable week was the midterm covering routing tables, where I realized I mostly remembered the terms but not the nuance, which sums up the whole thing: a lot of rote content and a few moments that almost clicked, but not enough to feel like real readiness. Overall, I would not take it again, even though some parts did spark a shred of understanding.",practical_application,negative,True,True,The reviewer says the practical work felt like busywork and not transferable job skills.,"The labels fit practical application and exam fairness, but lecturer quality is not directly evidenced in the review."
42,"This course was a mixed grind for me as a returning student who feels a bit rusty, but I did have enough time at points to catch up before deadlines, which helped a little. The practical work felt more like busywork than real skills I could actually transport to a job, and the heavy focus on reports meant I spent ages polishing documents instead of understanding the network concepts in a usable way. The exam week sticks in my memory more for how fast the scores came back and how thin the explanations were than for any real insight, and the rubric felt vague enough that I wasn’t sure what counted as a good answer. I fell behind with attendance early on and only caught up near the deadlines, which didn’t do wonders for my confidence as a returning student trying to rebuild momentum. Collaboration expectations were murky, and I wish the course had clearer guidance on what the group work actually required beyond “coordinate with others.” One memorable week was the midterm covering routing tables, where I realized I mostly remembered the terms but not the nuance, which sums up the whole thing: a lot of rote content and a few moments that almost clicked, but not enough to feel like real readiness. Overall, I would not take it again, even though some parts did spark a shred of understanding.",exam_fairness,negative,True,True,"They describe vague rubrics and thin explanations with fast score returns, implying unfair/unclear assessment.","The labels fit practical application and exam fairness, but lecturer quality is not directly evidenced in the review."
42,"This course was a mixed grind for me as a returning student who feels a bit rusty, but I did have enough time at points to catch up before deadlines, which helped a little. The practical work felt more like busywork than real skills I could actually transport to a job, and the heavy focus on reports meant I spent ages polishing documents instead of understanding the network concepts in a usable way. The exam week sticks in my memory more for how fast the scores came back and how thin the explanations were than for any real insight, and the rubric felt vague enough that I wasn’t sure what counted as a good answer. I fell behind with attendance early on and only caught up near the deadlines, which didn’t do wonders for my confidence as a returning student trying to rebuild momentum. Collaboration expectations were murky, and I wish the course had clearer guidance on what the group work actually required beyond “coordinate with others.” One memorable week was the midterm covering routing tables, where I realized I mostly remembered the terms but not the nuance, which sums up the whole thing: a lot of rote content and a few moments that almost clicked, but not enough to feel like real readiness. Overall, I would not take it again, even though some parts did spark a shred of understanding.",lecturer_quality,negative,False,False,The review criticizes course structure and assessment feedback but does not clearly attribute issues to the lecturer/instructor.,"The labels fit practical application and exam fairness, but lecturer quality is not directly evidenced in the review."
42,"This course was a mixed grind for me as a returning student who feels a bit rusty, but I did have enough time at points to catch up before deadlines, which helped a little. The practical work felt more like busywork than real skills I could actually transport to a job, and the heavy focus on reports meant I spent ages polishing documents instead of understanding the network concepts in a usable way. The exam week sticks in my memory more for how fast the scores came back and how thin the explanations were than for any real insight, and the rubric felt vague enough that I wasn’t sure what counted as a good answer. I fell behind with attendance early on and only caught up near the deadlines, which didn’t do wonders for my confidence as a returning student trying to rebuild momentum. Collaboration expectations were murky, and I wish the course had clearer guidance on what the group work actually required beyond “coordinate with others.” One memorable week was the midterm covering routing tables, where I realized I mostly remembered the terms but not the nuance, which sums up the whole thing: a lot of rote content and a few moments that almost clicked, but not enough to feel like real readiness. Overall, I would not take it again, even though some parts did spark a shred of understanding.",__row_summary__,,False,False,supported 2/3; sentiment 2/3,"The labels fit practical application and exam fairness, but lecturer quality is not directly evidenced in the review."
43,"Cyber Security Basics fit my curiosity, and the accessibility here was real—I could follow lectures okay, even when I was juggling full-time work. However, I felt the prerequisites assumed more background than advertised, and the materials didn’t click for me; some readings felt thin or out of date, and I often wished for clearer, step-by-step notes. Feedback varied a lot by assignment, which didn’t always help when I was chasing deadlines and fallen behind but managed to catch up around big due dates. I relied on office hours and the TA for quick sanity checks, and I appreciated the occasional focused discussion, even if instruction delivery felt uneven week to week. I’ll remember the late-life-cycle risk discussion more than the week-by-week grind.",accessibility,positive,True,True,The reviewer says the course was accessible and they could follow lectures even while working full-time.,"The labels fit for accessibility and materials, but assessment_design is not clearly evidenced by the text."
43,"Cyber Security Basics fit my curiosity, and the accessibility here was real—I could follow lectures okay, even when I was juggling full-time work. However, I felt the prerequisites assumed more background than advertised, and the materials didn’t click for me; some readings felt thin or out of date, and I often wished for clearer, step-by-step notes. Feedback varied a lot by assignment, which didn’t always help when I was chasing deadlines and fallen behind but managed to catch up around big due dates. I relied on office hours and the TA for quick sanity checks, and I appreciated the occasional focused discussion, even if instruction delivery felt uneven week to week. I’ll remember the late-life-cycle risk discussion more than the week-by-week grind.",materials,negative,True,True,"They state the materials didn’t click, readings felt thin/out of date, and they wanted clearer step-by-step notes.","The labels fit for accessibility and materials, but assessment_design is not clearly evidenced by the text."
43,"Cyber Security Basics fit my curiosity, and the accessibility here was real—I could follow lectures okay, even when I was juggling full-time work. However, I felt the prerequisites assumed more background than advertised, and the materials didn’t click for me; some readings felt thin or out of date, and I often wished for clearer, step-by-step notes. Feedback varied a lot by assignment, which didn’t always help when I was chasing deadlines and fallen behind but managed to catch up around big due dates. I relied on office hours and the TA for quick sanity checks, and I appreciated the occasional focused discussion, even if instruction delivery felt uneven week to week. I’ll remember the late-life-cycle risk discussion more than the week-by-week grind.",assessment_design,negative,False,False,"The review mentions feedback varying by assignment and deadline pressure, but does not clearly evaluate the design/structure of assessments themselves.","The labels fit for accessibility and materials, but assessment_design is not clearly evidenced by the text."
43,"Cyber Security Basics fit my curiosity, and the accessibility here was real—I could follow lectures okay, even when I was juggling full-time work. However, I felt the prerequisites assumed more background than advertised, and the materials didn’t click for me; some readings felt thin or out of date, and I often wished for clearer, step-by-step notes. Feedback varied a lot by assignment, which didn’t always help when I was chasing deadlines and fallen behind but managed to catch up around big due dates. I relied on office hours and the TA for quick sanity checks, and I appreciated the occasional focused discussion, even if instruction delivery felt uneven week to week. I’ll remember the late-life-cycle risk discussion more than the week-by-week grind.",__row_summary__,,False,False,supported 2/3; sentiment 2/3,"The labels fit for accessibility and materials, but assessment_design is not clearly evidenced by the text."
44,"Prof. Alvarez delivers clear lectures with decent pacing, and the office hours rescue the course for me, since I relied on recordings and notes. It’s sometimes vague how the rubric translates to points, and the class works best if you already know adjacent material.",difficulty,positive,False,False,"The review implies the class may be hard without prior adjacent knowledge, but it does not clearly state overall difficulty or a positive difficulty assessment.","Only pacing is explicitly discussed, and its sentiment is more positive than the declared neutral label."
44,"Prof. Alvarez delivers clear lectures with decent pacing, and the office hours rescue the course for me, since I relied on recordings and notes. It’s sometimes vague how the rubric translates to points, and the class works best if you already know adjacent material.",pacing,neutral,True,False,"The review says the pacing is ""decent,"" which is mildly positive rather than neutral.","Only pacing is explicitly discussed, and its sentiment is more positive than the declared neutral label."
44,"Prof. Alvarez delivers clear lectures with decent pacing, and the office hours rescue the course for me, since I relied on recordings and notes. It’s sometimes vague how the rubric translates to points, and the class works best if you already know adjacent material.",__row_summary__,,False,False,supported 1/2; sentiment 0/2,"Only pacing is explicitly discussed, and its sentiment is more positive than the declared neutral label."
45,"Overall I’d say it helped me wrap my head around the concepts, but the pace in the summer term felt tight and the examples were thin. I used the materials only when needed, and the emails about deadlines dragged a bit.",organization,neutral,True,False,"The review criticizes course pacing as 'tight' and mentions deadline emails 'dragged,' suggesting a negative view of organization rather than neutral.",The labels are not fully faithful: organization seems negative and lecturer quality is not evidenced.
45,"Overall I’d say it helped me wrap my head around the concepts, but the pace in the summer term felt tight and the examples were thin. I used the materials only when needed, and the emails about deadlines dragged a bit.",lecturer_quality,positive,False,False,"There is no clear mention of the lecturer/instructor; comments focus on concepts, pace, examples, materials, and emails.",The labels are not fully faithful: organization seems negative and lecturer quality is not evidenced.
45,"Overall I’d say it helped me wrap my head around the concepts, but the pace in the summer term felt tight and the examples were thin. I used the materials only when needed, and the emails about deadlines dragged a bit.",__row_summary__,,False,False,supported 1/2; sentiment 0/2,The labels are not fully faithful: organization seems negative and lecturer quality is not evidenced.
46,"I’m new to the discipline and learning the basics, and Data Structures felt like a real first hurdle that somehow also clicked in spots. The toolset was pretty usable once I remembered to save often, and I appreciated the quick online IDE for small practice tasks between evening sessions. The course felt like an introductory service course that assumed a bit more prior exposure than I had, which left me scrambling to keep up during the midweek crunch and wishing the pacing matched the shorter study windows I can fit after work. Grading felt oddly vague—the rubric never quite mapped to what showed up on the tests, and explanations for why a solution scored a certain way were thin, even as the scores came back fast. People helped each other a lot more than staff did in the forums, which was both supportive and a reminder that I had to fill some gaps myself. The prerequisite felt like it set a higher bar, so I compared it a lot to the easier prereq I started with, which colored how I viewed the whole thing. Still, I’d probably land an A after a curve if I keep grinding the core ideas in the evenings.",tooling_usability,positive,True,True,"Mentions the toolset was ""pretty usable"" and appreciated the quick online IDE, despite needing to save often.","Tooling is viewed positively, but course structure/pacing and grading clarity are portrayed negatively."
46,"I’m new to the discipline and learning the basics, and Data Structures felt like a real first hurdle that somehow also clicked in spots. The toolset was pretty usable once I remembered to save often, and I appreciated the quick online IDE for small practice tasks between evening sessions. The course felt like an introductory service course that assumed a bit more prior exposure than I had, which left me scrambling to keep up during the midweek crunch and wishing the pacing matched the shorter study windows I can fit after work. Grading felt oddly vague—the rubric never quite mapped to what showed up on the tests, and explanations for why a solution scored a certain way were thin, even as the scores came back fast. People helped each other a lot more than staff did in the forums, which was both supportive and a reminder that I had to fill some gaps myself. The prerequisite felt like it set a higher bar, so I compared it a lot to the easier prereq I started with, which colored how I viewed the whole thing. Still, I’d probably land an A after a curve if I keep grinding the core ideas in the evenings.",organization,positive,True,False,"Course pacing/assumptions and grading alignment are criticized (scrambling to keep up, pacing mismatch, vague rubric), indicating negative organization rather than positive.","Tooling is viewed positively, but course structure/pacing and grading clarity are portrayed negatively."
46,"I’m new to the discipline and learning the basics, and Data Structures felt like a real first hurdle that somehow also clicked in spots. The toolset was pretty usable once I remembered to save often, and I appreciated the quick online IDE for small practice tasks between evening sessions. The course felt like an introductory service course that assumed a bit more prior exposure than I had, which left me scrambling to keep up during the midweek crunch and wishing the pacing matched the shorter study windows I can fit after work. Grading felt oddly vague—the rubric never quite mapped to what showed up on the tests, and explanations for why a solution scored a certain way were thin, even as the scores came back fast. People helped each other a lot more than staff did in the forums, which was both supportive and a reminder that I had to fill some gaps myself. The prerequisite felt like it set a higher bar, so I compared it a lot to the easier prereq I started with, which colored how I viewed the whole thing. Still, I’d probably land an A after a curve if I keep grinding the core ideas in the evenings.",__row_summary__,,True,False,supported 2/2; sentiment 1/2,"Tooling is viewed positively, but course structure/pacing and grading clarity are portrayed negatively."
47,"Overall, I’d say there’s a sense that this OS course is fine enough to finish, but the organization feels a bit messy for someone juggling a couple of other demanding classes in the final stretch before graduation. Prof. Haddad’s recorded lectures are handy when I’m rusty, but they’re pretty dry, and I end up rewatching sections just to catch a detail for a quiz that weighs heavily. The prerequisites hold up—what we build on makes sense—yet the collaboration expectations feel unclear, so I end up clarifying with teammates only after an awkward start. A single project about a small kernel module stands out, and it’s the most memorable bit, though the pace and cadence of deadlines in the term pattern weren’t helpful for planning. It’s usable, just not particularly smooth.",difficulty,neutral,False,False,"The review discusses messiness, dry lectures, heavy quiz weight, and pacing, but does not clearly state the course is easy/hard overall.","Organization is clearly criticized, while difficulty is not explicitly assessed in the review."
47,"Overall, I’d say there’s a sense that this OS course is fine enough to finish, but the organization feels a bit messy for someone juggling a couple of other demanding classes in the final stretch before graduation. Prof. Haddad’s recorded lectures are handy when I’m rusty, but they’re pretty dry, and I end up rewatching sections just to catch a detail for a quiz that weighs heavily. The prerequisites hold up—what we build on makes sense—yet the collaboration expectations feel unclear, so I end up clarifying with teammates only after an awkward start. A single project about a small kernel module stands out, and it’s the most memorable bit, though the pace and cadence of deadlines in the term pattern weren’t helpful for planning. It’s usable, just not particularly smooth.",organization,negative,True,True,"The student explicitly says the organization feels messy and the deadline cadence wasn’t helpful, indicating negative organization.","Organization is clearly criticized, while difficulty is not explicitly assessed in the review."
47,"Overall, I’d say there’s a sense that this OS course is fine enough to finish, but the organization feels a bit messy for someone juggling a couple of other demanding classes in the final stretch before graduation. Prof. Haddad’s recorded lectures are handy when I’m rusty, but they’re pretty dry, and I end up rewatching sections just to catch a detail for a quiz that weighs heavily. The prerequisites hold up—what we build on makes sense—yet the collaboration expectations feel unclear, so I end up clarifying with teammates only after an awkward start. A single project about a small kernel module stands out, and it’s the most memorable bit, though the pace and cadence of deadlines in the term pattern weren’t helpful for planning. It’s usable, just not particularly smooth.",__row_summary__,,False,False,supported 1/2; sentiment 1/2,"Organization is clearly criticized, while difficulty is not explicitly assessed in the review."
48,"I signed up for Operating Systems hoping to slot it around my short evening study sessions, and I did manage to fit in the lectures, labs, and a late-night debugging sprint here and there, but the rhythm felt uneven week to week. Prof. Cohen is clearly knowledgeable, and the prerequisite material did fill some gaps for me better than I expected, though the instruction delivery sometimes wandered and left me chasing what the point of a assignment or a slide was. The course leaned heavy on a few big projects and high-stakes exams, which pushed me to stay engaged early on, yet my attendance faded mid-semester as evenings got busy, especially after a few stretches where the lectures didn’t connect with the weekly lab tasks. Scores came back quickly, but the explanations were a little thin, so I walked away with a number and not a lot of actionable feedback. I learned a lot, but the whole experience wasn’t exactly enjoyable, and I still remember that early confusion about the memory hierarchy that colored my approach the rest of the term. Overall I’d probably recommend it to others who need the schedule fit, even if it’s not the smoothest ride.",exam_fairness,negative,False,False,The review mentions high-stakes exams but does not comment on whether grading/exams were fair or unfair.,Both declared labels are not clearly grounded in the review’s statements.
48,"I signed up for Operating Systems hoping to slot it around my short evening study sessions, and I did manage to fit in the lectures, labs, and a late-night debugging sprint here and there, but the rhythm felt uneven week to week. Prof. Cohen is clearly knowledgeable, and the prerequisite material did fill some gaps for me better than I expected, though the instruction delivery sometimes wandered and left me chasing what the point of a assignment or a slide was. The course leaned heavy on a few big projects and high-stakes exams, which pushed me to stay engaged early on, yet my attendance faded mid-semester as evenings got busy, especially after a few stretches where the lectures didn’t connect with the weekly lab tasks. Scores came back quickly, but the explanations were a little thin, so I walked away with a number and not a lot of actionable feedback. I learned a lot, but the whole experience wasn’t exactly enjoyable, and I still remember that early confusion about the memory hierarchy that colored my approach the rest of the term. Overall I’d probably recommend it to others who need the schedule fit, even if it’s not the smoothest ride.",support,positive,False,False,"There is no clear discussion of instructor/TA helpfulness or support; quick scores with thin explanations suggests limited feedback, not positive support.",Both declared labels are not clearly grounded in the review’s statements.
48,"I signed up for Operating Systems hoping to slot it around my short evening study sessions, and I did manage to fit in the lectures, labs, and a late-night debugging sprint here and there, but the rhythm felt uneven week to week. Prof. Cohen is clearly knowledgeable, and the prerequisite material did fill some gaps for me better than I expected, though the instruction delivery sometimes wandered and left me chasing what the point of a assignment or a slide was. The course leaned heavy on a few big projects and high-stakes exams, which pushed me to stay engaged early on, yet my attendance faded mid-semester as evenings got busy, especially after a few stretches where the lectures didn’t connect with the weekly lab tasks. Scores came back quickly, but the explanations were a little thin, so I walked away with a number and not a lot of actionable feedback. I learned a lot, but the whole experience wasn’t exactly enjoyable, and I still remember that early confusion about the memory hierarchy that colored my approach the rest of the term. Overall I’d probably recommend it to others who need the schedule fit, even if it’s not the smoothest ride.",__row_summary__,,False,False,supported 0/2; sentiment 0/2,Both declared labels are not clearly grounded in the review’s statements.
49,"This summer term felt like a rush to fit the Database Systems basics into a compressed pace, and I kept hoping the tool setup would pay off, but I found it tedious; still, the lectures helped me see how the prerequisites actually connect.",clarity,positive,False,False,"The review mentions rushed pace, tedious tool setup, and lectures helping connect prerequisites, but it does not clearly comment on how clear or understandable the course/lectures were.",The declared positive clarity label is not clearly grounded in the review text.
49,"This summer term felt like a rush to fit the Database Systems basics into a compressed pace, and I kept hoping the tool setup would pay off, but I found it tedious; still, the lectures helped me see how the prerequisites actually connect.",__row_summary__,,False,False,supported 0/1; sentiment 0/1,The declared positive clarity label is not clearly grounded in the review text.
50,"I started this Machine Learning course in my last semester feeling like I should’ve known more, but the truth is I didn’t. The slides are okay, serviceable but not memorable, and I spent more time fighting with the tooling setup than I’d like to admit, which made the early weeks frustrating. The staff were hard to reach, and in practice classmates helped each other more than anyone from the department did. Quick feedback helped me adjust after a few assignments, but I still feel like the grading was a bit off and left me more tired than satisfied. I liked the instructor, but the overall vibe was a mixed bag, and I’m glad I’m almost done.",overall_experience,neutral,True,False,"The review leans negative overall (frustrating setup, hard-to-reach staff, grading 'a bit off,' 'more tired than satisfied,' glad it's almost done) despite a few positives, so 'neutral' understates the negativity.","Both aspects are discussed, but the overall sentiment is more negative than neutral and feedback quality is portrayed positively, not negatively."
50,"I started this Machine Learning course in my last semester feeling like I should’ve known more, but the truth is I didn’t. The slides are okay, serviceable but not memorable, and I spent more time fighting with the tooling setup than I’d like to admit, which made the early weeks frustrating. The staff were hard to reach, and in practice classmates helped each other more than anyone from the department did. Quick feedback helped me adjust after a few assignments, but I still feel like the grading was a bit off and left me more tired than satisfied. I liked the instructor, but the overall vibe was a mixed bag, and I’m glad I’m almost done.",feedback_quality,negative,True,False,"They explicitly say 'Quick feedback helped me adjust,' which is positive; complaints are more about staff reachability and grading, not feedback quality.","Both aspects are discussed, but the overall sentiment is more negative than neutral and feedback quality is portrayed positively, not negatively."
50,"I started this Machine Learning course in my last semester feeling like I should’ve known more, but the truth is I didn’t. The slides are okay, serviceable but not memorable, and I spent more time fighting with the tooling setup than I’d like to admit, which made the early weeks frustrating. The staff were hard to reach, and in practice classmates helped each other more than anyone from the department did. Quick feedback helped me adjust after a few assignments, but I still feel like the grading was a bit off and left me more tired than satisfied. I liked the instructor, but the overall vibe was a mixed bag, and I’m glad I’m almost done.",__row_summary__,,True,False,supported 2/2; sentiment 0/2,"Both aspects are discussed, but the overall sentiment is more negative than neutral and feedback quality is portrayed positively, not negatively."
51,"I signed up for Cyber Security Basics mostly out of curiosity and because it’s a required course for the track, so I tried to fit study around short evening sessions. The LMS and submission flow were smooth enough, which helped since a lot of weeks had time pressure that was manageable, even when I was juggling other tasks. The material felt relevant and I could see how it fits with adjacent stuff I already know, though the heavy report-heavy workload dragged on and I wished the assessment tempo matched the quick evenings a bit better. Dr. Miller was approachable in office hours, but communication around deadlines could be sloppy, which left me scrambling once or twice.",relevance,positive,True,True,The reviewer says the material felt relevant and fit with adjacent knowledge.,Only relevance is correctly labeled; the other two labels are unsupported or have mismatched sentiment.
51,"I signed up for Cyber Security Basics mostly out of curiosity and because it’s a required course for the track, so I tried to fit study around short evening sessions. The LMS and submission flow were smooth enough, which helped since a lot of weeks had time pressure that was manageable, even when I was juggling other tasks. The material felt relevant and I could see how it fits with adjacent stuff I already know, though the heavy report-heavy workload dragged on and I wished the assessment tempo matched the quick evenings a bit better. Dr. Miller was approachable in office hours, but communication around deadlines could be sloppy, which left me scrambling once or twice.",exam_fairness,negative,False,False,"The review discusses workload, assessment tempo, and deadline communication, but does not mention exams or their fairness.",Only relevance is correctly labeled; the other two labels are unsupported or have mismatched sentiment.
51,"I signed up for Cyber Security Basics mostly out of curiosity and because it’s a required course for the track, so I tried to fit study around short evening sessions. The LMS and submission flow were smooth enough, which helped since a lot of weeks had time pressure that was manageable, even when I was juggling other tasks. The material felt relevant and I could see how it fits with adjacent stuff I already know, though the heavy report-heavy workload dragged on and I wished the assessment tempo matched the quick evenings a bit better. Dr. Miller was approachable in office hours, but communication around deadlines could be sloppy, which left me scrambling once or twice.",tooling_usability,negative,True,False,"They describe the LMS and submission flow as 'smooth enough,' which is mildly positive rather than negative.",Only relevance is correctly labeled; the other two labels are unsupported or have mismatched sentiment.
51,"I signed up for Cyber Security Basics mostly out of curiosity and because it’s a required course for the track, so I tried to fit study around short evening sessions. The LMS and submission flow were smooth enough, which helped since a lot of weeks had time pressure that was manageable, even when I was juggling other tasks. The material felt relevant and I could see how it fits with adjacent stuff I already know, though the heavy report-heavy workload dragged on and I wished the assessment tempo matched the quick evenings a bit better. Dr. Miller was approachable in office hours, but communication around deadlines could be sloppy, which left me scrambling once or twice.",__row_summary__,,False,False,supported 2/3; sentiment 1/3,Only relevance is correctly labeled; the other two labels are unsupported or have mismatched sentiment.
52,"took Database Systems mainly because it’s required for the track, and i juggled it with a full‑time job, relying mostly on recordings and notes. the lectures are helpful but pretty dry, and the fast feedback with sparse explanations didn’t always clear up my confusion on indexing. a concrete moment stuck: the group project’s timeline felt tight and our team finally clicked only after we split tasks by who wasn’t available for live sessions. end of the semester, i can say i learned enough to move on, even if the delivery didn’t spark much enthusiasm.",lecturer_quality,neutral,True,True,"Lectures are described as helpful but pretty dry, which reads as mixed/neutral overall.","Lecturer quality and clarity are discussed (neutral and negative respectively), while tooling usability is not clearly addressed."
52,"took Database Systems mainly because it’s required for the track, and i juggled it with a full‑time job, relying mostly on recordings and notes. the lectures are helpful but pretty dry, and the fast feedback with sparse explanations didn’t always clear up my confusion on indexing. a concrete moment stuck: the group project’s timeline felt tight and our team finally clicked only after we split tasks by who wasn’t available for live sessions. end of the semester, i can say i learned enough to move on, even if the delivery didn’t spark much enthusiasm.",clarity,negative,True,True,"Fast feedback with sparse explanations didn’t clear up confusion on indexing, indicating poor clarity.","Lecturer quality and clarity are discussed (neutral and negative respectively), while tooling usability is not clearly addressed."
52,"took Database Systems mainly because it’s required for the track, and i juggled it with a full‑time job, relying mostly on recordings and notes. the lectures are helpful but pretty dry, and the fast feedback with sparse explanations didn’t always clear up my confusion on indexing. a concrete moment stuck: the group project’s timeline felt tight and our team finally clicked only after we split tasks by who wasn’t available for live sessions. end of the semester, i can say i learned enough to move on, even if the delivery didn’t spark much enthusiasm.",tooling_usability,neutral,False,False,"Mentions recordings and notes, but no evaluative comment about tools/platform usability.","Lecturer quality and clarity are discussed (neutral and negative respectively), while tooling usability is not clearly addressed."
52,"took Database Systems mainly because it’s required for the track, and i juggled it with a full‑time job, relying mostly on recordings and notes. the lectures are helpful but pretty dry, and the fast feedback with sparse explanations didn’t always clear up my confusion on indexing. a concrete moment stuck: the group project’s timeline felt tight and our team finally clicked only after we split tasks by who wasn’t available for live sessions. end of the semester, i can say i learned enough to move on, even if the delivery didn’t spark much enthusiasm.",__row_summary__,,False,False,supported 2/3; sentiment 2/3,"Lecturer quality and clarity are discussed (neutral and negative respectively), while tooling usability is not clearly addressed."
53,"Machine Learning with Dr. Park was rough at first, but I stuck with the materials when I needed them and found the lectures clear enough to keep moving, even though I ended up failing the course while still feeling mixed about it. The software stack was a pain at the start, and some forum replies felt dismissive, but the office hours with one specific meet-up helped me finally sort out a model that produced decent results on a small project.",practical_application,positive,True,True,"Mentions building a model and getting decent results on a small project, implying some applied/practical value.","The review supports negative difficulty and some positive practical application, but provides no evidence about prerequisite fit."
53,"Machine Learning with Dr. Park was rough at first, but I stuck with the materials when I needed them and found the lectures clear enough to keep moving, even though I ended up failing the course while still feeling mixed about it. The software stack was a pain at the start, and some forum replies felt dismissive, but the office hours with one specific meet-up helped me finally sort out a model that produced decent results on a small project.",prerequisite_fit,positive,False,False,"The review does not discuss prior background, preparedness, or whether prerequisites matched the student's level.","The review supports negative difficulty and some positive practical application, but provides no evidence about prerequisite fit."
53,"Machine Learning with Dr. Park was rough at first, but I stuck with the materials when I needed them and found the lectures clear enough to keep moving, even though I ended up failing the course while still feeling mixed about it. The software stack was a pain at the start, and some forum replies felt dismissive, but the office hours with one specific meet-up helped me finally sort out a model that produced decent results on a small project.",difficulty,negative,True,True,"Describes the course as 'rough at first,' a painful software stack, and ultimately failing, indicating high difficulty/negative experience.","The review supports negative difficulty and some positive practical application, but provides no evidence about prerequisite fit."
53,"Machine Learning with Dr. Park was rough at first, but I stuck with the materials when I needed them and found the lectures clear enough to keep moving, even though I ended up failing the course while still feeling mixed about it. The software stack was a pain at the start, and some forum replies felt dismissive, but the office hours with one specific meet-up helped me finally sort out a model that produced decent results on a small project.",__row_summary__,,False,False,supported 2/3; sentiment 2/3,"The review supports negative difficulty and some positive practical application, but provides no evidence about prerequisite fit."
54,"I chose Linear Algebra because it was required for my degree, and I pretty much made it my main focus this term, though the pace was brutal in the summer. The feedback comes fast, but the explanations are skimpy, and I fell behind until deadline week when I finally caught up. The forums can be helpful, but sometimes the replies feel dismissive, and I still liked the instructor even as I disliked the grading. One memorable week was the week of the big project where I realized the adjacent material would have",support,negative,True,True,"Mentions forums are sometimes helpful but replies can be dismissive and explanations are skimpy, indicating overall negative support.","Support is discussed with mixed but overall negative tone, while interest is not clearly stated."
54,"I chose Linear Algebra because it was required for my degree, and I pretty much made it my main focus this term, though the pace was brutal in the summer. The feedback comes fast, but the explanations are skimpy, and I fell behind until deadline week when I finally caught up. The forums can be helpful, but sometimes the replies feel dismissive, and I still liked the instructor even as I disliked the grading. One memorable week was the week of the big project where I realized the adjacent material would have",interest,positive,False,False,"The review focuses on requirement, pace, feedback, and grading; it does not clearly express enjoyment or interest in the course content.","Support is discussed with mixed but overall negative tone, while interest is not clearly stated."
54,"I chose Linear Algebra because it was required for my degree, and I pretty much made it my main focus this term, though the pace was brutal in the summer. The feedback comes fast, but the explanations are skimpy, and I fell behind until deadline week when I finally caught up. The forums can be helpful, but sometimes the replies feel dismissive, and I still liked the instructor even as I disliked the grading. One memorable week was the week of the big project where I realized the adjacent material would have",__row_summary__,,False,False,supported 1/2; sentiment 1/2,"Support is discussed with mixed but overall negative tone, while interest is not clearly stated."
55,"still not sure why calculus II felt designed around printed deadlines more than learning, but i was juggling a full-time job and rusty instincts yes, so the pace hit me hard the first few weeks. Prof. Rios is approachable in office hours, and i appreciate that he answers concrete questions about confusing steps, like how to set up the u-substitution when the chain rule keeps tripping me up. the assignments pile up with tight deadlines, and instructions sometimes leave too much room for interpretation, which adds stress when you’re winging it after a long shift. group work helps when the team actually communicates, and i found myself relying on a teammate to sanity-check thecalculator steps on a midterm review.",difficulty,neutral,True,False,"The reviewer says the pace 'hit me hard,' assignments 'pile up with tight deadlines,' and this 'adds stress,' indicating negative difficulty rather than neutral.","Difficulty is mislabeled as neutral, while accessibility is correctly labeled as positive."
55,"still not sure why calculus II felt designed around printed deadlines more than learning, but i was juggling a full-time job and rusty instincts yes, so the pace hit me hard the first few weeks. Prof. Rios is approachable in office hours, and i appreciate that he answers concrete questions about confusing steps, like how to set up the u-substitution when the chain rule keeps tripping me up. the assignments pile up with tight deadlines, and instructions sometimes leave too much room for interpretation, which adds stress when you’re winging it after a long shift. group work helps when the team actually communicates, and i found myself relying on a teammate to sanity-check thecalculator steps on a midterm review.",accessibility,positive,True,True,"Prof. Rios is described as approachable in office hours and helpful with concrete questions, supporting a positive accessibility label.","Difficulty is mislabeled as neutral, while accessibility is correctly labeled as positive."
55,"still not sure why calculus II felt designed around printed deadlines more than learning, but i was juggling a full-time job and rusty instincts yes, so the pace hit me hard the first few weeks. Prof. Rios is approachable in office hours, and i appreciate that he answers concrete questions about confusing steps, like how to set up the u-substitution when the chain rule keeps tripping me up. the assignments pile up with tight deadlines, and instructions sometimes leave too much room for interpretation, which adds stress when you’re winging it after a long shift. group work helps when the team actually communicates, and i found myself relying on a teammate to sanity-check thecalculator steps on a midterm review.",__row_summary__,,True,False,supported 2/2; sentiment 1/2,"Difficulty is mislabeled as neutral, while accessibility is correctly labeled as positive."
56,"Cyber Security Basics started reachable but sharpened fast, so I relied on recordings and notes and still felt lost at first. Prof. Haddad kept the feedback uneven, yet the report-heavy work helped me see practical crypto/watchlist bits, and office hours rescued the course when deadlines piled up.",clarity,negative,True,True,"The course 'sharpened fast' and the student 'still felt lost at first,' indicating lack of clarity.",Both declared labels are clearly grounded in the review and match the expressed sentiment.
56,"Cyber Security Basics started reachable but sharpened fast, so I relied on recordings and notes and still felt lost at first. Prof. Haddad kept the feedback uneven, yet the report-heavy work helped me see practical crypto/watchlist bits, and office hours rescued the course when deadlines piled up.",practical_application,positive,True,True,"The student says the report-heavy work helped them see 'practical crypto/watchlist bits,' reflecting positive practical application.",Both declared labels are clearly grounded in the review and match the expressed sentiment.
56,"Cyber Security Basics started reachable but sharpened fast, so I relied on recordings and notes and still felt lost at first. Prof. Haddad kept the feedback uneven, yet the report-heavy work helped me see practical crypto/watchlist bits, and office hours rescued the course when deadlines piled up.",__row_summary__,,True,True,supported 2/2; sentiment 2/2,Both declared labels are clearly grounded in the review and match the expressed sentiment.
57,"Machine Learning with Dr. Singh was a mixed bag for me: the pure theory bits clicked pretty well, and I liked how the concepts were explained, but the examples felt thin and I left more confused after some sessions than before. The LMS and submission flow were smooth, which helped when deadlines stacked up in unpredictable bursts, but the timing of feedback was a problem—some assignments came back late, and the quality varied a lot, so it was hard to know what I should really fix for the next task. I’m comfortable with proofs, not so much with getting things to work in practice, so I felt the course skimmed over the concrete, hands-on stuff that would have tied the ideas to something tangible I could iterate on. A small moment sticks: during a week when three due dates collided, the instructor’s note about “focus on the intuition” didn’t quite help me map that intuition to the actual code I needed to write for the project, which felt frustrating. Still, the material felt somewhat useful, even if I didn’t enjoy slogging through it, and the deadlines pattern was a thing I had to brace for.",overall_experience,negative,True,True,"The review is a ""mixed bag"" but emphasizes frustration, confusion, thin examples, late/variable feedback, and not enjoying the slog, which supports an overall negative tilt.","Overall experience is supported as negative, while interest is not clearly expressed and thus the positive label is not faithful."
57,"Machine Learning with Dr. Singh was a mixed bag for me: the pure theory bits clicked pretty well, and I liked how the concepts were explained, but the examples felt thin and I left more confused after some sessions than before. The LMS and submission flow were smooth, which helped when deadlines stacked up in unpredictable bursts, but the timing of feedback was a problem—some assignments came back late, and the quality varied a lot, so it was hard to know what I should really fix for the next task. I’m comfortable with proofs, not so much with getting things to work in practice, so I felt the course skimmed over the concrete, hands-on stuff that would have tied the ideas to something tangible I could iterate on. A small moment sticks: during a week when three due dates collided, the instructor’s note about “focus on the intuition” didn’t quite help me map that intuition to the actual code I needed to write for the project, which felt frustrating. Still, the material felt somewhat useful, even if I didn’t enjoy slogging through it, and the deadlines pattern was a thing I had to brace for.",interest,positive,False,False,"The student says the theory clicked and material was somewhat useful, but does not clearly express being interested/engaged; they also say they didn't enjoy it.","Overall experience is supported as negative, while interest is not clearly expressed and thus the positive label is not faithful."
57,"Machine Learning with Dr. Singh was a mixed bag for me: the pure theory bits clicked pretty well, and I liked how the concepts were explained, but the examples felt thin and I left more confused after some sessions than before. The LMS and submission flow were smooth, which helped when deadlines stacked up in unpredictable bursts, but the timing of feedback was a problem—some assignments came back late, and the quality varied a lot, so it was hard to know what I should really fix for the next task. I’m comfortable with proofs, not so much with getting things to work in practice, so I felt the course skimmed over the concrete, hands-on stuff that would have tied the ideas to something tangible I could iterate on. A small moment sticks: during a week when three due dates collided, the instructor’s note about “focus on the intuition” didn’t quite help me map that intuition to the actual code I needed to write for the project, which felt frustrating. Still, the material felt somewhat useful, even if I didn’t enjoy slogging through it, and the deadlines pattern was a thing I had to brace for.",__row_summary__,,False,False,supported 1/2; sentiment 1/2,"Overall experience is supported as negative, while interest is not clearly expressed and thus the positive label is not faithful."
58,"The lecturer was fine, but the assessment design felt punitive: a handful of big, high-stakes tasks that mattered a lot and didn’t align well with the in-class pace. With a heavy load from other courses, I mostly relied on recordings and notes, and the platform quirks only added stress when deadlines nudged later. By the late-semester turning point, I’d compare this to another course from the term and realize the grading felt uneven, yet I’d still recommend it to others who can juggle",lecturer_quality,neutral,True,True,"The review says 'The lecturer was fine,' indicating a neutral/mildly positive view without strong praise or criticism.",Both aspects are explicitly mentioned and the declared sentiments align with the review.
58,"The lecturer was fine, but the assessment design felt punitive: a handful of big, high-stakes tasks that mattered a lot and didn’t align well with the in-class pace. With a heavy load from other courses, I mostly relied on recordings and notes, and the platform quirks only added stress when deadlines nudged later. By the late-semester turning point, I’d compare this to another course from the term and realize the grading felt uneven, yet I’d still recommend it to others who can juggle",assessment_design,negative,True,True,"Assessment is described as 'punitive,' high-stakes, misaligned with pace, and grading 'uneven,' clearly negative.",Both aspects are explicitly mentioned and the declared sentiments align with the review.
58,"The lecturer was fine, but the assessment design felt punitive: a handful of big, high-stakes tasks that mattered a lot and didn’t align well with the in-class pace. With a heavy load from other courses, I mostly relied on recordings and notes, and the platform quirks only added stress when deadlines nudged later. By the late-semester turning point, I’d compare this to another course from the term and realize the grading felt uneven, yet I’d still recommend it to others who can juggle",__row_summary__,,True,True,supported 2/2; sentiment 2/2,Both aspects are explicitly mentioned and the declared sentiments align with the review.
59,"Taking Linear Algebra in my first semester, I went in with a strong coding background but pretty weak theory, and Dr. Singh kept things demanding without drowning us in abstractions. The course is very assignment-heavy, with frequent deadlines that push you to stay on a rhythm, and I appreciate how the forums helped when I got stuck—though sometimes I sensed a bit of dismissiveness there, which was frustrating. The structure mostly separates us for solo work, so I relied a lot on my own notes, and I remember an early moment when I mistook a vector space concept and the whole term framing clicked only after a concrete coding example I built in a notebook. It’s tougher than the prerequisite I had, but the difficulty feels like progress, not punishment.",feedback_quality,positive,True,False,"The student appreciates the forums helped when stuck but also notes dismissiveness that was frustrating, making the overall sentiment mixed rather than clearly positive.","Difficulty is labeled faithfully, but feedback quality is more mixed than positive."
59,"Taking Linear Algebra in my first semester, I went in with a strong coding background but pretty weak theory, and Dr. Singh kept things demanding without drowning us in abstractions. The course is very assignment-heavy, with frequent deadlines that push you to stay on a rhythm, and I appreciate how the forums helped when I got stuck—though sometimes I sensed a bit of dismissiveness there, which was frustrating. The structure mostly separates us for solo work, so I relied a lot on my own notes, and I remember an early moment when I mistook a vector space concept and the whole term framing clicked only after a concrete coding example I built in a notebook. It’s tougher than the prerequisite I had, but the difficulty feels like progress, not punishment.",difficulty,positive,True,True,"They describe the course as tougher and demanding, but explicitly frame the difficulty as progress and 'not punishment,' indicating a positive view of difficulty.","Difficulty is labeled faithfully, but feedback quality is more mixed than positive."
59,"Taking Linear Algebra in my first semester, I went in with a strong coding background but pretty weak theory, and Dr. Singh kept things demanding without drowning us in abstractions. The course is very assignment-heavy, with frequent deadlines that push you to stay on a rhythm, and I appreciate how the forums helped when I got stuck—though sometimes I sensed a bit of dismissiveness there, which was frustrating. The structure mostly separates us for solo work, so I relied a lot on my own notes, and I remember an early moment when I mistook a vector space concept and the whole term framing clicked only after a concrete coding example I built in a notebook. It’s tougher than the prerequisite I had, but the difficulty feels like progress, not punishment.",__row_summary__,,True,False,supported 2/2; sentiment 1/2,"Difficulty is labeled faithfully, but feedback quality is more mixed than positive."
60,"The Operating Systems course was a rough start for me as a beginner juggling full‑time work, but the forums helped when I was stuck on process scheduling; I barely passed because feedback felt late, and the software stack got smoother once I learned the basics.",peer_interaction,neutral,True,False,"Forums helped when stuck, indicating a positive experience rather than neutral.","Two labels are supported but their sentiments are off, and the materials aspect is not evidenced in the review."
60,"The Operating Systems course was a rough start for me as a beginner juggling full‑time work, but the forums helped when I was stuck on process scheduling; I barely passed because feedback felt late, and the software stack got smoother once I learned the basics.",tooling_usability,neutral,True,False,"The software stack 'got smoother once I learned the basics,' which is mildly positive/improving rather than neutral.","Two labels are supported but their sentiments are off, and the materials aspect is not evidenced in the review."
60,"The Operating Systems course was a rough start for me as a beginner juggling full‑time work, but the forums helped when I was stuck on process scheduling; I barely passed because feedback felt late, and the software stack got smoother once I learned the basics.",materials,positive,False,False,"No clear mention of course materials/content quality; only forums, feedback timing, and software stack are discussed.","Two labels are supported but their sentiments are off, and the materials aspect is not evidenced in the review."
60,"The Operating Systems course was a rough start for me as a beginner juggling full‑time work, but the forums helped when I was stuck on process scheduling; I barely passed because feedback felt late, and the software stack got smoother once I learned the basics.",__row_summary__,,False,False,supported 2/3; sentiment 0/3,"Two labels are supported but their sentiments are off, and the materials aspect is not evidenced in the review."
61,"I like that the course organized stuff well, but the peer discussion helped me more than the official materials, and timing on grading comments felt slow; still, Dr. Chen builds on the prerequisites, and the project on eigenfaces was memorable, even if motivation drifted.",peer_interaction,negative,True,False,"The student says peer discussion helped more than official materials, which is positive rather than negative.",Two of the three declared sentiments conflict with the review’s expressed tone.
61,"I like that the course organized stuff well, but the peer discussion helped me more than the official materials, and timing on grading comments felt slow; still, Dr. Chen builds on the prerequisites, and the project on eigenfaces was memorable, even if motivation drifted.",organization,positive,True,True,They explicitly like that the course organized stuff well.,Two of the three declared sentiments conflict with the review’s expressed tone.
61,"I like that the course organized stuff well, but the peer discussion helped me more than the official materials, and timing on grading comments felt slow; still, Dr. Chen builds on the prerequisites, and the project on eigenfaces was memorable, even if motivation drifted.",feedback_quality,neutral,True,False,"They say grading comments felt slow, indicating negative feedback timeliness rather than neutral.",Two of the three declared sentiments conflict with the review’s expressed tone.
61,"I like that the course organized stuff well, but the peer discussion helped me more than the official materials, and timing on grading comments felt slow; still, Dr. Chen builds on the prerequisites, and the project on eigenfaces was memorable, even if motivation drifted.",__row_summary__,,True,False,supported 3/3; sentiment 1/3,Two of the three declared sentiments conflict with the review’s expressed tone.
62,"I started off really into the idea that this Machine Learning course would be useful for real work, but as the semester wore on I found myself losing steam and attendance started to fade, even though I kept coding along at home. Dr. Chen is quick with feedback and you can adjust things fast, which helped a lot early on, but the exams felt like a trap—high-stakes and not clearly aligned with the project work, which left me frustrated and a bit wary about how my efforts would actually pay off. I have a strong coding background but weaker theory, so I leaned on hands-on parts, yet the big project kept throwing curveballs that didn’t always match what the rubric hinted at; the grading rubric itself felt vague enough to make me second-guess what mattered. A late-semester turning point came when I had to defend a model in front of peers and realized I’d learned a ton of practical tricks, even if I didn’t love the overall vibe of the exam fairness. The LMS and submission flow stayed smooth, and the quick turnaround on feedback helped me iterate, but I’m still unsure whether I’d recommend taking it if you’re mainly chasing a tidy, theory-heavy payoff.",exam_fairness,negative,True,True,"The reviewer calls exams 'a trap,' high-stakes, misaligned with project work, and dislikes the 'vibe of the exam fairness,' indicating negative exam fairness.",Both declared aspect sentiments are clearly supported by the review and match the expressed polarity.
62,"I started off really into the idea that this Machine Learning course would be useful for real work, but as the semester wore on I found myself losing steam and attendance started to fade, even though I kept coding along at home. Dr. Chen is quick with feedback and you can adjust things fast, which helped a lot early on, but the exams felt like a trap—high-stakes and not clearly aligned with the project work, which left me frustrated and a bit wary about how my efforts would actually pay off. I have a strong coding background but weaker theory, so I leaned on hands-on parts, yet the big project kept throwing curveballs that didn’t always match what the rubric hinted at; the grading rubric itself felt vague enough to make me second-guess what mattered. A late-semester turning point came when I had to defend a model in front of peers and realized I’d learned a ton of practical tricks, even if I didn’t love the overall vibe of the exam fairness. The LMS and submission flow stayed smooth, and the quick turnaround on feedback helped me iterate, but I’m still unsure whether I’d recommend taking it if you’re mainly chasing a tidy, theory-heavy payoff.",interest,negative,True,True,"They say they started excited but 'losing steam' and attendance faded, reflecting an overall decline in interest (negative).",Both declared aspect sentiments are clearly supported by the review and match the expressed polarity.
62,"I started off really into the idea that this Machine Learning course would be useful for real work, but as the semester wore on I found myself losing steam and attendance started to fade, even though I kept coding along at home. Dr. Chen is quick with feedback and you can adjust things fast, which helped a lot early on, but the exams felt like a trap—high-stakes and not clearly aligned with the project work, which left me frustrated and a bit wary about how my efforts would actually pay off. I have a strong coding background but weaker theory, so I leaned on hands-on parts, yet the big project kept throwing curveballs that didn’t always match what the rubric hinted at; the grading rubric itself felt vague enough to make me second-guess what mattered. A late-semester turning point came when I had to defend a model in front of peers and realized I’d learned a ton of practical tricks, even if I didn’t love the overall vibe of the exam fairness. The LMS and submission flow stayed smooth, and the quick turnaround on feedback helped me iterate, but I’m still unsure whether I’d recommend taking it if you’re mainly chasing a tidy, theory-heavy payoff.",__row_summary__,,True,True,supported 2/2; sentiment 2/2,Both declared aspect sentiments are clearly supported by the review and match the expressed polarity.
63,"Data Structures had me genuinely curious about how everything clicks, but I mostly relied on recordings and notes to keep up. The TAs were quick to respond and gave practical tips, which helped when I started trying to implement a red-black tree for a small project in a late-semester crunch. I learned a lot, yet I left feeling frustrated by how the assessments didn’t always align with what we covered in lectures—the mix between quizzes and long essays plus coding tasks felt off. I dragged myself through a few late-night problem sets that required looping through multiple data structure variants, and a turning point around week eight finally clicked the idea that the course was really about thinking in terms of invariants. Overall, I’m glad I stuck with it, even if the ride was uneven.",peer_interaction,positive,False,False,"The review discusses TAs being responsive, but does not mention interaction with peers/classmates.","The declared peer_interaction label is not faithful because the review only mentions TA support, not peer interaction."
63,"Data Structures had me genuinely curious about how everything clicks, but I mostly relied on recordings and notes to keep up. The TAs were quick to respond and gave practical tips, which helped when I started trying to implement a red-black tree for a small project in a late-semester crunch. I learned a lot, yet I left feeling frustrated by how the assessments didn’t always align with what we covered in lectures—the mix between quizzes and long essays plus coding tasks felt off. I dragged myself through a few late-night problem sets that required looping through multiple data structure variants, and a turning point around week eight finally clicked the idea that the course was really about thinking in terms of invariants. Overall, I’m glad I stuck with it, even if the ride was uneven.",__row_summary__,,False,False,supported 0/1; sentiment 0/1,"The declared peer_interaction label is not faithful because the review only mentions TA support, not peer interaction."
64,"I kept up with nearly every lecture, but I took the introductory Machine Learning course mainly because it fit my schedule more than because I was excited about the topic. Early on I stumbled over a concept that I’m sure I’ll forget soon, and that misstep colored the rest of the term; the rest of the term dragged on under deadlines that piled up uncomfortably. Peer discussions helped more than the official materials, and the platform quirks kept adding unnecessary stress.",relevance,negative,False,False,"The student says they took the course mainly because it fit their schedule rather than interest, but they do not explicitly judge the course as irrelevant or mismatched to their needs.",The declared negative relevance label is not clearly grounded in an explicit relevance statement in the review.
64,"I kept up with nearly every lecture, but I took the introductory Machine Learning course mainly because it fit my schedule more than because I was excited about the topic. Early on I stumbled over a concept that I’m sure I’ll forget soon, and that misstep colored the rest of the term; the rest of the term dragged on under deadlines that piled up uncomfortably. Peer discussions helped more than the official materials, and the platform quirks kept adding unnecessary stress.",__row_summary__,,False,False,supported 0/1; sentiment 0/1,The declared negative relevance label is not clearly grounded in an explicit relevance statement in the review.
65,"So, I took Operating Systems mainly because it’s required for the degree, and I’m in the thick of a heavy semester, which makes the course feel more single-minded than I’d like. Prof. Cohen is solid, but the feedback quality varies a lot by assignment, and the forums can be helpful yet at times feel a bit dismissive; I remember one office-hours session where a TA walked me through a tricky process for the project, which helped more than the official notes. The platform quirks stress me",accessibility,positive,False,False,"The review mentions forums, office hours, and platform quirks, but does not clearly evaluate course accessibility (e.g., accommodations, availability of materials, ease of access) positively.","The declared labels are not clearly grounded in the review text, and where related content exists it does not match the stated sentiments."
65,"So, I took Operating Systems mainly because it’s required for the degree, and I’m in the thick of a heavy semester, which makes the course feel more single-minded than I’d like. Prof. Cohen is solid, but the feedback quality varies a lot by assignment, and the forums can be helpful yet at times feel a bit dismissive; I remember one office-hours session where a TA walked me through a tricky process for the project, which helped more than the official notes. The platform quirks stress me",assessment_design,neutral,False,False,"It notes feedback quality varies by assignment, but does not discuss the design/structure of assessments themselves (fairness, workload, rubric, exam/project design).","The declared labels are not clearly grounded in the review text, and where related content exists it does not match the stated sentiments."
65,"So, I took Operating Systems mainly because it’s required for the degree, and I’m in the thick of a heavy semester, which makes the course feel more single-minded than I’d like. Prof. Cohen is solid, but the feedback quality varies a lot by assignment, and the forums can be helpful yet at times feel a bit dismissive; I remember one office-hours session where a TA walked me through a tricky process for the project, which helped more than the official notes. The platform quirks stress me",__row_summary__,,False,False,supported 0/2; sentiment 0/2,"The declared labels are not clearly grounded in the review text, and where related content exists it does not match the stated sentiments."
66,"Taking Data Structures with Dr. Miller last term as my main focus course was a rough ride; the organization felt scattered, with weekly announcements that arrived late and deadlines that moved around more than a schedule change in a lab. The design of assessments left me flipping between “this makes sense” and “how do we even stage this?” faster than the topics changed, and the grading window often felt like a narrow squeeze right when I was already juggling other core classes. The lectures were uneven week to week—some days he covered the material crisply, other days I left wondering what the point of the exercise was, which didn’t help when I was under time pressure but still managed to keep up enough to not bomb the tests. Yet office hours saved the course for me; when I showed up with a specific data structure problem from a project, a quick walk-through helped a lot, and the quick feedback loop did let me adjust in time. The course works better if you have a study group, honestly, because explaining concepts to others in the room kept me moving, even if I couldn’t rely on a tight, steady path from week to week. I would not take it again, even though it helped in spots, and I’m not sure I’d say it was worth the effort as a whole.",organization,negative,True,True,"The reviewer says the course organization felt scattered, announcements were late, and deadlines moved around.","Organization and assessment negativity are supported, but an 'interest' label is not clearly evidenced in the text."
66,"Taking Data Structures with Dr. Miller last term as my main focus course was a rough ride; the organization felt scattered, with weekly announcements that arrived late and deadlines that moved around more than a schedule change in a lab. The design of assessments left me flipping between “this makes sense” and “how do we even stage this?” faster than the topics changed, and the grading window often felt like a narrow squeeze right when I was already juggling other core classes. The lectures were uneven week to week—some days he covered the material crisply, other days I left wondering what the point of the exercise was, which didn’t help when I was under time pressure but still managed to keep up enough to not bomb the tests. Yet office hours saved the course for me; when I showed up with a specific data structure problem from a project, a quick walk-through helped a lot, and the quick feedback loop did let me adjust in time. The course works better if you have a study group, honestly, because explaining concepts to others in the room kept me moving, even if I couldn’t rely on a tight, steady path from week to week. I would not take it again, even though it helped in spots, and I’m not sure I’d say it was worth the effort as a whole.",assessment_design,negative,True,True,They describe assessment design as confusing/unstable ('how do we even stage this?') and mention a tight grading window adding pressure.,"Organization and assessment negativity are supported, but an 'interest' label is not clearly evidenced in the text."
66,"Taking Data Structures with Dr. Miller last term as my main focus course was a rough ride; the organization felt scattered, with weekly announcements that arrived late and deadlines that moved around more than a schedule change in a lab. The design of assessments left me flipping between “this makes sense” and “how do we even stage this?” faster than the topics changed, and the grading window often felt like a narrow squeeze right when I was already juggling other core classes. The lectures were uneven week to week—some days he covered the material crisply, other days I left wondering what the point of the exercise was, which didn’t help when I was under time pressure but still managed to keep up enough to not bomb the tests. Yet office hours saved the course for me; when I showed up with a specific data structure problem from a project, a quick walk-through helped a lot, and the quick feedback loop did let me adjust in time. The course works better if you have a study group, honestly, because explaining concepts to others in the room kept me moving, even if I couldn’t rely on a tight, steady path from week to week. I would not take it again, even though it helped in spots, and I’m not sure I’d say it was worth the effort as a whole.",interest,negative,False,False,"The review focuses on logistics, assessment, lectures, and support; it does not clearly state whether the course was interesting or engaging.","Organization and assessment negativity are supported, but an 'interest' label is not clearly evidenced in the text."
66,"Taking Data Structures with Dr. Miller last term as my main focus course was a rough ride; the organization felt scattered, with weekly announcements that arrived late and deadlines that moved around more than a schedule change in a lab. The design of assessments left me flipping between “this makes sense” and “how do we even stage this?” faster than the topics changed, and the grading window often felt like a narrow squeeze right when I was already juggling other core classes. The lectures were uneven week to week—some days he covered the material crisply, other days I left wondering what the point of the exercise was, which didn’t help when I was under time pressure but still managed to keep up enough to not bomb the tests. Yet office hours saved the course for me; when I showed up with a specific data structure problem from a project, a quick walk-through helped a lot, and the quick feedback loop did let me adjust in time. The course works better if you have a study group, honestly, because explaining concepts to others in the room kept me moving, even if I couldn’t rely on a tight, steady path from week to week. I would not take it again, even though it helped in spots, and I’m not sure I’d say it was worth the effort as a whole.",__row_summary__,,False,False,supported 2/3; sentiment 2/3,"Organization and assessment negativity are supported, but an 'interest' label is not clearly evidenced in the text."
67,"took Computer Networks as my main focus this term, and its difficulty was tougher than I expected given my full-time job; i mostly relied on recordings and notes, and the tooling setup was frustrating. office hours helped once, but the forums could feel dismissive.",difficulty,negative,True,True,"The reviewer says the course difficulty was tougher than expected, indicating a negative experience with difficulty.","Difficulty is clearly discussed and negative, while prerequisite fit is not addressed in the text."
67,"took Computer Networks as my main focus this term, and its difficulty was tougher than I expected given my full-time job; i mostly relied on recordings and notes, and the tooling setup was frustrating. office hours helped once, but the forums could feel dismissive.",prerequisite_fit,neutral,False,False,"The review does not mention prior preparation, prerequisites, or whether the course matched the student's background.","Difficulty is clearly discussed and negative, while prerequisite fit is not addressed in the text."
67,"took Computer Networks as my main focus this term, and its difficulty was tougher than I expected given my full-time job; i mostly relied on recordings and notes, and the tooling setup was frustrating. office hours helped once, but the forums could feel dismissive.",__row_summary__,,False,False,supported 1/2; sentiment 1/2,"Difficulty is clearly discussed and negative, while prerequisite fit is not addressed in the text."
68,"Cyber Security Basics was mostly useful when I actually dug into the lab notes and 사례 snippets right before a short evening session. I appreciated the practical applications and how the material clicked when I worked through a quick incident trace, but the heavy emphasis on reports and the time sink of documentation felt endless, especially since I was juggling another hard class. The platform quirks and some unclear collaboration expectations plus the staff's slower responses pushed me to rely on my peers more than official support, which was fine but left me wondering about the grading curve and the exact criteria. I’d recommend it only if you’re prepared to fit it around busy evenings and expect to spend extra time on the writeups.",practical_application,positive,True,True,The reviewer says they appreciated the practical applications and that the material clicked when working through an incident trace.,"Practical application is clearly praised, while exam fairness is not actually addressed beyond vague grading ambiguity."
68,"Cyber Security Basics was mostly useful when I actually dug into the lab notes and 사례 snippets right before a short evening session. I appreciated the practical applications and how the material clicked when I worked through a quick incident trace, but the heavy emphasis on reports and the time sink of documentation felt endless, especially since I was juggling another hard class. The platform quirks and some unclear collaboration expectations plus the staff's slower responses pushed me to rely on my peers more than official support, which was fine but left me wondering about the grading curve and the exact criteria. I’d recommend it only if you’re prepared to fit it around busy evenings and expect to spend extra time on the writeups.",exam_fairness,negative,False,False,"The review mentions uncertainty about grading criteria and a grading curve, but does not discuss exams or their fairness.","Practical application is clearly praised, while exam fairness is not actually addressed beyond vague grading ambiguity."
68,"Cyber Security Basics was mostly useful when I actually dug into the lab notes and 사례 snippets right before a short evening session. I appreciated the practical applications and how the material clicked when I worked through a quick incident trace, but the heavy emphasis on reports and the time sink of documentation felt endless, especially since I was juggling another hard class. The platform quirks and some unclear collaboration expectations plus the staff's slower responses pushed me to rely on my peers more than official support, which was fine but left me wondering about the grading curve and the exact criteria. I’d recommend it only if you’re prepared to fit it around busy evenings and expect to spend extra time on the writeups.",__row_summary__,,False,False,supported 1/2; sentiment 1/2,"Practical application is clearly praised, while exam fairness is not actually addressed beyond vague grading ambiguity."
69,"Taking Database Systems was something I did mostly to fit the schedule more than out of interest, and it felt like I spent the term chugging through it as the middle of a brutal workload. The lectures were clear enough to follow, but the professor’s explanations often missed the practical wiggle room, and the grading comments came way after the fact, which left me chasing tweaks rather than learning. Office hours helped rescue the course, though the tool setup for the labs felt like a waste of time relative to the payoff.",clarity,neutral,True,True,"The review says the lectures were 'clear enough to follow,' which aligns with a neutral/mildly positive clarity assessment.","Two labels are grounded in the text, but exam fairness is not discussed in the review."
69,"Taking Database Systems was something I did mostly to fit the schedule more than out of interest, and it felt like I spent the term chugging through it as the middle of a brutal workload. The lectures were clear enough to follow, but the professor’s explanations often missed the practical wiggle room, and the grading comments came way after the fact, which left me chasing tweaks rather than learning. Office hours helped rescue the course, though the tool setup for the labs felt like a waste of time relative to the payoff.",lecturer_quality,negative,True,True,"The professor’s explanations are criticized for missing practical applicability and feedback timing is poor, supporting an overall negative view.","Two labels are grounded in the text, but exam fairness is not discussed in the review."
69,"Taking Database Systems was something I did mostly to fit the schedule more than out of interest, and it felt like I spent the term chugging through it as the middle of a brutal workload. The lectures were clear enough to follow, but the professor’s explanations often missed the practical wiggle room, and the grading comments came way after the fact, which left me chasing tweaks rather than learning. Office hours helped rescue the course, though the tool setup for the labs felt like a waste of time relative to the payoff.",exam_fairness,negative,False,False,There is no mention of exams or their fairness; the complaints are about grading comments/feedback delays and labs.,"Two labels are grounded in the text, but exam fairness is not discussed in the review."
69,"Taking Database Systems was something I did mostly to fit the schedule more than out of interest, and it felt like I spent the term chugging through it as the middle of a brutal workload. The lectures were clear enough to follow, but the professor’s explanations often missed the practical wiggle room, and the grading comments came way after the fact, which left me chasing tweaks rather than learning. Office hours helped rescue the course, though the tool setup for the labs felt like a waste of time relative to the payoff.",__row_summary__,,False,False,supported 2/3; sentiment 2/3,"Two labels are grounded in the text, but exam fairness is not discussed in the review."
70,"I kept up with nearly every lecture in Database Systems, and the workload felt doable even though my motivation was patchy at times. Dr. Chen explains concepts clearly, and the quick feedback helped me adjust sections of my report-heavy assignments, but the examples sometimes felt thin for grounding the theory I’m weaker in. A concrete quirk: the deadline pattern for the mini-projects tended to cluster and stress time, though I appreciated how it lined up with the quick-turn feedback. Overall it built nicely on prerequisites, even if I found the theory side tougher to connect.",workload,positive,True,False,"Workload is described as doable, but deadline clustering caused stress; overall sentiment is mixed rather than purely positive.",Only feedback_quality is clearly positive; workload is mixed and relevance is not explicitly addressed.
70,"I kept up with nearly every lecture in Database Systems, and the workload felt doable even though my motivation was patchy at times. Dr. Chen explains concepts clearly, and the quick feedback helped me adjust sections of my report-heavy assignments, but the examples sometimes felt thin for grounding the theory I’m weaker in. A concrete quirk: the deadline pattern for the mini-projects tended to cluster and stress time, though I appreciated how it lined up with the quick-turn feedback. Overall it built nicely on prerequisites, even if I found the theory side tougher to connect.",relevance,neutral,False,False,"The review discusses prerequisites and theory connection, but not relevance to goals/career or why the course is relevant.",Only feedback_quality is clearly positive; workload is mixed and relevance is not explicitly addressed.
70,"I kept up with nearly every lecture in Database Systems, and the workload felt doable even though my motivation was patchy at times. Dr. Chen explains concepts clearly, and the quick feedback helped me adjust sections of my report-heavy assignments, but the examples sometimes felt thin for grounding the theory I’m weaker in. A concrete quirk: the deadline pattern for the mini-projects tended to cluster and stress time, though I appreciated how it lined up with the quick-turn feedback. Overall it built nicely on prerequisites, even if I found the theory side tougher to connect.",feedback_quality,positive,True,True,"Mentions quick feedback that helped adjust assignments, indicating positive feedback quality.",Only feedback_quality is clearly positive; workload is mixed and relevance is not explicitly addressed.
70,"I kept up with nearly every lecture in Database Systems, and the workload felt doable even though my motivation was patchy at times. Dr. Chen explains concepts clearly, and the quick feedback helped me adjust sections of my report-heavy assignments, but the examples sometimes felt thin for grounding the theory I’m weaker in. A concrete quirk: the deadline pattern for the mini-projects tended to cluster and stress time, though I appreciated how it lined up with the quick-turn feedback. Overall it built nicely on prerequisites, even if I found the theory side tougher to connect.",__row_summary__,,False,False,supported 2/3; sentiment 1/3,Only feedback_quality is clearly positive; workload is mixed and relevance is not explicitly addressed.
71,"I took Linear Algebra mid-program, juggling it with a full-time job, and it felt like I was constantly chasing the room to catch up. Dr. Chen’s explanations were solid on the concepts, but the real gaps showed up in the examples—they were thin, and I kept staring at notes trying to map the theory to a problem I actually cared about for the specialization. The TAs were responsive and practical when I did reach out, which helped a little, but feedback came sparse until it felt almost too late to adjust. The assessment mix never quite clicked with the lectures, and I barely scraped a pass after wrestling through most of the term; it’s hard to call it value-added when I’m still wondering what I could have done differently.",support,negative,True,False,"The review describes TAs as responsive and practical (positive) but also says feedback was sparse and came too late (negative), making support mixed rather than clearly negative.","One label is mis-sentimented due to mixed evidence, and the other aspect is not evidenced in the text."
71,"I took Linear Algebra mid-program, juggling it with a full-time job, and it felt like I was constantly chasing the room to catch up. Dr. Chen’s explanations were solid on the concepts, but the real gaps showed up in the examples—they were thin, and I kept staring at notes trying to map the theory to a problem I actually cared about for the specialization. The TAs were responsive and practical when I did reach out, which helped a little, but feedback came sparse until it felt almost too late to adjust. The assessment mix never quite clicked with the lectures, and I barely scraped a pass after wrestling through most of the term; it’s hard to call it value-added when I’m still wondering what I could have done differently.",peer_interaction,neutral,False,False,"There is no mention of classmates, group work, or interactions with peers; only instructor and TAs are discussed.","One label is mis-sentimented due to mixed evidence, and the other aspect is not evidenced in the text."
71,"I took Linear Algebra mid-program, juggling it with a full-time job, and it felt like I was constantly chasing the room to catch up. Dr. Chen’s explanations were solid on the concepts, but the real gaps showed up in the examples—they were thin, and I kept staring at notes trying to map the theory to a problem I actually cared about for the specialization. The TAs were responsive and practical when I did reach out, which helped a little, but feedback came sparse until it felt almost too late to adjust. The assessment mix never quite clicked with the lectures, and I barely scraped a pass after wrestling through most of the term; it’s hard to call it value-added when I’m still wondering what I could have done differently.",__row_summary__,,False,False,supported 1/2; sentiment 0/2,"One label is mis-sentimented due to mixed evidence, and the other aspect is not evidenced in the text."
72,"I’m wrapping up the last semester with Database Systems, and I’m not sure the grade reflects my own understanding after juggling work and two other tough courses. The recorded lectures help, but I found the collaboration rules and forums a bit murky, and mid-semester attendance faded for me.",lecturer_quality,neutral,False,False,The review mentions recorded lectures being helpful but does not evaluate the lecturer or teaching quality directly.,"Both declared aspects are not clearly discussed in the review, so the labels are not well grounded."
72,"I’m wrapping up the last semester with Database Systems, and I’m not sure the grade reflects my own understanding after juggling work and two other tough courses. The recorded lectures help, but I found the collaboration rules and forums a bit murky, and mid-semester attendance faded for me.",pacing,neutral,False,False,There is no clear comment on course speed/workload pacing beyond the student's personal time constraints and attendance fading.,"Both declared aspects are not clearly discussed in the review, so the labels are not well grounded."
72,"I’m wrapping up the last semester with Database Systems, and I’m not sure the grade reflects my own understanding after juggling work and two other tough courses. The recorded lectures help, but I found the collaboration rules and forums a bit murky, and mid-semester attendance faded for me.",__row_summary__,,False,False,supported 0/2; sentiment 0/2,"Both declared aspects are not clearly discussed in the review, so the labels are not well grounded."
73,"Database Systems in my first semester was solid but exhausting: I kept up with nearly every lecture, and the pacing felt fine, especially when we used real-world examples in class. The part that stuck was the late-semester turning point when our group finally clicked on the data modeling project, even though the assessments still felt fair yet draining; the platform quirks added unnecessary stress, and the collaboration expectations were fuzzy at first, which made juggling another hard course feel chaotic.",peer_interaction,positive,True,False,"The review mentions group collaboration that was ""fuzzy at first"" and stressful/chaotic, with only a late-semester improvement (""finally clicked""), so overall peer interaction is mixed/leaning negative rather than clearly positive.","The aspect is mentioned, but the declared positive sentiment is not faithful to the mostly problematic collaboration described."
73,"Database Systems in my first semester was solid but exhausting: I kept up with nearly every lecture, and the pacing felt fine, especially when we used real-world examples in class. The part that stuck was the late-semester turning point when our group finally clicked on the data modeling project, even though the assessments still felt fair yet draining; the platform quirks added unnecessary stress, and the collaboration expectations were fuzzy at first, which made juggling another hard course feel chaotic.",__row_summary__,,True,False,supported 1/1; sentiment 0/1,"The aspect is mentioned, but the declared positive sentiment is not faithful to the mostly problematic collaboration described."
74,"Calculus II was the main focus for me last term, since I was new to the discipline and trying to learn the basics before graduation, and I have to admit I spent a lot of time wrestling with the jump from a few integral tricks to the whole chapter of sequences and series. Prof. Rios showed up with slides that are serviceable but never memorable, and I found the delivery mostly okay when I was sitting through class, though I left the room not sure I could replicate the same steps on my own. The course felt heavy on assignments and tight deadlines, which made the week-to-week grind feel real, even though the rubric for grading always seemed vague and left me second-guessing whether I had hit the mark. I remember a specific office-hours chat where a quick clarification about convergence tests finally clicked after I described my shaky understanding aloud, which helped a bit, but I still felt like the prerequisites assumed more prior knowledge than the advertised level. The exam format and constant problem sets kept a steady rhythm, but the core impact was that I kept comparing this to what I expected from a calculus course in the last term before graduation, not another class, and I’m left with mixed takeaways.",assessment_design,positive,True,False,"Assessment is described as heavy assignments, tight deadlines, and a vague grading rubric; this reads mixed-to-negative rather than positive.",Only the materials label matches; assessment design and lecturer quality are mis-sentimented given the review's mixed-to-negative emphasis on workload and clarity.
74,"Calculus II was the main focus for me last term, since I was new to the discipline and trying to learn the basics before graduation, and I have to admit I spent a lot of time wrestling with the jump from a few integral tricks to the whole chapter of sequences and series. Prof. Rios showed up with slides that are serviceable but never memorable, and I found the delivery mostly okay when I was sitting through class, though I left the room not sure I could replicate the same steps on my own. The course felt heavy on assignments and tight deadlines, which made the week-to-week grind feel real, even though the rubric for grading always seemed vague and left me second-guessing whether I had hit the mark. I remember a specific office-hours chat where a quick clarification about convergence tests finally clicked after I described my shaky understanding aloud, which helped a bit, but I still felt like the prerequisites assumed more prior knowledge than the advertised level. The exam format and constant problem sets kept a steady rhythm, but the core impact was that I kept comparing this to what I expected from a calculus course in the last term before graduation, not another class, and I’m left with mixed takeaways.",materials,neutral,True,True,"Slides are called 'serviceable but never memorable,' which aligns with a neutral/slightly bland evaluation.",Only the materials label matches; assessment design and lecturer quality are mis-sentimented given the review's mixed-to-negative emphasis on workload and clarity.
74,"Calculus II was the main focus for me last term, since I was new to the discipline and trying to learn the basics before graduation, and I have to admit I spent a lot of time wrestling with the jump from a few integral tricks to the whole chapter of sequences and series. Prof. Rios showed up with slides that are serviceable but never memorable, and I found the delivery mostly okay when I was sitting through class, though I left the room not sure I could replicate the same steps on my own. The course felt heavy on assignments and tight deadlines, which made the week-to-week grind feel real, even though the rubric for grading always seemed vague and left me second-guessing whether I had hit the mark. I remember a specific office-hours chat where a quick clarification about convergence tests finally clicked after I described my shaky understanding aloud, which helped a bit, but I still felt like the prerequisites assumed more prior knowledge than the advertised level. The exam format and constant problem sets kept a steady rhythm, but the core impact was that I kept comparing this to what I expected from a calculus course in the last term before graduation, not another class, and I’m left with mixed takeaways.",lecturer_quality,negative,True,False,"The instructor's delivery is 'mostly okay' and office hours were helpful, so the sentiment is mixed/neutral rather than clearly negative.",Only the materials label matches; assessment design and lecturer quality are mis-sentimented given the review's mixed-to-negative emphasis on workload and clarity.
74,"Calculus II was the main focus for me last term, since I was new to the discipline and trying to learn the basics before graduation, and I have to admit I spent a lot of time wrestling with the jump from a few integral tricks to the whole chapter of sequences and series. Prof. Rios showed up with slides that are serviceable but never memorable, and I found the delivery mostly okay when I was sitting through class, though I left the room not sure I could replicate the same steps on my own. The course felt heavy on assignments and tight deadlines, which made the week-to-week grind feel real, even though the rubric for grading always seemed vague and left me second-guessing whether I had hit the mark. I remember a specific office-hours chat where a quick clarification about convergence tests finally clicked after I described my shaky understanding aloud, which helped a bit, but I still felt like the prerequisites assumed more prior knowledge than the advertised level. The exam format and constant problem sets kept a steady rhythm, but the core impact was that I kept comparing this to what I expected from a calculus course in the last term before graduation, not another class, and I’m left with mixed takeaways.",__row_summary__,,True,False,supported 3/3; sentiment 1/3,Only the materials label matches; assessment design and lecturer quality are mis-sentimented given the review's mixed-to-negative emphasis on workload and clarity.
75,"I found Linear Algebra tougher than I expected, especially since I was still getting my bearings as someone new to the discipline. I mostly relied on recordings and notes, and the mid‑semester crunch left me scrambling despite the LMS being smooth and the submission flow feeling reliable. Prof. Alvarez gave detailed feedback, but the grading comments often arrived late, which didn’t help when deadlines hit.",difficulty,negative,True,True,The reviewer explicitly says the course was tougher than expected and they were scrambling.,Both declared labels are supported by the review and their sentiments align with the text.
75,"I found Linear Algebra tougher than I expected, especially since I was still getting my bearings as someone new to the discipline. I mostly relied on recordings and notes, and the mid‑semester crunch left me scrambling despite the LMS being smooth and the submission flow feeling reliable. Prof. Alvarez gave detailed feedback, but the grading comments often arrived late, which didn’t help when deadlines hit.",organization,negative,True,True,"They mention a mid-semester crunch and late grading comments, indicating organizational issues despite a smooth LMS/submission flow.",Both declared labels are supported by the review and their sentiments align with the text.
75,"I found Linear Algebra tougher than I expected, especially since I was still getting my bearings as someone new to the discipline. I mostly relied on recordings and notes, and the mid‑semester crunch left me scrambling despite the LMS being smooth and the submission flow feeling reliable. Prof. Alvarez gave detailed feedback, but the grading comments often arrived late, which didn’t help when deadlines hit.",__row_summary__,,True,True,supported 2/2; sentiment 2/2,Both declared labels are supported by the review and their sentiments align with the text.
76,"Cyber Security Basics with Prof. Alvarez felt like a lot of noise and a few sharp edges. I’m in the intro service course mode, trying to fit short evening sessions around my job, and the platform quirks this term didn’t help—random login prompts during a sprint of assignments, and the quiz timer sometimes eating questions right as I hit submit. The grading rubric seems vague, so I’m unsure if my C reflects understanding or just how the rubric scraped the main points, and feedback quality really varied by assignment. Peer discussion helped more than the official materials, and I remember one office-hours chat where a quirky example about a phishing flow clicked for me, but otherwise I wasn’t convinced the tools were friendly. I wouldn’t take it again, even though a few moments did stick. The tradeoffs nag at me: it built a few instincts, but the friction and the late-night platform headaches wore me down.",interest,neutral,True,False,"The student expresses overall dislike and disengagement (""a lot of noise,"" ""wouldn’t take it again""), with only a few positive moments, which is more negative/mixed than neutral.","Tooling usability is clearly negative, while interest reads more negative than the declared neutral label."
76,"Cyber Security Basics with Prof. Alvarez felt like a lot of noise and a few sharp edges. I’m in the intro service course mode, trying to fit short evening sessions around my job, and the platform quirks this term didn’t help—random login prompts during a sprint of assignments, and the quiz timer sometimes eating questions right as I hit submit. The grading rubric seems vague, so I’m unsure if my C reflects understanding or just how the rubric scraped the main points, and feedback quality really varied by assignment. Peer discussion helped more than the official materials, and I remember one office-hours chat where a quirky example about a phishing flow clicked for me, but otherwise I wasn’t convinced the tools were friendly. I wouldn’t take it again, even though a few moments did stick. The tradeoffs nag at me: it built a few instincts, but the friction and the late-night platform headaches wore me down.",tooling_usability,negative,True,True,"They report platform quirks (random login prompts, quiz timer issues) and say they weren’t convinced the tools were friendly, indicating negative usability.","Tooling usability is clearly negative, while interest reads more negative than the declared neutral label."
76,"Cyber Security Basics with Prof. Alvarez felt like a lot of noise and a few sharp edges. I’m in the intro service course mode, trying to fit short evening sessions around my job, and the platform quirks this term didn’t help—random login prompts during a sprint of assignments, and the quiz timer sometimes eating questions right as I hit submit. The grading rubric seems vague, so I’m unsure if my C reflects understanding or just how the rubric scraped the main points, and feedback quality really varied by assignment. Peer discussion helped more than the official materials, and I remember one office-hours chat where a quirky example about a phishing flow clicked for me, but otherwise I wasn’t convinced the tools were friendly. I wouldn’t take it again, even though a few moments did stick. The tradeoffs nag at me: it built a few instincts, but the friction and the late-night platform headaches wore me down.",__row_summary__,,True,False,supported 2/2; sentiment 1/2,"Tooling usability is clearly negative, while interest reads more negative than the declared neutral label."
77,"Calculus II was tougher than I expected, but in a way that pushed me to actually memorize and apply the core ideas instead of just following steps. Prof. Alvarez kept the vibe rigorous, and I relied mostly on recordings and notes because live sessions got crowded and deadlines felt heavier during the mid‑semester crunch; the tooling glitches didn’t help either. The course builds on the prerequisites well, yet the grading mix didn’t line up with what we covered in lectures, and I’m not sure I’d recommend it without",difficulty,positive,True,False,"The review says the course was ""tougher than I expected"" and mentions heavier deadlines and crowding; any positives are about growth, but overall difficulty is portrayed as challenging rather than positively.","The aspect is mentioned, but the declared positive sentiment for difficulty is not clearly faithful to the review."
77,"Calculus II was tougher than I expected, but in a way that pushed me to actually memorize and apply the core ideas instead of just following steps. Prof. Alvarez kept the vibe rigorous, and I relied mostly on recordings and notes because live sessions got crowded and deadlines felt heavier during the mid‑semester crunch; the tooling glitches didn’t help either. The course builds on the prerequisites well, yet the grading mix didn’t line up with what we covered in lectures, and I’m not sure I’d recommend it without",__row_summary__,,True,False,supported 1/1; sentiment 0/1,"The aspect is mentioned, but the declared positive sentiment for difficulty is not clearly faithful to the review."
78,"This Linear Algebra class in my last semester before graduation felt like it barely met me where I am—comfortable with proofs but not with systems work, and I kept thinking the prereqs assumed more background than the catalog promised. The peer discussion sessions were the real lifeline; I’d sit with a few classmates and suddenly the whole thing clicked, while the official slides felt serviceable but not memorable—just a stream of bullets that didn’t stick. The biggest strain was the timing of feedback: I’d hand in a matrix decomposition assignment and hear back after the next deadline, which left me chasing the critique instead of using it to improve, especially since I needed this for a specialization anyway. I remember an exam that leaned on a few tricks from the lectures and a couple of tricky problem setups, and I walked away frustrated that the grading quirks didn’t align with what was actually taught in discussion. Compared to another course from the same term, this one felt more about getting through the motions than building the intuition I hoped for, and that late-semester turning point left me with mixed feelings I’m still sorting out.",relevance,neutral,False,False,"The review discusses prerequisites, teaching materials, feedback timing, exams, grading, and learning experience, but does not clearly address whether the course content was relevant to the student’s goals or needs.","The declared aspect is not explicitly evidenced in the review, so the neutral label is not verifiable."
78,"This Linear Algebra class in my last semester before graduation felt like it barely met me where I am—comfortable with proofs but not with systems work, and I kept thinking the prereqs assumed more background than the catalog promised. The peer discussion sessions were the real lifeline; I’d sit with a few classmates and suddenly the whole thing clicked, while the official slides felt serviceable but not memorable—just a stream of bullets that didn’t stick. The biggest strain was the timing of feedback: I’d hand in a matrix decomposition assignment and hear back after the next deadline, which left me chasing the critique instead of using it to improve, especially since I needed this for a specialization anyway. I remember an exam that leaned on a few tricks from the lectures and a couple of tricky problem setups, and I walked away frustrated that the grading quirks didn’t align with what was actually taught in discussion. Compared to another course from the same term, this one felt more about getting through the motions than building the intuition I hoped for, and that late-semester turning point left me with mixed feelings I’m still sorting out.",__row_summary__,,False,False,supported 0/1; sentiment 0/1,"The declared aspect is not explicitly evidenced in the review, so the neutral label is not verifiable."
79,"I took Linear Algebra in the summer term, right after another hard class, so I mostly relied on recordings and notes because I couldn’t always make the live sessions and still try to keep up. As someone new to the discipline, the pace felt compressed and the pacing didn’t align well with my own slow start—the slides were serviceable but not memorable, and I left wanting a bit more intuition rather than just definitions. The biggest piece that stuck was the grading vibe: the instructor I liked, but the explanations behind the scores were thin, and feedback came too late to actually help with the next assignment, which made it hard to adjust on the fly. I didn’t feel a clear sense of how to collaborate in groups either; the collaboration structure seemed vague, so I mostly did my own thing and hoped the rubric would catch what mattered. There were moments where the content clicked with a concrete example in a project, yet those moments were rare and didn’t quite bridge the overall struggle with motivation, so I’d recommend it only if you’re prepared and can tolerate the rough edges.",peer_interaction,neutral,True,False,"The review says group collaboration structure was vague and they mostly worked alone, which is negative rather than neutral.","Two labels misstate negative experiences as neutral, and relevance is not actually addressed in the review."
79,"I took Linear Algebra in the summer term, right after another hard class, so I mostly relied on recordings and notes because I couldn’t always make the live sessions and still try to keep up. As someone new to the discipline, the pace felt compressed and the pacing didn’t align well with my own slow start—the slides were serviceable but not memorable, and I left wanting a bit more intuition rather than just definitions. The biggest piece that stuck was the grading vibe: the instructor I liked, but the explanations behind the scores were thin, and feedback came too late to actually help with the next assignment, which made it hard to adjust on the fly. I didn’t feel a clear sense of how to collaborate in groups either; the collaboration structure seemed vague, so I mostly did my own thing and hoped the rubric would catch what mattered. There were moments where the content clicked with a concrete example in a project, yet those moments were rare and didn’t quite bridge the overall struggle with motivation, so I’d recommend it only if you’re prepared and can tolerate the rough edges.",relevance,negative,False,False,"The review discusses pace, materials, grading feedback, and collaboration, but not whether the course felt relevant/useful overall.","Two labels misstate negative experiences as neutral, and relevance is not actually addressed in the review."
79,"I took Linear Algebra in the summer term, right after another hard class, so I mostly relied on recordings and notes because I couldn’t always make the live sessions and still try to keep up. As someone new to the discipline, the pace felt compressed and the pacing didn’t align well with my own slow start—the slides were serviceable but not memorable, and I left wanting a bit more intuition rather than just definitions. The biggest piece that stuck was the grading vibe: the instructor I liked, but the explanations behind the scores were thin, and feedback came too late to actually help with the next assignment, which made it hard to adjust on the fly. I didn’t feel a clear sense of how to collaborate in groups either; the collaboration structure seemed vague, so I mostly did my own thing and hoped the rubric would catch what mattered. There were moments where the content clicked with a concrete example in a project, yet those moments were rare and didn’t quite bridge the overall struggle with motivation, so I’d recommend it only if you’re prepared and can tolerate the rough edges.",support,neutral,True,False,"Feedback was thin and came too late to help, indicating inadequate instructional support (negative), not neutral.","Two labels misstate negative experiences as neutral, and relevance is not actually addressed in the review."
79,"I took Linear Algebra in the summer term, right after another hard class, so I mostly relied on recordings and notes because I couldn’t always make the live sessions and still try to keep up. As someone new to the discipline, the pace felt compressed and the pacing didn’t align well with my own slow start—the slides were serviceable but not memorable, and I left wanting a bit more intuition rather than just definitions. The biggest piece that stuck was the grading vibe: the instructor I liked, but the explanations behind the scores were thin, and feedback came too late to actually help with the next assignment, which made it hard to adjust on the fly. I didn’t feel a clear sense of how to collaborate in groups either; the collaboration structure seemed vague, so I mostly did my own thing and hoped the rubric would catch what mattered. There were moments where the content clicked with a concrete example in a project, yet those moments were rare and didn’t quite bridge the overall struggle with motivation, so I’d recommend it only if you’re prepared and can tolerate the rough edges.",__row_summary__,,False,False,supported 2/3; sentiment 0/3,"Two labels misstate negative experiences as neutral, and relevance is not actually addressed in the review."
