row_id,n_aspects,n_supported,n_matched,support_rate,match_rate,row_score
0,2,2,1,1.0,0.5,0.5
1,1,1,1,1.0,1.0,1.0
2,2,2,2,1.0,1.0,1.0
3,3,3,2,1.0,0.6667,0.6667
4,3,3,3,1.0,1.0,1.0
5,3,3,2,1.0,0.6667,0.6667
6,3,3,2,1.0,0.6667,0.6667
7,1,1,1,1.0,1.0,1.0
8,3,2,1,0.6667,0.3333,0.3333
9,2,2,1,1.0,0.5,0.5
10,1,1,1,1.0,1.0,1.0
11,1,1,1,1.0,1.0,1.0
12,3,2,1,0.6667,0.3333,0.3333
13,3,3,3,1.0,1.0,1.0
14,2,2,0,1.0,0.0,0.0
15,1,1,1,1.0,1.0,1.0
16,3,2,2,0.6667,0.6667,0.6667
17,2,2,1,1.0,0.5,0.5
18,3,2,0,0.6667,0.0,0.0
19,3,3,0,1.0,0.0,0.0
20,3,3,2,1.0,0.6667,0.6667
21,1,1,1,1.0,1.0,1.0
22,2,2,1,1.0,0.5,0.5
23,3,3,3,1.0,1.0,1.0
24,1,1,1,1.0,1.0,1.0
25,1,1,0,1.0,0.0,0.0
26,2,1,1,0.5,0.5,0.5
27,2,2,1,1.0,0.5,0.5
28,2,0,0,0.0,0.0,0.0
29,3,3,3,1.0,1.0,1.0
30,3,3,2,1.0,0.6667,0.6667
31,3,3,2,1.0,0.6667,0.6667
32,1,1,1,1.0,1.0,1.0
33,1,1,0,1.0,0.0,0.0
34,1,1,1,1.0,1.0,1.0
35,2,2,0,1.0,0.0,0.0
36,2,1,1,0.5,0.5,0.5
37,3,3,2,1.0,0.6667,0.6667
38,2,2,0,1.0,0.0,0.0
39,2,1,0,0.5,0.0,0.0
40,2,2,2,1.0,1.0,1.0
41,3,2,1,0.6667,0.3333,0.3333
42,2,1,1,0.5,0.5,0.5
43,2,2,2,1.0,1.0,1.0
44,2,2,1,1.0,0.5,0.5
45,1,1,0,1.0,0.0,0.0
46,3,3,3,1.0,1.0,1.0
47,3,2,1,0.6667,0.3333,0.3333
48,1,1,1,1.0,1.0,1.0
49,3,3,1,1.0,0.3333,0.3333
50,3,3,3,1.0,1.0,1.0
51,1,1,1,1.0,1.0,1.0
52,2,1,0,0.5,0.0,0.0
53,3,3,2,1.0,0.6667,0.6667
54,1,1,1,1.0,1.0,1.0
55,2,2,2,1.0,1.0,1.0
56,3,3,3,1.0,1.0,1.0
57,2,2,1,1.0,0.5,0.5
58,1,0,0,0.0,0.0,0.0
59,3,3,3,1.0,1.0,1.0
60,1,1,1,1.0,1.0,1.0
61,2,2,2,1.0,1.0,1.0
62,2,1,0,0.5,0.0,0.0
63,2,2,2,1.0,1.0,1.0
64,2,2,2,1.0,1.0,1.0
65,3,3,0,1.0,0.0,0.0
66,3,3,2,1.0,0.6667,0.6667
67,3,1,1,0.3333,0.3333,0.3333
68,1,1,1,1.0,1.0,1.0
69,3,1,1,0.3333,0.3333,0.3333
70,3,3,3,1.0,1.0,1.0
71,3,3,1,1.0,0.3333,0.3333
72,1,1,1,1.0,1.0,1.0
73,2,2,0,1.0,0.0,0.0
74,3,3,1,1.0,0.3333,0.3333
75,1,1,1,1.0,1.0,1.0
76,3,2,2,0.6667,0.6667,0.6667
77,1,1,1,1.0,1.0,1.0
78,3,2,1,0.6667,0.3333,0.3333
79,1,1,1,1.0,1.0,1.0
80,1,1,1,1.0,1.0,1.0
81,2,2,2,1.0,1.0,1.0
82,2,2,2,1.0,1.0,1.0
83,2,2,2,1.0,1.0,1.0
84,3,3,2,1.0,0.6667,0.6667
85,2,2,2,1.0,1.0,1.0
86,1,1,0,1.0,0.0,0.0
87,2,2,1,1.0,0.5,0.5
88,1,1,1,1.0,1.0,1.0
89,3,2,1,0.6667,0.3333,0.3333
90,1,1,1,1.0,1.0,1.0
91,3,3,1,1.0,0.3333,0.3333
92,2,1,0,0.5,0.0,0.0
93,1,0,0,0.0,0.0,0.0
94,3,2,1,0.6667,0.3333,0.3333
95,2,1,0,0.5,0.0,0.0
96,2,2,1,1.0,0.5,0.5
97,1,0,0,0.0,0.0,0.0
98,1,0,0,0.0,0.0,0.0
99,1,1,1,1.0,1.0,1.0
100,2,1,1,0.5,0.5,0.5
101,1,1,1,1.0,1.0,1.0
102,3,3,3,1.0,1.0,1.0
103,1,0,0,0.0,0.0,0.0
104,2,2,1,1.0,0.5,0.5
105,1,1,0,1.0,0.0,0.0
106,2,2,0,1.0,0.0,0.0
107,1,0,0,0.0,0.0,0.0
108,1,1,1,1.0,1.0,1.0
109,3,2,2,0.6667,0.6667,0.6667
110,1,1,1,1.0,1.0,1.0
111,1,0,0,0.0,0.0,0.0
112,3,2,2,0.6667,0.6667,0.6667
113,2,1,1,0.5,0.5,0.5
114,3,3,2,1.0,0.6667,0.6667
115,2,2,1,1.0,0.5,0.5
116,1,1,1,1.0,1.0,1.0
117,3,3,1,1.0,0.3333,0.3333
118,3,3,1,1.0,0.3333,0.3333
119,1,1,0,1.0,0.0,0.0
120,2,1,1,0.5,0.5,0.5
121,2,2,2,1.0,1.0,1.0
122,3,3,1,1.0,0.3333,0.3333
123,2,2,1,1.0,0.5,0.5
124,3,3,2,1.0,0.6667,0.6667
125,2,1,0,0.5,0.0,0.0
126,3,3,2,1.0,0.6667,0.6667
127,3,3,2,1.0,0.6667,0.6667
128,3,3,2,1.0,0.6667,0.6667
129,3,3,2,1.0,0.6667,0.6667
130,3,3,1,1.0,0.3333,0.3333
131,2,2,1,1.0,0.5,0.5
132,2,1,0,0.5,0.0,0.0
133,1,1,1,1.0,1.0,1.0
134,2,2,1,1.0,0.5,0.5
135,1,1,1,1.0,1.0,1.0
136,2,2,2,1.0,1.0,1.0
137,3,3,1,1.0,0.3333,0.3333
138,2,1,0,0.5,0.0,0.0
139,1,1,0,1.0,0.0,0.0
140,1,1,1,1.0,1.0,1.0
141,1,1,1,1.0,1.0,1.0
142,3,3,3,1.0,1.0,1.0
143,1,1,0,1.0,0.0,0.0
144,2,2,1,1.0,0.5,0.5
145,3,3,2,1.0,0.6667,0.6667
146,2,2,1,1.0,0.5,0.5
147,2,1,1,0.5,0.5,0.5
148,2,0,0,0.0,0.0,0.0
149,2,2,2,1.0,1.0,1.0
150,1,1,0,1.0,0.0,0.0
151,3,2,2,0.6667,0.6667,0.6667
152,3,2,1,0.6667,0.3333,0.3333
153,1,1,1,1.0,1.0,1.0
154,2,1,0,0.5,0.0,0.0
155,3,3,2,1.0,0.6667,0.6667
156,1,1,1,1.0,1.0,1.0
157,3,2,1,0.6667,0.3333,0.3333
158,3,3,1,1.0,0.3333,0.3333
159,1,0,0,0.0,0.0,0.0
160,2,1,1,0.5,0.5,0.5
161,3,1,1,0.3333,0.3333,0.3333
162,1,1,1,1.0,1.0,1.0
163,2,2,1,1.0,0.5,0.5
164,1,1,1,1.0,1.0,1.0
165,2,2,1,1.0,0.5,0.5
166,2,1,1,0.5,0.5,0.5
167,2,2,1,1.0,0.5,0.5
168,3,3,1,1.0,0.3333,0.3333
169,2,1,0,0.5,0.0,0.0
170,2,2,0,1.0,0.0,0.0
171,3,2,2,0.6667,0.6667,0.6667
172,2,2,2,1.0,1.0,1.0
173,2,2,1,1.0,0.5,0.5
174,1,1,1,1.0,1.0,1.0
175,3,2,2,0.6667,0.6667,0.6667
176,1,1,1,1.0,1.0,1.0
177,2,2,1,1.0,0.5,0.5
178,2,1,0,0.5,0.0,0.0
179,2,1,1,0.5,0.5,0.5
180,1,1,1,1.0,1.0,1.0
181,3,3,1,1.0,0.3333,0.3333
182,3,3,3,1.0,1.0,1.0
183,3,3,1,1.0,0.3333,0.3333
184,2,2,1,1.0,0.5,0.5
185,1,0,0,0.0,0.0,0.0
186,1,1,1,1.0,1.0,1.0
187,2,2,2,1.0,1.0,1.0
188,3,2,2,0.6667,0.6667,0.6667
189,2,2,2,1.0,1.0,1.0
190,1,0,0,0.0,0.0,0.0
191,2,2,2,1.0,1.0,1.0
192,1,1,1,1.0,1.0,1.0
193,3,1,1,0.3333,0.3333,0.3333
194,3,2,1,0.6667,0.3333,0.3333
195,2,1,1,0.5,0.5,0.5
196,1,1,0,1.0,0.0,0.0
197,3,3,3,1.0,1.0,1.0
198,1,1,1,1.0,1.0,1.0
199,2,2,1,1.0,0.5,0.5
200,1,1,1,1.0,1.0,1.0
201,2,2,2,1.0,1.0,1.0
202,3,3,1,1.0,0.3333,0.3333
203,2,0,0,0.0,0.0,0.0
204,1,1,1,1.0,1.0,1.0
205,2,1,0,0.5,0.0,0.0
206,1,1,1,1.0,1.0,1.0
207,1,1,1,1.0,1.0,1.0
208,1,1,1,1.0,1.0,1.0
209,2,2,0,1.0,0.0,0.0
210,2,2,2,1.0,1.0,1.0
211,3,3,1,1.0,0.3333,0.3333
212,1,1,1,1.0,1.0,1.0
213,2,1,1,0.5,0.5,0.5
214,2,2,1,1.0,0.5,0.5
215,1,1,1,1.0,1.0,1.0
216,2,2,2,1.0,1.0,1.0
217,1,1,1,1.0,1.0,1.0
218,3,3,1,1.0,0.3333,0.3333
219,2,2,1,1.0,0.5,0.5
220,1,1,1,1.0,1.0,1.0
221,2,1,1,0.5,0.5,0.5
222,3,2,1,0.6667,0.3333,0.3333
223,3,2,0,0.6667,0.0,0.0
224,2,2,2,1.0,1.0,1.0
225,3,3,2,1.0,0.6667,0.6667
226,2,2,1,1.0,0.5,0.5
227,1,1,1,1.0,1.0,1.0
228,3,2,2,0.6667,0.6667,0.6667
229,2,2,2,1.0,1.0,1.0
230,3,2,1,0.6667,0.3333,0.3333
231,3,3,2,1.0,0.6667,0.6667
232,2,2,1,1.0,0.5,0.5
233,1,1,1,1.0,1.0,1.0
234,2,2,1,1.0,0.5,0.5
235,3,3,2,1.0,0.6667,0.6667
236,1,1,1,1.0,1.0,1.0
237,1,1,1,1.0,1.0,1.0
238,2,1,0,0.5,0.0,0.0
239,1,1,0,1.0,0.0,0.0
240,1,1,0,1.0,0.0,0.0
241,2,1,1,0.5,0.5,0.5
242,2,1,0,0.5,0.0,0.0
243,1,1,1,1.0,1.0,1.0
244,2,2,2,1.0,1.0,1.0
245,1,0,0,0.0,0.0,0.0
246,3,2,2,0.6667,0.6667,0.6667
247,1,1,1,1.0,1.0,1.0
248,1,1,0,1.0,0.0,0.0
249,2,2,2,1.0,1.0,1.0
250,3,3,1,1.0,0.3333,0.3333
251,3,3,2,1.0,0.6667,0.6667
252,1,1,1,1.0,1.0,1.0
253,3,3,1,1.0,0.3333,0.3333
254,3,3,2,1.0,0.6667,0.6667
255,2,2,2,1.0,1.0,1.0
256,1,1,1,1.0,1.0,1.0
257,1,1,1,1.0,1.0,1.0
258,2,1,1,0.5,0.5,0.5
259,2,2,2,1.0,1.0,1.0
260,1,1,1,1.0,1.0,1.0
261,3,0,0,0.0,0.0,0.0
262,1,1,1,1.0,1.0,1.0
263,2,2,2,1.0,1.0,1.0
264,2,2,0,1.0,0.0,0.0
265,3,2,2,0.6667,0.6667,0.6667
266,1,1,0,1.0,0.0,0.0
267,2,2,0,1.0,0.0,0.0
268,2,2,2,1.0,1.0,1.0
269,3,3,2,1.0,0.6667,0.6667
270,2,2,2,1.0,1.0,1.0
271,2,2,0,1.0,0.0,0.0
272,1,1,1,1.0,1.0,1.0
273,1,1,1,1.0,1.0,1.0
274,3,3,2,1.0,0.6667,0.6667
275,2,1,1,0.5,0.5,0.5
276,1,1,1,1.0,1.0,1.0
277,3,1,1,0.3333,0.3333,0.3333
278,2,2,1,1.0,0.5,0.5
279,1,1,0,1.0,0.0,0.0
280,3,3,3,1.0,1.0,1.0
281,3,2,0,0.6667,0.0,0.0
282,2,2,2,1.0,1.0,1.0
283,1,1,1,1.0,1.0,1.0
284,3,2,2,0.6667,0.6667,0.6667
285,1,1,0,1.0,0.0,0.0
286,3,3,3,1.0,1.0,1.0
287,1,1,1,1.0,1.0,1.0
288,1,0,0,0.0,0.0,0.0
289,2,2,2,1.0,1.0,1.0
290,1,1,1,1.0,1.0,1.0
291,2,2,1,1.0,0.5,0.5
292,1,1,0,1.0,0.0,0.0
293,1,1,1,1.0,1.0,1.0
294,2,2,1,1.0,0.5,0.5
295,2,2,1,1.0,0.5,0.5
296,3,3,2,1.0,0.6667,0.6667
297,2,2,2,1.0,1.0,1.0
298,2,2,2,1.0,1.0,1.0
299,1,1,1,1.0,1.0,1.0
300,2,1,1,0.5,0.5,0.5
301,1,0,0,0.0,0.0,0.0
302,2,2,0,1.0,0.0,0.0
303,3,3,0,1.0,0.0,0.0
304,1,1,1,1.0,1.0,1.0
305,3,2,0,0.6667,0.0,0.0
306,2,2,1,1.0,0.5,0.5
307,1,1,1,1.0,1.0,1.0
308,3,3,2,1.0,0.6667,0.6667
309,2,2,2,1.0,1.0,1.0
310,1,1,1,1.0,1.0,1.0
311,1,1,1,1.0,1.0,1.0
312,1,1,1,1.0,1.0,1.0
313,1,1,1,1.0,1.0,1.0
314,1,1,1,1.0,1.0,1.0
315,1,1,1,1.0,1.0,1.0
316,2,2,1,1.0,0.5,0.5
317,2,1,1,0.5,0.5,0.5
318,2,1,0,0.5,0.0,0.0
319,3,3,3,1.0,1.0,1.0
320,1,1,1,1.0,1.0,1.0
321,1,1,1,1.0,1.0,1.0
322,2,2,2,1.0,1.0,1.0
323,3,3,2,1.0,0.6667,0.6667
324,2,2,2,1.0,1.0,1.0
325,1,1,1,1.0,1.0,1.0
326,3,3,3,1.0,1.0,1.0
327,2,2,2,1.0,1.0,1.0
328,3,3,3,1.0,1.0,1.0
329,3,2,1,0.6667,0.3333,0.3333
330,3,2,2,0.6667,0.6667,0.6667
331,2,2,2,1.0,1.0,1.0
332,1,1,1,1.0,1.0,1.0
333,3,3,2,1.0,0.6667,0.6667
334,3,3,2,1.0,0.6667,0.6667
335,3,2,1,0.6667,0.3333,0.3333
336,3,3,2,1.0,0.6667,0.6667
337,2,2,1,1.0,0.5,0.5
338,1,1,1,1.0,1.0,1.0
339,1,1,0,1.0,0.0,0.0
340,2,1,0,0.5,0.0,0.0
341,1,0,0,0.0,0.0,0.0
342,1,1,0,1.0,0.0,0.0
343,2,2,2,1.0,1.0,1.0
344,3,3,0,1.0,0.0,0.0
345,3,3,2,1.0,0.6667,0.6667
346,1,0,0,0.0,0.0,0.0
347,1,1,0,1.0,0.0,0.0
348,1,1,1,1.0,1.0,1.0
349,1,1,1,1.0,1.0,1.0
350,2,2,1,1.0,0.5,0.5
351,2,2,1,1.0,0.5,0.5
352,3,2,1,0.6667,0.3333,0.3333
353,3,3,3,1.0,1.0,1.0
354,2,2,1,1.0,0.5,0.5
355,2,0,0,0.0,0.0,0.0
356,3,3,2,1.0,0.6667,0.6667
357,2,2,2,1.0,1.0,1.0
358,3,2,2,0.6667,0.6667,0.6667
359,1,1,1,1.0,1.0,1.0
360,3,2,1,0.6667,0.3333,0.3333
361,2,2,1,1.0,0.5,0.5
362,1,1,1,1.0,1.0,1.0
363,2,2,1,1.0,0.5,0.5
364,1,1,1,1.0,1.0,1.0
365,1,1,1,1.0,1.0,1.0
366,1,1,0,1.0,0.0,0.0
367,2,2,1,1.0,0.5,0.5
368,1,1,1,1.0,1.0,1.0
369,3,3,2,1.0,0.6667,0.6667
370,2,2,1,1.0,0.5,0.5
371,3,2,1,0.6667,0.3333,0.3333
372,2,2,1,1.0,0.5,0.5
373,3,3,3,1.0,1.0,1.0
374,2,2,2,1.0,1.0,1.0
375,3,2,1,0.6667,0.3333,0.3333
376,2,2,1,1.0,0.5,0.5
377,2,2,2,1.0,1.0,1.0
378,3,3,2,1.0,0.6667,0.6667
379,2,2,2,1.0,1.0,1.0
380,2,1,0,0.5,0.0,0.0
381,3,3,2,1.0,0.6667,0.6667
382,1,1,1,1.0,1.0,1.0
383,2,2,1,1.0,0.5,0.5
384,1,0,0,0.0,0.0,0.0
385,1,1,1,1.0,1.0,1.0
386,1,1,0,1.0,0.0,0.0
387,2,2,2,1.0,1.0,1.0
388,2,2,2,1.0,1.0,1.0
389,2,2,2,1.0,1.0,1.0
390,3,3,2,1.0,0.6667,0.6667
391,3,3,1,1.0,0.3333,0.3333
392,2,2,0,1.0,0.0,0.0
393,1,1,1,1.0,1.0,1.0
394,2,1,0,0.5,0.0,0.0
395,1,1,1,1.0,1.0,1.0
396,2,2,1,1.0,0.5,0.5
397,2,2,1,1.0,0.5,0.5
398,1,1,0,1.0,0.0,0.0
399,2,2,2,1.0,1.0,1.0
400,2,2,1,1.0,0.5,0.5
401,3,2,1,0.6667,0.3333,0.3333
402,1,1,0,1.0,0.0,0.0
403,2,2,1,1.0,0.5,0.5
404,2,2,2,1.0,1.0,1.0
405,2,2,2,1.0,1.0,1.0
406,1,1,1,1.0,1.0,1.0
407,1,1,1,1.0,1.0,1.0
408,3,3,2,1.0,0.6667,0.6667
409,1,1,1,1.0,1.0,1.0
410,2,2,1,1.0,0.5,0.5
411,2,2,1,1.0,0.5,0.5
412,2,1,0,0.5,0.0,0.0
413,3,3,1,1.0,0.3333,0.3333
414,1,1,1,1.0,1.0,1.0
415,1,1,0,1.0,0.0,0.0
416,1,1,1,1.0,1.0,1.0
417,3,2,2,0.6667,0.6667,0.6667
418,2,2,1,1.0,0.5,0.5
419,3,3,2,1.0,0.6667,0.6667
420,2,1,1,0.5,0.5,0.5
421,2,2,1,1.0,0.5,0.5
422,2,1,0,0.5,0.0,0.0
423,1,1,1,1.0,1.0,1.0
424,1,1,0,1.0,0.0,0.0
425,1,1,1,1.0,1.0,1.0
426,2,2,0,1.0,0.0,0.0
427,2,2,1,1.0,0.5,0.5
428,1,1,1,1.0,1.0,1.0
429,2,2,2,1.0,1.0,1.0
430,2,2,2,1.0,1.0,1.0
431,2,2,1,1.0,0.5,0.5
432,1,1,1,1.0,1.0,1.0
433,3,3,3,1.0,1.0,1.0
434,1,1,0,1.0,0.0,0.0
435,2,2,2,1.0,1.0,1.0
436,3,1,0,0.3333,0.0,0.0
437,1,1,0,1.0,0.0,0.0
438,1,1,0,1.0,0.0,0.0
439,1,1,1,1.0,1.0,1.0
440,3,2,1,0.6667,0.3333,0.3333
441,1,1,1,1.0,1.0,1.0
442,2,2,2,1.0,1.0,1.0
443,1,0,0,0.0,0.0,0.0
444,1,1,1,1.0,1.0,1.0
445,3,2,0,0.6667,0.0,0.0
446,3,3,2,1.0,0.6667,0.6667
447,2,1,1,0.5,0.5,0.5
448,1,1,0,1.0,0.0,0.0
449,3,2,1,0.6667,0.3333,0.3333
450,2,2,1,1.0,0.5,0.5
451,1,1,1,1.0,1.0,1.0
452,1,1,1,1.0,1.0,1.0
453,3,3,3,1.0,1.0,1.0
454,2,2,1,1.0,0.5,0.5
455,1,1,0,1.0,0.0,0.0
456,3,2,1,0.6667,0.3333,0.3333
457,2,2,1,1.0,0.5,0.5
458,3,3,3,1.0,1.0,1.0
459,3,2,2,0.6667,0.6667,0.6667
460,2,2,2,1.0,1.0,1.0
461,2,2,0,1.0,0.0,0.0
462,3,2,1,0.6667,0.3333,0.3333
463,2,2,2,1.0,1.0,1.0
464,1,1,1,1.0,1.0,1.0
465,3,3,3,1.0,1.0,1.0
466,1,1,0,1.0,0.0,0.0
467,1,1,1,1.0,1.0,1.0
468,2,1,0,0.5,0.0,0.0
469,3,3,2,1.0,0.6667,0.6667
470,1,1,1,1.0,1.0,1.0
471,2,2,1,1.0,0.5,0.5
472,3,2,2,0.6667,0.6667,0.6667
473,3,1,1,0.3333,0.3333,0.3333
474,3,3,2,1.0,0.6667,0.6667
475,3,2,1,0.6667,0.3333,0.3333
476,1,1,0,1.0,0.0,0.0
477,1,1,1,1.0,1.0,1.0
478,2,2,1,1.0,0.5,0.5
479,1,0,0,0.0,0.0,0.0
480,1,1,1,1.0,1.0,1.0
481,2,2,0,1.0,0.0,0.0
482,1,1,0,1.0,0.0,0.0
483,2,1,1,0.5,0.5,0.5
484,2,2,2,1.0,1.0,1.0
485,1,1,1,1.0,1.0,1.0
486,2,2,2,1.0,1.0,1.0
487,2,2,1,1.0,0.5,0.5
488,1,1,1,1.0,1.0,1.0
489,3,3,2,1.0,0.6667,0.6667
490,2,2,1,1.0,0.5,0.5
491,1,0,0,0.0,0.0,0.0
492,3,2,1,0.6667,0.3333,0.3333
493,2,2,1,1.0,0.5,0.5
494,1,1,1,1.0,1.0,1.0
495,2,1,1,0.5,0.5,0.5
496,1,1,1,1.0,1.0,1.0
497,3,3,1,1.0,0.3333,0.3333
498,1,1,1,1.0,1.0,1.0
499,2,2,2,1.0,1.0,1.0
500,1,1,0,1.0,0.0,0.0
501,1,1,1,1.0,1.0,1.0
502,3,2,2,0.6667,0.6667,0.6667
503,2,2,1,1.0,0.5,0.5
504,1,1,1,1.0,1.0,1.0
505,2,2,2,1.0,1.0,1.0
506,1,1,1,1.0,1.0,1.0
507,3,2,2,0.6667,0.6667,0.6667
508,3,3,1,1.0,0.3333,0.3333
509,3,3,1,1.0,0.3333,0.3333
510,3,2,2,0.6667,0.6667,0.6667
511,3,2,1,0.6667,0.3333,0.3333
512,2,1,0,0.5,0.0,0.0
513,1,1,1,1.0,1.0,1.0
514,1,1,1,1.0,1.0,1.0
515,3,2,2,0.6667,0.6667,0.6667
516,1,1,1,1.0,1.0,1.0
517,3,3,2,1.0,0.6667,0.6667
518,3,3,3,1.0,1.0,1.0
519,1,1,1,1.0,1.0,1.0
520,2,1,0,0.5,0.0,0.0
521,2,2,0,1.0,0.0,0.0
522,2,2,1,1.0,0.5,0.5
523,3,3,2,1.0,0.6667,0.6667
524,3,2,1,0.6667,0.3333,0.3333
525,3,0,0,0.0,0.0,0.0
526,1,1,1,1.0,1.0,1.0
527,1,1,1,1.0,1.0,1.0
528,2,1,1,0.5,0.5,0.5
529,3,3,2,1.0,0.6667,0.6667
530,2,1,1,0.5,0.5,0.5
531,2,2,2,1.0,1.0,1.0
532,2,2,2,1.0,1.0,1.0
533,2,2,1,1.0,0.5,0.5
534,2,2,2,1.0,1.0,1.0
535,2,0,0,0.0,0.0,0.0
536,2,2,0,1.0,0.0,0.0
537,1,1,1,1.0,1.0,1.0
538,2,2,1,1.0,0.5,0.5
539,2,1,1,0.5,0.5,0.5
540,1,1,1,1.0,1.0,1.0
541,3,3,3,1.0,1.0,1.0
542,1,0,0,0.0,0.0,0.0
543,3,3,2,1.0,0.6667,0.6667
544,1,1,1,1.0,1.0,1.0
545,3,3,1,1.0,0.3333,0.3333
546,1,1,1,1.0,1.0,1.0
547,3,3,2,1.0,0.6667,0.6667
548,1,1,0,1.0,0.0,0.0
549,3,3,3,1.0,1.0,1.0
550,1,1,1,1.0,1.0,1.0
551,3,2,1,0.6667,0.3333,0.3333
552,3,1,1,0.3333,0.3333,0.3333
553,3,1,1,0.3333,0.3333,0.3333
554,1,1,0,1.0,0.0,0.0
555,2,1,0,0.5,0.0,0.0
556,2,2,1,1.0,0.5,0.5
557,2,2,2,1.0,1.0,1.0
558,2,1,1,0.5,0.5,0.5
559,3,3,3,1.0,1.0,1.0
560,2,2,2,1.0,1.0,1.0
561,2,1,1,0.5,0.5,0.5
562,2,1,1,0.5,0.5,0.5
563,1,1,0,1.0,0.0,0.0
564,1,1,0,1.0,0.0,0.0
565,3,2,1,0.6667,0.3333,0.3333
566,2,2,2,1.0,1.0,1.0
567,1,1,0,1.0,0.0,0.0
568,3,2,2,0.6667,0.6667,0.6667
569,1,1,1,1.0,1.0,1.0
570,2,1,1,0.5,0.5,0.5
571,2,2,2,1.0,1.0,1.0
572,2,1,1,0.5,0.5,0.5
573,3,2,1,0.6667,0.3333,0.3333
574,2,1,0,0.5,0.0,0.0
575,2,1,1,0.5,0.5,0.5
576,2,1,1,0.5,0.5,0.5
577,2,2,0,1.0,0.0,0.0
578,3,2,1,0.6667,0.3333,0.3333
579,1,1,1,1.0,1.0,1.0
580,1,1,1,1.0,1.0,1.0
581,1,1,1,1.0,1.0,1.0
582,1,1,1,1.0,1.0,1.0
583,1,0,0,0.0,0.0,0.0
584,2,2,0,1.0,0.0,0.0
585,1,1,1,1.0,1.0,1.0
586,3,2,2,0.6667,0.6667,0.6667
587,3,3,1,1.0,0.3333,0.3333
588,2,2,1,1.0,0.5,0.5
589,1,1,1,1.0,1.0,1.0
590,3,3,2,1.0,0.6667,0.6667
591,1,1,0,1.0,0.0,0.0
592,1,1,1,1.0,1.0,1.0
593,2,2,0,1.0,0.0,0.0
594,2,1,1,0.5,0.5,0.5
595,1,1,1,1.0,1.0,1.0
596,3,2,2,0.6667,0.6667,0.6667
597,2,2,1,1.0,0.5,0.5
598,2,2,2,1.0,1.0,1.0
599,2,2,2,1.0,1.0,1.0
600,3,3,2,1.0,0.6667,0.6667
601,1,1,1,1.0,1.0,1.0
602,2,2,2,1.0,1.0,1.0
603,2,1,1,0.5,0.5,0.5
604,3,2,0,0.6667,0.0,0.0
605,3,3,2,1.0,0.6667,0.6667
606,2,2,1,1.0,0.5,0.5
607,3,2,2,0.6667,0.6667,0.6667
608,1,1,1,1.0,1.0,1.0
609,2,1,1,0.5,0.5,0.5
610,2,0,0,0.0,0.0,0.0
611,3,1,1,0.3333,0.3333,0.3333
612,3,3,2,1.0,0.6667,0.6667
613,3,3,3,1.0,1.0,1.0
614,2,2,2,1.0,1.0,1.0
615,1,1,0,1.0,0.0,0.0
616,1,1,1,1.0,1.0,1.0
617,1,1,1,1.0,1.0,1.0
618,2,1,1,0.5,0.5,0.5
619,2,1,1,0.5,0.5,0.5
620,2,1,1,0.5,0.5,0.5
621,3,1,0,0.3333,0.0,0.0
622,3,3,1,1.0,0.3333,0.3333
623,2,2,1,1.0,0.5,0.5
624,3,2,0,0.6667,0.0,0.0
625,2,2,1,1.0,0.5,0.5
626,1,1,1,1.0,1.0,1.0
627,1,1,1,1.0,1.0,1.0
628,1,1,1,1.0,1.0,1.0
629,3,3,2,1.0,0.6667,0.6667
630,3,2,0,0.6667,0.0,0.0
631,1,0,0,0.0,0.0,0.0
632,3,1,1,0.3333,0.3333,0.3333
633,1,1,0,1.0,0.0,0.0
634,2,1,1,0.5,0.5,0.5
635,3,3,2,1.0,0.6667,0.6667
636,1,1,1,1.0,1.0,1.0
637,1,1,1,1.0,1.0,1.0
638,3,2,2,0.6667,0.6667,0.6667
639,2,1,1,0.5,0.5,0.5
640,2,1,1,0.5,0.5,0.5
641,3,3,1,1.0,0.3333,0.3333
642,3,3,1,1.0,0.3333,0.3333
643,1,1,0,1.0,0.0,0.0
644,1,1,1,1.0,1.0,1.0
645,1,1,0,1.0,0.0,0.0
646,3,3,2,1.0,0.6667,0.6667
647,1,1,1,1.0,1.0,1.0
648,3,3,3,1.0,1.0,1.0
649,2,1,1,0.5,0.5,0.5
650,2,2,0,1.0,0.0,0.0
651,3,2,1,0.6667,0.3333,0.3333
652,2,2,1,1.0,0.5,0.5
653,3,3,1,1.0,0.3333,0.3333
654,3,3,3,1.0,1.0,1.0
655,3,3,2,1.0,0.6667,0.6667
656,2,2,2,1.0,1.0,1.0
657,3,3,3,1.0,1.0,1.0
658,1,1,1,1.0,1.0,1.0
659,3,2,1,0.6667,0.3333,0.3333
660,1,1,1,1.0,1.0,1.0
661,1,1,1,1.0,1.0,1.0
662,3,2,2,0.6667,0.6667,0.6667
663,3,2,2,0.6667,0.6667,0.6667
664,1,1,0,1.0,0.0,0.0
665,3,3,1,1.0,0.3333,0.3333
666,2,2,2,1.0,1.0,1.0
667,3,3,3,1.0,1.0,1.0
668,1,1,0,1.0,0.0,0.0
669,2,2,2,1.0,1.0,1.0
670,3,2,1,0.6667,0.3333,0.3333
671,3,2,2,0.6667,0.6667,0.6667
672,1,1,1,1.0,1.0,1.0
673,3,3,1,1.0,0.3333,0.3333
674,3,1,1,0.3333,0.3333,0.3333
675,1,1,0,1.0,0.0,0.0
676,1,1,1,1.0,1.0,1.0
677,2,1,1,0.5,0.5,0.5
678,2,1,0,0.5,0.0,0.0
679,1,1,0,1.0,0.0,0.0
680,3,2,1,0.6667,0.3333,0.3333
681,2,2,0,1.0,0.0,0.0
682,1,1,1,1.0,1.0,1.0
683,3,2,2,0.6667,0.6667,0.6667
684,3,2,1,0.6667,0.3333,0.3333
685,1,1,1,1.0,1.0,1.0
686,1,1,1,1.0,1.0,1.0
687,2,1,1,0.5,0.5,0.5
688,1,1,1,1.0,1.0,1.0
689,2,2,1,1.0,0.5,0.5
690,3,3,3,1.0,1.0,1.0
691,3,1,0,0.3333,0.0,0.0
692,3,3,1,1.0,0.3333,0.3333
693,3,3,1,1.0,0.3333,0.3333
694,3,3,2,1.0,0.6667,0.6667
695,3,3,2,1.0,0.6667,0.6667
696,2,1,1,0.5,0.5,0.5
697,1,1,1,1.0,1.0,1.0
698,1,1,1,1.0,1.0,1.0
699,3,2,2,0.6667,0.6667,0.6667
700,1,1,1,1.0,1.0,1.0
701,1,1,0,1.0,0.0,0.0
702,1,0,0,0.0,0.0,0.0
703,2,2,0,1.0,0.0,0.0
704,3,1,1,0.3333,0.3333,0.3333
705,1,1,1,1.0,1.0,1.0
706,2,2,1,1.0,0.5,0.5
707,1,1,1,1.0,1.0,1.0
708,1,1,1,1.0,1.0,1.0
709,3,2,1,0.6667,0.3333,0.3333
710,2,2,1,1.0,0.5,0.5
711,2,2,2,1.0,1.0,1.0
712,1,1,1,1.0,1.0,1.0
713,1,1,1,1.0,1.0,1.0
714,2,1,1,0.5,0.5,0.5
715,1,1,1,1.0,1.0,1.0
716,2,2,1,1.0,0.5,0.5
717,1,1,1,1.0,1.0,1.0
718,2,2,2,1.0,1.0,1.0
719,2,2,2,1.0,1.0,1.0
720,1,1,1,1.0,1.0,1.0
721,1,1,1,1.0,1.0,1.0
722,1,1,0,1.0,0.0,0.0
723,1,1,1,1.0,1.0,1.0
724,3,1,1,0.3333,0.3333,0.3333
725,3,2,2,0.6667,0.6667,0.6667
726,2,1,0,0.5,0.0,0.0
727,1,1,1,1.0,1.0,1.0
728,2,2,2,1.0,1.0,1.0
729,1,1,1,1.0,1.0,1.0
730,2,2,2,1.0,1.0,1.0
731,2,2,2,1.0,1.0,1.0
732,3,3,1,1.0,0.3333,0.3333
733,2,2,2,1.0,1.0,1.0
734,1,1,1,1.0,1.0,1.0
735,2,0,0,0.0,0.0,0.0
736,3,1,0,0.3333,0.0,0.0
737,2,2,2,1.0,1.0,1.0
738,2,2,2,1.0,1.0,1.0
739,1,1,0,1.0,0.0,0.0
740,1,1,1,1.0,1.0,1.0
741,3,3,1,1.0,0.3333,0.3333
742,2,2,2,1.0,1.0,1.0
743,3,3,2,1.0,0.6667,0.6667
744,2,1,1,0.5,0.5,0.5
745,2,2,2,1.0,1.0,1.0
746,1,0,0,0.0,0.0,0.0
747,2,2,1,1.0,0.5,0.5
748,2,2,1,1.0,0.5,0.5
749,3,3,2,1.0,0.6667,0.6667
750,1,1,1,1.0,1.0,1.0
751,2,1,0,0.5,0.0,0.0
752,2,2,1,1.0,0.5,0.5
753,3,3,3,1.0,1.0,1.0
754,1,1,1,1.0,1.0,1.0
755,1,1,1,1.0,1.0,1.0
756,3,2,1,0.6667,0.3333,0.3333
757,2,2,1,1.0,0.5,0.5
758,3,0,0,0.0,0.0,0.0
759,1,0,0,0.0,0.0,0.0
760,3,3,2,1.0,0.6667,0.6667
761,1,1,1,1.0,1.0,1.0
762,3,2,2,0.6667,0.6667,0.6667
763,2,2,1,1.0,0.5,0.5
764,1,0,0,0.0,0.0,0.0
765,3,3,2,1.0,0.6667,0.6667
766,2,2,2,1.0,1.0,1.0
767,1,0,0,0.0,0.0,0.0
768,1,1,1,1.0,1.0,1.0
769,3,0,0,0.0,0.0,0.0
770,1,1,1,1.0,1.0,1.0
771,2,1,1,0.5,0.5,0.5
772,2,1,0,0.5,0.0,0.0
773,1,1,1,1.0,1.0,1.0
774,1,0,0,0.0,0.0,0.0
775,2,2,0,1.0,0.0,0.0
776,1,1,1,1.0,1.0,1.0
777,2,1,1,0.5,0.5,0.5
778,3,3,2,1.0,0.6667,0.6667
779,1,1,1,1.0,1.0,1.0
780,2,1,0,0.5,0.0,0.0
781,2,1,1,0.5,0.5,0.5
782,2,2,1,1.0,0.5,0.5
783,1,1,1,1.0,1.0,1.0
784,2,2,1,1.0,0.5,0.5
785,3,2,1,0.6667,0.3333,0.3333
786,1,1,0,1.0,0.0,0.0
787,3,2,1,0.6667,0.3333,0.3333
788,3,3,3,1.0,1.0,1.0
789,3,3,2,1.0,0.6667,0.6667
790,3,3,2,1.0,0.6667,0.6667
791,2,1,1,0.5,0.5,0.5
792,1,1,1,1.0,1.0,1.0
793,2,2,1,1.0,0.5,0.5
794,2,2,2,1.0,1.0,1.0
795,2,1,1,0.5,0.5,0.5
796,3,1,1,0.3333,0.3333,0.3333
797,3,3,2,1.0,0.6667,0.6667
798,2,2,1,1.0,0.5,0.5
799,2,1,1,0.5,0.5,0.5
800,1,0,0,0.0,0.0,0.0
801,1,1,0,1.0,0.0,0.0
802,2,2,1,1.0,0.5,0.5
803,3,1,0,0.3333,0.0,0.0
804,2,2,0,1.0,0.0,0.0
805,3,3,1,1.0,0.3333,0.3333
806,1,1,1,1.0,1.0,1.0
807,3,2,2,0.6667,0.6667,0.6667
808,3,3,2,1.0,0.6667,0.6667
809,1,1,1,1.0,1.0,1.0
810,3,3,3,1.0,1.0,1.0
811,3,3,2,1.0,0.6667,0.6667
812,2,1,1,0.5,0.5,0.5
813,2,2,2,1.0,1.0,1.0
814,2,2,1,1.0,0.5,0.5
815,1,1,1,1.0,1.0,1.0
816,1,1,1,1.0,1.0,1.0
817,2,2,2,1.0,1.0,1.0
818,3,2,2,0.6667,0.6667,0.6667
819,2,2,1,1.0,0.5,0.5
820,1,1,1,1.0,1.0,1.0
821,1,1,1,1.0,1.0,1.0
822,1,1,0,1.0,0.0,0.0
823,1,1,0,1.0,0.0,0.0
824,3,3,1,1.0,0.3333,0.3333
825,1,1,1,1.0,1.0,1.0
826,3,3,2,1.0,0.6667,0.6667
827,3,2,2,0.6667,0.6667,0.6667
828,2,2,2,1.0,1.0,1.0
829,1,1,1,1.0,1.0,1.0
830,3,2,1,0.6667,0.3333,0.3333
831,2,2,2,1.0,1.0,1.0
832,3,2,1,0.6667,0.3333,0.3333
833,2,2,1,1.0,0.5,0.5
834,1,1,1,1.0,1.0,1.0
835,1,1,1,1.0,1.0,1.0
836,2,2,1,1.0,0.5,0.5
837,1,0,0,0.0,0.0,0.0
838,1,1,1,1.0,1.0,1.0
839,2,1,0,0.5,0.0,0.0
840,2,1,0,0.5,0.0,0.0
841,2,2,1,1.0,0.5,0.5
842,3,3,1,1.0,0.3333,0.3333
843,1,1,1,1.0,1.0,1.0
844,1,1,1,1.0,1.0,1.0
845,2,2,0,1.0,0.0,0.0
846,3,3,1,1.0,0.3333,0.3333
847,2,2,1,1.0,0.5,0.5
848,2,2,2,1.0,1.0,1.0
849,2,2,1,1.0,0.5,0.5
850,3,3,3,1.0,1.0,1.0
851,2,1,0,0.5,0.0,0.0
852,2,2,0,1.0,0.0,0.0
853,1,1,1,1.0,1.0,1.0
854,3,3,3,1.0,1.0,1.0
855,1,1,0,1.0,0.0,0.0
856,1,1,1,1.0,1.0,1.0
857,2,1,0,0.5,0.0,0.0
858,2,1,1,0.5,0.5,0.5
859,2,1,1,0.5,0.5,0.5
860,1,1,0,1.0,0.0,0.0
861,2,2,1,1.0,0.5,0.5
862,2,2,1,1.0,0.5,0.5
863,3,2,0,0.6667,0.0,0.0
864,1,1,1,1.0,1.0,1.0
865,3,3,3,1.0,1.0,1.0
866,2,2,2,1.0,1.0,1.0
867,2,2,2,1.0,1.0,1.0
868,3,2,1,0.6667,0.3333,0.3333
869,2,1,1,0.5,0.5,0.5
870,1,1,1,1.0,1.0,1.0
871,3,2,1,0.6667,0.3333,0.3333
872,2,2,1,1.0,0.5,0.5
873,2,2,1,1.0,0.5,0.5
874,2,2,2,1.0,1.0,1.0
875,1,1,1,1.0,1.0,1.0
876,2,2,2,1.0,1.0,1.0
877,3,1,1,0.3333,0.3333,0.3333
878,2,2,1,1.0,0.5,0.5
879,1,1,1,1.0,1.0,1.0
880,2,1,1,0.5,0.5,0.5
881,2,2,1,1.0,0.5,0.5
882,2,1,0,0.5,0.0,0.0
883,1,1,1,1.0,1.0,1.0
884,3,3,3,1.0,1.0,1.0
885,3,1,1,0.3333,0.3333,0.3333
886,1,1,0,1.0,0.0,0.0
887,1,0,0,0.0,0.0,0.0
888,3,1,0,0.3333,0.0,0.0
889,1,1,1,1.0,1.0,1.0
890,1,1,1,1.0,1.0,1.0
891,1,1,1,1.0,1.0,1.0
892,2,2,0,1.0,0.0,0.0
893,1,1,0,1.0,0.0,0.0
894,2,2,2,1.0,1.0,1.0
895,3,3,1,1.0,0.3333,0.3333
896,2,2,2,1.0,1.0,1.0
897,2,2,1,1.0,0.5,0.5
898,3,2,0,0.6667,0.0,0.0
899,2,1,1,0.5,0.5,0.5
900,1,1,1,1.0,1.0,1.0
901,2,2,2,1.0,1.0,1.0
902,3,3,1,1.0,0.3333,0.3333
903,3,2,2,0.6667,0.6667,0.6667
904,1,1,1,1.0,1.0,1.0
905,1,1,1,1.0,1.0,1.0
906,2,0,0,0.0,0.0,0.0
907,3,2,1,0.6667,0.3333,0.3333
908,2,2,2,1.0,1.0,1.0
909,3,3,2,1.0,0.6667,0.6667
910,1,1,0,1.0,0.0,0.0
911,2,1,1,0.5,0.5,0.5
912,3,1,0,0.3333,0.0,0.0
913,2,2,1,1.0,0.5,0.5
914,2,2,1,1.0,0.5,0.5
915,2,2,1,1.0,0.5,0.5
916,2,2,1,1.0,0.5,0.5
917,2,1,0,0.5,0.0,0.0
918,2,2,1,1.0,0.5,0.5
919,2,2,2,1.0,1.0,1.0
920,2,2,1,1.0,0.5,0.5
921,2,2,2,1.0,1.0,1.0
922,3,3,2,1.0,0.6667,0.6667
923,3,3,3,1.0,1.0,1.0
924,2,2,2,1.0,1.0,1.0
925,3,3,3,1.0,1.0,1.0
926,1,1,1,1.0,1.0,1.0
927,2,1,1,0.5,0.5,0.5
928,3,3,3,1.0,1.0,1.0
929,1,1,1,1.0,1.0,1.0
930,1,1,1,1.0,1.0,1.0
931,3,3,2,1.0,0.6667,0.6667
932,2,1,0,0.5,0.0,0.0
933,3,2,1,0.6667,0.3333,0.3333
934,3,3,2,1.0,0.6667,0.6667
935,2,2,0,1.0,0.0,0.0
936,1,1,1,1.0,1.0,1.0
937,3,2,1,0.6667,0.3333,0.3333
938,2,2,0,1.0,0.0,0.0
939,2,2,2,1.0,1.0,1.0
940,3,3,1,1.0,0.3333,0.3333
941,2,1,1,0.5,0.5,0.5
942,2,2,0,1.0,0.0,0.0
943,1,0,0,0.0,0.0,0.0
944,3,3,2,1.0,0.6667,0.6667
945,2,2,1,1.0,0.5,0.5
946,3,3,3,1.0,1.0,1.0
947,2,2,2,1.0,1.0,1.0
948,1,1,1,1.0,1.0,1.0
949,2,2,2,1.0,1.0,1.0
950,3,2,1,0.6667,0.3333,0.3333
951,3,3,3,1.0,1.0,1.0
952,3,3,0,1.0,0.0,0.0
953,3,2,2,0.6667,0.6667,0.6667
954,3,1,0,0.3333,0.0,0.0
955,2,1,1,0.5,0.5,0.5
956,1,1,1,1.0,1.0,1.0
957,2,0,0,0.0,0.0,0.0
958,1,1,1,1.0,1.0,1.0
959,3,3,3,1.0,1.0,1.0
960,2,2,1,1.0,0.5,0.5
961,2,1,0,0.5,0.0,0.0
962,3,2,1,0.6667,0.3333,0.3333
963,1,1,1,1.0,1.0,1.0
964,3,2,2,0.6667,0.6667,0.6667
965,1,1,1,1.0,1.0,1.0
966,3,3,3,1.0,1.0,1.0
967,2,2,1,1.0,0.5,0.5
968,2,2,1,1.0,0.5,0.5
969,1,1,1,1.0,1.0,1.0
970,1,1,1,1.0,1.0,1.0
971,2,2,2,1.0,1.0,1.0
972,3,2,0,0.6667,0.0,0.0
973,1,1,1,1.0,1.0,1.0
974,2,2,2,1.0,1.0,1.0
975,1,0,0,0.0,0.0,0.0
976,3,3,1,1.0,0.3333,0.3333
977,2,1,1,0.5,0.5,0.5
978,3,2,2,0.6667,0.6667,0.6667
979,2,2,1,1.0,0.5,0.5
980,1,1,1,1.0,1.0,1.0
981,3,2,2,0.6667,0.6667,0.6667
982,3,3,2,1.0,0.6667,0.6667
983,3,2,1,0.6667,0.3333,0.3333
984,2,1,0,0.5,0.0,0.0
985,3,2,2,0.6667,0.6667,0.6667
986,2,2,1,1.0,0.5,0.5
987,2,2,1,1.0,0.5,0.5
988,2,1,1,0.5,0.5,0.5
989,2,1,1,0.5,0.5,0.5
990,1,1,1,1.0,1.0,1.0
991,1,1,1,1.0,1.0,1.0
992,1,1,0,1.0,0.0,0.0
993,3,1,0,0.3333,0.0,0.0
994,2,1,1,0.5,0.5,0.5
995,1,1,0,1.0,0.0,0.0
996,1,1,1,1.0,1.0,1.0
997,3,1,1,0.3333,0.3333,0.3333
998,3,3,3,1.0,1.0,1.0
999,1,1,1,1.0,1.0,1.0
1000,1,1,0,1.0,0.0,0.0
1001,2,2,2,1.0,1.0,1.0
1002,3,2,2,0.6667,0.6667,0.6667
1003,2,1,1,0.5,0.5,0.5
1004,2,2,1,1.0,0.5,0.5
1005,1,1,1,1.0,1.0,1.0
1006,1,0,0,0.0,0.0,0.0
1007,2,2,0,1.0,0.0,0.0
1008,2,2,0,1.0,0.0,0.0
1009,2,2,1,1.0,0.5,0.5
1010,1,1,1,1.0,1.0,1.0
1011,2,1,1,0.5,0.5,0.5
1012,3,3,1,1.0,0.3333,0.3333
1013,1,0,0,0.0,0.0,0.0
1014,1,1,1,1.0,1.0,1.0
1015,1,1,1,1.0,1.0,1.0
1016,2,2,1,1.0,0.5,0.5
1017,2,2,2,1.0,1.0,1.0
1018,2,2,1,1.0,0.5,0.5
1019,3,3,2,1.0,0.6667,0.6667
1020,2,2,1,1.0,0.5,0.5
1021,3,2,1,0.6667,0.3333,0.3333
1022,2,2,2,1.0,1.0,1.0
1023,3,3,2,1.0,0.6667,0.6667
1024,3,3,3,1.0,1.0,1.0
1025,3,3,3,1.0,1.0,1.0
1026,3,3,2,1.0,0.6667,0.6667
1027,2,1,1,0.5,0.5,0.5
1028,1,0,0,0.0,0.0,0.0
1029,3,2,1,0.6667,0.3333,0.3333
1030,3,2,1,0.6667,0.3333,0.3333
1031,3,2,2,0.6667,0.6667,0.6667
1032,2,2,1,1.0,0.5,0.5
1033,3,1,1,0.3333,0.3333,0.3333
1034,1,1,0,1.0,0.0,0.0
1035,2,2,1,1.0,0.5,0.5
1036,1,1,0,1.0,0.0,0.0
1037,3,2,2,0.6667,0.6667,0.6667
1038,2,2,2,1.0,1.0,1.0
1039,3,2,1,0.6667,0.3333,0.3333
1040,1,1,1,1.0,1.0,1.0
1041,1,0,0,0.0,0.0,0.0
1042,2,1,0,0.5,0.0,0.0
1043,3,3,2,1.0,0.6667,0.6667
1044,3,2,0,0.6667,0.0,0.0
1045,1,1,1,1.0,1.0,1.0
1046,2,2,1,1.0,0.5,0.5
1047,3,1,1,0.3333,0.3333,0.3333
1048,1,1,0,1.0,0.0,0.0
1049,2,1,0,0.5,0.0,0.0
1050,2,2,1,1.0,0.5,0.5
1051,3,2,0,0.6667,0.0,0.0
1052,2,2,2,1.0,1.0,1.0
1053,2,1,0,0.5,0.0,0.0
1054,3,1,1,0.3333,0.3333,0.3333
1055,2,2,2,1.0,1.0,1.0
1056,2,2,1,1.0,0.5,0.5
1057,1,0,0,0.0,0.0,0.0
1058,2,1,0,0.5,0.0,0.0
1059,3,2,2,0.6667,0.6667,0.6667
1060,1,0,0,0.0,0.0,0.0
1061,3,3,1,1.0,0.3333,0.3333
1062,2,2,0,1.0,0.0,0.0
1063,3,1,1,0.3333,0.3333,0.3333
1064,1,1,1,1.0,1.0,1.0
1065,2,2,2,1.0,1.0,1.0
1066,3,3,3,1.0,1.0,1.0
1067,3,3,3,1.0,1.0,1.0
1068,3,3,3,1.0,1.0,1.0
1069,3,2,1,0.6667,0.3333,0.3333
1070,2,2,1,1.0,0.5,0.5
1071,2,2,2,1.0,1.0,1.0
1072,2,2,2,1.0,1.0,1.0
1073,1,0,0,0.0,0.0,0.0
1074,3,3,1,1.0,0.3333,0.3333
1075,1,1,1,1.0,1.0,1.0
1076,2,2,2,1.0,1.0,1.0
1077,3,3,3,1.0,1.0,1.0
1078,2,2,2,1.0,1.0,1.0
1079,3,2,1,0.6667,0.3333,0.3333
1080,1,0,0,0.0,0.0,0.0
1081,1,1,1,1.0,1.0,1.0
1082,2,2,2,1.0,1.0,1.0
1083,1,1,1,1.0,1.0,1.0
1084,1,1,1,1.0,1.0,1.0
1085,2,2,2,1.0,1.0,1.0
1086,1,1,1,1.0,1.0,1.0
1087,3,3,2,1.0,0.6667,0.6667
1088,2,2,1,1.0,0.5,0.5
1089,2,2,2,1.0,1.0,1.0
1090,1,1,1,1.0,1.0,1.0
1091,3,2,1,0.6667,0.3333,0.3333
1092,1,1,0,1.0,0.0,0.0
1093,2,2,1,1.0,0.5,0.5
1094,1,1,1,1.0,1.0,1.0
1095,1,1,1,1.0,1.0,1.0
1096,1,1,0,1.0,0.0,0.0
1097,1,0,0,0.0,0.0,0.0
1098,2,2,1,1.0,0.5,0.5
1099,2,2,1,1.0,0.5,0.5
1100,2,1,1,0.5,0.5,0.5
1101,2,2,1,1.0,0.5,0.5
1102,2,2,2,1.0,1.0,1.0
1103,3,1,0,0.3333,0.0,0.0
1104,2,1,1,0.5,0.5,0.5
1105,1,0,0,0.0,0.0,0.0
1106,1,1,1,1.0,1.0,1.0
1107,2,2,2,1.0,1.0,1.0
1108,1,0,0,0.0,0.0,0.0
1109,3,3,1,1.0,0.3333,0.3333
1110,1,1,1,1.0,1.0,1.0
1111,2,2,0,1.0,0.0,0.0
1112,3,2,1,0.6667,0.3333,0.3333
1113,1,1,1,1.0,1.0,1.0
1114,1,1,0,1.0,0.0,0.0
1115,3,3,3,1.0,1.0,1.0
1116,3,3,2,1.0,0.6667,0.6667
1117,2,2,2,1.0,1.0,1.0
1118,2,2,2,1.0,1.0,1.0
1119,2,1,1,0.5,0.5,0.5
1120,3,2,2,0.6667,0.6667,0.6667
1121,3,2,2,0.6667,0.6667,0.6667
1122,1,1,0,1.0,0.0,0.0
1123,1,1,1,1.0,1.0,1.0
1124,3,3,2,1.0,0.6667,0.6667
1125,2,2,1,1.0,0.5,0.5
1126,3,2,2,0.6667,0.6667,0.6667
1127,1,1,0,1.0,0.0,0.0
1128,1,1,0,1.0,0.0,0.0
1129,2,2,2,1.0,1.0,1.0
1130,2,2,1,1.0,0.5,0.5
1131,2,2,2,1.0,1.0,1.0
1132,3,3,3,1.0,1.0,1.0
1133,3,3,1,1.0,0.3333,0.3333
1134,2,2,2,1.0,1.0,1.0
1135,3,3,2,1.0,0.6667,0.6667
1136,2,2,1,1.0,0.5,0.5
1137,1,1,1,1.0,1.0,1.0
1138,1,0,0,0.0,0.0,0.0
1139,2,1,1,0.5,0.5,0.5
1140,1,1,1,1.0,1.0,1.0
1141,2,1,1,0.5,0.5,0.5
1142,2,2,1,1.0,0.5,0.5
1143,3,3,2,1.0,0.6667,0.6667
1144,1,0,0,0.0,0.0,0.0
1145,2,2,2,1.0,1.0,1.0
1146,1,1,1,1.0,1.0,1.0
1147,3,3,1,1.0,0.3333,0.3333
1148,1,1,1,1.0,1.0,1.0
1149,1,1,1,1.0,1.0,1.0
1150,2,1,1,0.5,0.5,0.5
1151,1,1,1,1.0,1.0,1.0
1152,3,2,2,0.6667,0.6667,0.6667
1153,2,2,0,1.0,0.0,0.0
1154,1,1,1,1.0,1.0,1.0
1155,1,1,1,1.0,1.0,1.0
1156,3,3,3,1.0,1.0,1.0
1157,2,2,1,1.0,0.5,0.5
1158,2,2,2,1.0,1.0,1.0
1159,3,3,2,1.0,0.6667,0.6667
1160,2,1,1,0.5,0.5,0.5
1161,2,2,2,1.0,1.0,1.0
1162,2,2,2,1.0,1.0,1.0
1163,1,1,1,1.0,1.0,1.0
1164,1,1,1,1.0,1.0,1.0
1165,2,2,2,1.0,1.0,1.0
1166,2,2,2,1.0,1.0,1.0
1167,1,1,1,1.0,1.0,1.0
1168,2,2,1,1.0,0.5,0.5
1169,1,1,0,1.0,0.0,0.0
1170,3,1,1,0.3333,0.3333,0.3333
1171,1,1,0,1.0,0.0,0.0
1172,1,1,1,1.0,1.0,1.0
1173,3,3,1,1.0,0.3333,0.3333
1174,2,0,0,0.0,0.0,0.0
1175,2,2,1,1.0,0.5,0.5
1176,1,1,1,1.0,1.0,1.0
1177,3,3,3,1.0,1.0,1.0
1178,1,1,1,1.0,1.0,1.0
1179,3,2,1,0.6667,0.3333,0.3333
1180,1,1,1,1.0,1.0,1.0
1181,2,1,0,0.5,0.0,0.0
1182,3,3,2,1.0,0.6667,0.6667
1183,1,1,1,1.0,1.0,1.0
1184,3,1,0,0.3333,0.0,0.0
1185,3,3,2,1.0,0.6667,0.6667
1186,1,1,1,1.0,1.0,1.0
1187,3,2,2,0.6667,0.6667,0.6667
1188,3,3,1,1.0,0.3333,0.3333
1189,1,1,1,1.0,1.0,1.0
1190,2,2,2,1.0,1.0,1.0
1191,2,2,1,1.0,0.5,0.5
1192,1,1,1,1.0,1.0,1.0
1193,2,1,0,0.5,0.0,0.0
1194,2,2,1,1.0,0.5,0.5
1195,3,2,2,0.6667,0.6667,0.6667
1196,1,1,1,1.0,1.0,1.0
1197,2,1,0,0.5,0.0,0.0
1198,1,1,1,1.0,1.0,1.0
1199,2,2,1,1.0,0.5,0.5
1200,3,3,2,1.0,0.6667,0.6667
1201,3,2,1,0.6667,0.3333,0.3333
1202,2,2,1,1.0,0.5,0.5
1203,1,1,1,1.0,1.0,1.0
1204,2,2,1,1.0,0.5,0.5
1205,1,1,1,1.0,1.0,1.0
1206,2,1,1,0.5,0.5,0.5
1207,1,1,1,1.0,1.0,1.0
1208,1,1,0,1.0,0.0,0.0
1209,2,1,1,0.5,0.5,0.5
1210,2,0,0,0.0,0.0,0.0
1211,2,2,1,1.0,0.5,0.5
1212,3,3,2,1.0,0.6667,0.6667
1213,3,2,2,0.6667,0.6667,0.6667
1214,2,2,2,1.0,1.0,1.0
1215,3,3,0,1.0,0.0,0.0
1216,2,2,2,1.0,1.0,1.0
1217,3,3,2,1.0,0.6667,0.6667
1218,3,2,2,0.6667,0.6667,0.6667
1219,3,3,2,1.0,0.6667,0.6667
1220,3,3,3,1.0,1.0,1.0
1221,1,0,0,0.0,0.0,0.0
1222,2,1,1,0.5,0.5,0.5
1223,2,1,1,0.5,0.5,0.5
1224,2,2,0,1.0,0.0,0.0
1225,1,1,0,1.0,0.0,0.0
1226,1,1,0,1.0,0.0,0.0
1227,1,1,1,1.0,1.0,1.0
1228,2,2,1,1.0,0.5,0.5
1229,1,1,1,1.0,1.0,1.0
1230,2,2,1,1.0,0.5,0.5
1231,2,2,1,1.0,0.5,0.5
1232,2,1,1,0.5,0.5,0.5
1233,3,2,2,0.6667,0.6667,0.6667
1234,2,2,2,1.0,1.0,1.0
1235,1,1,1,1.0,1.0,1.0
1236,2,2,2,1.0,1.0,1.0
1237,2,2,2,1.0,1.0,1.0
1238,1,0,0,0.0,0.0,0.0
1239,2,2,1,1.0,0.5,0.5
1240,2,2,1,1.0,0.5,0.5
1241,2,2,2,1.0,1.0,1.0
1242,3,3,1,1.0,0.3333,0.3333
1243,1,0,0,0.0,0.0,0.0
1244,3,1,1,0.3333,0.3333,0.3333
1245,2,1,0,0.5,0.0,0.0
1246,3,3,2,1.0,0.6667,0.6667
1247,3,3,1,1.0,0.3333,0.3333
1248,2,2,1,1.0,0.5,0.5
1249,1,1,1,1.0,1.0,1.0
1250,2,1,1,0.5,0.5,0.5
1251,3,3,1,1.0,0.3333,0.3333
1252,1,1,1,1.0,1.0,1.0
1253,1,1,0,1.0,0.0,0.0
1254,3,3,2,1.0,0.6667,0.6667
1255,2,2,1,1.0,0.5,0.5
1256,3,3,1,1.0,0.3333,0.3333
1257,2,2,1,1.0,0.5,0.5
1258,1,0,0,0.0,0.0,0.0
1259,3,2,1,0.6667,0.3333,0.3333
1260,2,2,2,1.0,1.0,1.0
1261,1,1,1,1.0,1.0,1.0
1262,1,1,0,1.0,0.0,0.0
1263,2,2,2,1.0,1.0,1.0
1264,2,1,1,0.5,0.5,0.5
1265,3,2,2,0.6667,0.6667,0.6667
1266,1,1,0,1.0,0.0,0.0
1267,1,1,1,1.0,1.0,1.0
1268,2,2,0,1.0,0.0,0.0
1269,2,2,2,1.0,1.0,1.0
1270,3,3,2,1.0,0.6667,0.6667
1271,2,2,1,1.0,0.5,0.5
1272,2,2,2,1.0,1.0,1.0
1273,3,3,2,1.0,0.6667,0.6667
1274,3,3,1,1.0,0.3333,0.3333
1275,1,1,1,1.0,1.0,1.0
1276,1,0,0,0.0,0.0,0.0
1277,3,1,1,0.3333,0.3333,0.3333
1278,1,1,0,1.0,0.0,0.0
1279,2,2,2,1.0,1.0,1.0
1280,3,1,0,0.3333,0.0,0.0
1281,3,2,2,0.6667,0.6667,0.6667
1282,1,1,1,1.0,1.0,1.0
1283,1,1,1,1.0,1.0,1.0
1284,3,3,3,1.0,1.0,1.0
1285,3,3,2,1.0,0.6667,0.6667
1286,3,3,2,1.0,0.6667,0.6667
1287,2,2,0,1.0,0.0,0.0
1288,1,1,1,1.0,1.0,1.0
1289,2,2,1,1.0,0.5,0.5
1290,3,3,3,1.0,1.0,1.0
1291,3,2,2,0.6667,0.6667,0.6667
1292,3,2,1,0.6667,0.3333,0.3333
1293,3,2,1,0.6667,0.3333,0.3333
1294,2,1,1,0.5,0.5,0.5
1295,3,3,2,1.0,0.6667,0.6667
1296,1,1,1,1.0,1.0,1.0
1297,3,3,2,1.0,0.6667,0.6667
1298,2,1,0,0.5,0.0,0.0
1299,2,2,1,1.0,0.5,0.5
1300,3,3,2,1.0,0.6667,0.6667
1301,2,2,2,1.0,1.0,1.0
1302,3,3,3,1.0,1.0,1.0
1303,1,1,1,1.0,1.0,1.0
1304,2,2,2,1.0,1.0,1.0
1305,2,1,0,0.5,0.0,0.0
1306,2,2,1,1.0,0.5,0.5
1307,1,1,1,1.0,1.0,1.0
1308,1,1,1,1.0,1.0,1.0
1309,1,1,0,1.0,0.0,0.0
1310,3,2,1,0.6667,0.3333,0.3333
1311,3,2,1,0.6667,0.3333,0.3333
1312,2,2,0,1.0,0.0,0.0
1313,2,2,1,1.0,0.5,0.5
1314,2,2,0,1.0,0.0,0.0
1315,1,1,1,1.0,1.0,1.0
1316,3,3,1,1.0,0.3333,0.3333
1317,1,1,1,1.0,1.0,1.0
1318,1,1,1,1.0,1.0,1.0
1319,2,0,0,0.0,0.0,0.0
1320,3,1,1,0.3333,0.3333,0.3333
1321,2,2,1,1.0,0.5,0.5
1322,3,3,0,1.0,0.0,0.0
1323,2,2,0,1.0,0.0,0.0
1324,2,2,1,1.0,0.5,0.5
1325,1,1,1,1.0,1.0,1.0
1326,3,2,1,0.6667,0.3333,0.3333
1327,3,3,2,1.0,0.6667,0.6667
1328,2,2,2,1.0,1.0,1.0
1329,2,2,1,1.0,0.5,0.5
1330,2,2,1,1.0,0.5,0.5
1331,1,1,1,1.0,1.0,1.0
1332,1,1,1,1.0,1.0,1.0
1333,3,2,2,0.6667,0.6667,0.6667
1334,2,2,2,1.0,1.0,1.0
1335,3,3,2,1.0,0.6667,0.6667
1336,3,1,1,0.3333,0.3333,0.3333
1337,2,2,0,1.0,0.0,0.0
1338,2,2,2,1.0,1.0,1.0
1339,3,3,1,1.0,0.3333,0.3333
1340,2,2,1,1.0,0.5,0.5
1341,2,2,1,1.0,0.5,0.5
1342,1,1,1,1.0,1.0,1.0
1343,2,2,1,1.0,0.5,0.5
1344,1,1,1,1.0,1.0,1.0
1345,2,2,0,1.0,0.0,0.0
1346,1,1,1,1.0,1.0,1.0
1347,1,1,1,1.0,1.0,1.0
1348,3,3,2,1.0,0.6667,0.6667
1349,1,1,1,1.0,1.0,1.0
1350,3,2,2,0.6667,0.6667,0.6667
1351,2,2,2,1.0,1.0,1.0
1352,2,2,2,1.0,1.0,1.0
1353,1,1,1,1.0,1.0,1.0
1354,3,3,2,1.0,0.6667,0.6667
1355,1,1,0,1.0,0.0,0.0
1356,2,2,2,1.0,1.0,1.0
1357,3,3,1,1.0,0.3333,0.3333
1358,2,2,2,1.0,1.0,1.0
1359,2,1,1,0.5,0.5,0.5
1360,2,2,1,1.0,0.5,0.5
1361,3,3,1,1.0,0.3333,0.3333
1362,2,1,1,0.5,0.5,0.5
1363,2,2,1,1.0,0.5,0.5
1364,3,2,2,0.6667,0.6667,0.6667
1365,1,1,1,1.0,1.0,1.0
1366,1,1,1,1.0,1.0,1.0
1367,2,2,2,1.0,1.0,1.0
1368,2,1,1,0.5,0.5,0.5
1369,2,1,1,0.5,0.5,0.5
1370,2,2,2,1.0,1.0,1.0
1371,3,3,0,1.0,0.0,0.0
1372,2,2,1,1.0,0.5,0.5
1373,1,1,1,1.0,1.0,1.0
1374,1,1,1,1.0,1.0,1.0
1375,3,2,2,0.6667,0.6667,0.6667
1376,3,2,1,0.6667,0.3333,0.3333
1377,1,1,1,1.0,1.0,1.0
1378,2,2,0,1.0,0.0,0.0
1379,3,3,3,1.0,1.0,1.0
1380,2,2,0,1.0,0.0,0.0
1381,2,2,2,1.0,1.0,1.0
1382,1,1,1,1.0,1.0,1.0
1383,2,2,1,1.0,0.5,0.5
1384,1,1,0,1.0,0.0,0.0
1385,2,2,2,1.0,1.0,1.0
1386,2,2,2,1.0,1.0,1.0
1387,3,3,2,1.0,0.6667,0.6667
1388,3,2,2,0.6667,0.6667,0.6667
1389,2,2,1,1.0,0.5,0.5
1390,1,1,1,1.0,1.0,1.0
1391,3,3,2,1.0,0.6667,0.6667
1392,1,1,0,1.0,0.0,0.0
1393,1,1,1,1.0,1.0,1.0
1394,1,1,1,1.0,1.0,1.0
1395,2,2,1,1.0,0.5,0.5
1396,1,0,0,0.0,0.0,0.0
1397,2,2,2,1.0,1.0,1.0
1398,1,1,1,1.0,1.0,1.0
1399,2,1,1,0.5,0.5,0.5
1400,2,1,0,0.5,0.0,0.0
1401,3,1,0,0.3333,0.0,0.0
1402,3,3,2,1.0,0.6667,0.6667
1403,2,2,2,1.0,1.0,1.0
1404,3,3,1,1.0,0.3333,0.3333
1405,3,2,2,0.6667,0.6667,0.6667
1406,3,3,2,1.0,0.6667,0.6667
1407,3,3,3,1.0,1.0,1.0
1408,3,3,1,1.0,0.3333,0.3333
1409,2,1,1,0.5,0.5,0.5
1410,3,1,0,0.3333,0.0,0.0
1411,3,3,1,1.0,0.3333,0.3333
1412,3,3,2,1.0,0.6667,0.6667
1413,3,2,1,0.6667,0.3333,0.3333
1414,1,1,1,1.0,1.0,1.0
1415,2,1,1,0.5,0.5,0.5
1416,3,3,2,1.0,0.6667,0.6667
1417,3,3,2,1.0,0.6667,0.6667
1418,2,2,1,1.0,0.5,0.5
1419,1,1,1,1.0,1.0,1.0
1420,1,1,1,1.0,1.0,1.0
1421,1,1,1,1.0,1.0,1.0
1422,3,2,1,0.6667,0.3333,0.3333
1423,2,2,1,1.0,0.5,0.5
1424,1,0,0,0.0,0.0,0.0
1425,2,2,1,1.0,0.5,0.5
1426,3,2,2,0.6667,0.6667,0.6667
1427,3,3,1,1.0,0.3333,0.3333
1428,2,2,0,1.0,0.0,0.0
1429,3,2,2,0.6667,0.6667,0.6667
1430,3,2,2,0.6667,0.6667,0.6667
1431,2,2,2,1.0,1.0,1.0
1432,2,2,2,1.0,1.0,1.0
1433,3,2,0,0.6667,0.0,0.0
1434,3,3,1,1.0,0.3333,0.3333
1435,1,1,1,1.0,1.0,1.0
1436,3,3,2,1.0,0.6667,0.6667
1437,3,3,2,1.0,0.6667,0.6667
1438,1,1,1,1.0,1.0,1.0
1439,2,1,0,0.5,0.0,0.0
1440,3,1,0,0.3333,0.0,0.0
1441,1,1,0,1.0,0.0,0.0
1442,2,2,0,1.0,0.0,0.0
1443,2,2,2,1.0,1.0,1.0
1444,2,1,1,0.5,0.5,0.5
1445,1,1,1,1.0,1.0,1.0
1446,1,1,1,1.0,1.0,1.0
1447,3,2,1,0.6667,0.3333,0.3333
1448,2,1,1,0.5,0.5,0.5
1449,2,1,0,0.5,0.0,0.0
1450,1,1,1,1.0,1.0,1.0
1451,3,3,2,1.0,0.6667,0.6667
1452,1,1,1,1.0,1.0,1.0
1453,2,2,2,1.0,1.0,1.0
1454,1,1,1,1.0,1.0,1.0
1455,2,2,2,1.0,1.0,1.0
1456,2,2,1,1.0,0.5,0.5
1457,1,1,1,1.0,1.0,1.0
1458,1,1,0,1.0,0.0,0.0
1459,2,2,1,1.0,0.5,0.5
1460,3,2,0,0.6667,0.0,0.0
1461,2,2,2,1.0,1.0,1.0
1462,2,2,1,1.0,0.5,0.5
1463,1,1,1,1.0,1.0,1.0
1464,2,2,2,1.0,1.0,1.0
1465,2,2,2,1.0,1.0,1.0
1466,2,2,1,1.0,0.5,0.5
1467,2,2,2,1.0,1.0,1.0
1468,1,1,1,1.0,1.0,1.0
1469,1,1,0,1.0,0.0,0.0
1470,3,3,0,1.0,0.0,0.0
1471,1,1,1,1.0,1.0,1.0
1472,2,1,1,0.5,0.5,0.5
1473,1,1,1,1.0,1.0,1.0
1474,2,2,0,1.0,0.0,0.0
1475,3,3,3,1.0,1.0,1.0
1476,1,1,1,1.0,1.0,1.0
1477,2,2,1,1.0,0.5,0.5
1478,1,1,1,1.0,1.0,1.0
1479,1,0,0,0.0,0.0,0.0
1480,3,2,2,0.6667,0.6667,0.6667
1481,1,1,1,1.0,1.0,1.0
1482,3,3,3,1.0,1.0,1.0
1483,2,1,1,0.5,0.5,0.5
1484,1,1,1,1.0,1.0,1.0
1485,1,1,1,1.0,1.0,1.0
1486,1,1,0,1.0,0.0,0.0
1487,2,0,0,0.0,0.0,0.0
1488,3,3,1,1.0,0.3333,0.3333
1489,1,1,1,1.0,1.0,1.0
1490,3,3,3,1.0,1.0,1.0
1491,1,1,1,1.0,1.0,1.0
1492,2,2,2,1.0,1.0,1.0
1493,2,2,1,1.0,0.5,0.5
1494,2,2,2,1.0,1.0,1.0
1495,1,1,0,1.0,0.0,0.0
1496,2,2,1,1.0,0.5,0.5
1497,2,2,1,1.0,0.5,0.5
1498,3,1,1,0.3333,0.3333,0.3333
1499,2,2,2,1.0,1.0,1.0
1500,3,2,1,0.6667,0.3333,0.3333
1501,3,3,2,1.0,0.6667,0.6667
1502,1,1,0,1.0,0.0,0.0
1503,3,2,1,0.6667,0.3333,0.3333
1504,2,1,1,0.5,0.5,0.5
1505,1,1,1,1.0,1.0,1.0
1506,3,2,0,0.6667,0.0,0.0
1507,3,2,1,0.6667,0.3333,0.3333
1508,3,3,1,1.0,0.3333,0.3333
1509,2,2,2,1.0,1.0,1.0
1510,3,2,1,0.6667,0.3333,0.3333
1511,2,2,1,1.0,0.5,0.5
1512,3,3,3,1.0,1.0,1.0
1513,3,3,3,1.0,1.0,1.0
1514,1,1,0,1.0,0.0,0.0
1515,3,2,2,0.6667,0.6667,0.6667
1516,1,1,1,1.0,1.0,1.0
1517,3,2,0,0.6667,0.0,0.0
1518,1,1,1,1.0,1.0,1.0
1519,2,2,0,1.0,0.0,0.0
1520,3,2,1,0.6667,0.3333,0.3333
1521,1,1,1,1.0,1.0,1.0
1522,2,2,2,1.0,1.0,1.0
1523,3,3,2,1.0,0.6667,0.6667
1524,1,1,1,1.0,1.0,1.0
1525,2,2,2,1.0,1.0,1.0
1526,2,2,1,1.0,0.5,0.5
1527,1,0,0,0.0,0.0,0.0
1528,3,3,3,1.0,1.0,1.0
1529,2,2,1,1.0,0.5,0.5
1530,3,3,2,1.0,0.6667,0.6667
1531,2,2,0,1.0,0.0,0.0
1532,1,0,0,0.0,0.0,0.0
1533,2,2,2,1.0,1.0,1.0
1534,3,3,3,1.0,1.0,1.0
1535,3,2,1,0.6667,0.3333,0.3333
1536,2,1,1,0.5,0.5,0.5
1537,2,2,2,1.0,1.0,1.0
1538,1,1,0,1.0,0.0,0.0
1539,1,1,0,1.0,0.0,0.0
1540,1,1,1,1.0,1.0,1.0
1541,2,2,1,1.0,0.5,0.5
1542,3,2,1,0.6667,0.3333,0.3333
1543,1,0,0,0.0,0.0,0.0
1544,1,0,0,0.0,0.0,0.0
1545,1,1,1,1.0,1.0,1.0
1546,1,1,0,1.0,0.0,0.0
1547,1,0,0,0.0,0.0,0.0
1548,3,3,1,1.0,0.3333,0.3333
1549,3,2,1,0.6667,0.3333,0.3333
1550,1,1,0,1.0,0.0,0.0
1551,3,3,1,1.0,0.3333,0.3333
1552,1,0,0,0.0,0.0,0.0
1553,1,1,0,1.0,0.0,0.0
1554,2,2,1,1.0,0.5,0.5
1555,1,1,1,1.0,1.0,1.0
1556,3,2,1,0.6667,0.3333,0.3333
1557,2,1,1,0.5,0.5,0.5
1558,1,1,0,1.0,0.0,0.0
1559,1,1,0,1.0,0.0,0.0
1560,3,3,2,1.0,0.6667,0.6667
1561,1,1,0,1.0,0.0,0.0
1562,2,2,0,1.0,0.0,0.0
1563,2,2,1,1.0,0.5,0.5
1564,3,3,3,1.0,1.0,1.0
1565,1,1,1,1.0,1.0,1.0
1566,2,2,1,1.0,0.5,0.5
1567,1,1,1,1.0,1.0,1.0
1568,1,1,0,1.0,0.0,0.0
1569,3,2,2,0.6667,0.6667,0.6667
1570,3,3,2,1.0,0.6667,0.6667
1571,1,0,0,0.0,0.0,0.0
1572,3,3,3,1.0,1.0,1.0
1573,1,1,1,1.0,1.0,1.0
1574,3,3,2,1.0,0.6667,0.6667
1575,1,1,1,1.0,1.0,1.0
1576,3,2,2,0.6667,0.6667,0.6667
1577,2,0,0,0.0,0.0,0.0
1578,2,2,2,1.0,1.0,1.0
1579,1,1,0,1.0,0.0,0.0
1580,3,3,2,1.0,0.6667,0.6667
1581,2,2,1,1.0,0.5,0.5
1582,2,2,2,1.0,1.0,1.0
1583,1,1,1,1.0,1.0,1.0
1584,1,0,0,0.0,0.0,0.0
1585,2,2,1,1.0,0.5,0.5
1586,3,3,2,1.0,0.6667,0.6667
1587,2,2,2,1.0,1.0,1.0
1588,1,1,1,1.0,1.0,1.0
1589,1,1,0,1.0,0.0,0.0
1590,1,1,1,1.0,1.0,1.0
1591,2,1,1,0.5,0.5,0.5
1592,1,1,0,1.0,0.0,0.0
1593,3,3,2,1.0,0.6667,0.6667
1594,3,2,1,0.6667,0.3333,0.3333
1595,1,1,1,1.0,1.0,1.0
1596,2,2,1,1.0,0.5,0.5
1597,3,3,1,1.0,0.3333,0.3333
1598,1,0,0,0.0,0.0,0.0
1599,2,2,2,1.0,1.0,1.0
1600,2,2,1,1.0,0.5,0.5
1601,3,3,1,1.0,0.3333,0.3333
1602,2,1,1,0.5,0.5,0.5
1603,1,1,1,1.0,1.0,1.0
1604,1,0,0,0.0,0.0,0.0
1605,2,2,2,1.0,1.0,1.0
1606,1,1,1,1.0,1.0,1.0
1607,2,2,2,1.0,1.0,1.0
1608,2,2,2,1.0,1.0,1.0
1609,1,0,0,0.0,0.0,0.0
1610,1,1,1,1.0,1.0,1.0
1611,1,1,1,1.0,1.0,1.0
1612,2,2,2,1.0,1.0,1.0
1613,2,2,2,1.0,1.0,1.0
1614,2,2,2,1.0,1.0,1.0
1615,3,2,2,0.6667,0.6667,0.6667
1616,3,3,3,1.0,1.0,1.0
1617,3,2,2,0.6667,0.6667,0.6667
1618,3,2,0,0.6667,0.0,0.0
1619,2,1,0,0.5,0.0,0.0
1620,2,2,2,1.0,1.0,1.0
1621,1,1,0,1.0,0.0,0.0
1622,2,2,2,1.0,1.0,1.0
1623,2,2,1,1.0,0.5,0.5
1624,2,2,2,1.0,1.0,1.0
1625,2,1,1,0.5,0.5,0.5
1626,2,2,0,1.0,0.0,0.0
1627,2,2,0,1.0,0.0,0.0
1628,3,3,3,1.0,1.0,1.0
1629,3,3,3,1.0,1.0,1.0
1630,1,1,1,1.0,1.0,1.0
1631,1,1,1,1.0,1.0,1.0
1632,2,2,1,1.0,0.5,0.5
1633,3,3,2,1.0,0.6667,0.6667
1634,2,1,1,0.5,0.5,0.5
1635,3,2,2,0.6667,0.6667,0.6667
1636,3,2,2,0.6667,0.6667,0.6667
1637,1,1,1,1.0,1.0,1.0
1638,2,2,1,1.0,0.5,0.5
1639,2,2,1,1.0,0.5,0.5
1640,2,2,1,1.0,0.5,0.5
1641,2,1,1,0.5,0.5,0.5
1642,3,3,1,1.0,0.3333,0.3333
1643,3,2,2,0.6667,0.6667,0.6667
1644,3,3,2,1.0,0.6667,0.6667
1645,1,1,1,1.0,1.0,1.0
1646,1,1,1,1.0,1.0,1.0
1647,2,2,2,1.0,1.0,1.0
1648,2,2,2,1.0,1.0,1.0
1649,2,2,1,1.0,0.5,0.5
1650,1,1,0,1.0,0.0,0.0
1651,2,1,1,0.5,0.5,0.5
1652,1,0,0,0.0,0.0,0.0
1653,3,3,2,1.0,0.6667,0.6667
1654,2,2,2,1.0,1.0,1.0
1655,3,2,0,0.6667,0.0,0.0
1656,3,3,3,1.0,1.0,1.0
1657,1,1,1,1.0,1.0,1.0
1658,1,1,0,1.0,0.0,0.0
1659,2,2,0,1.0,0.0,0.0
1660,3,2,2,0.6667,0.6667,0.6667
1661,3,2,0,0.6667,0.0,0.0
1662,3,2,2,0.6667,0.6667,0.6667
1663,1,0,0,0.0,0.0,0.0
1664,1,1,0,1.0,0.0,0.0
1665,3,3,1,1.0,0.3333,0.3333
1666,1,1,1,1.0,1.0,1.0
1667,3,2,2,0.6667,0.6667,0.6667
1668,3,2,1,0.6667,0.3333,0.3333
1669,2,1,0,0.5,0.0,0.0
1670,1,1,1,1.0,1.0,1.0
1671,2,1,1,0.5,0.5,0.5
1672,2,2,2,1.0,1.0,1.0
1673,2,2,1,1.0,0.5,0.5
1674,1,1,0,1.0,0.0,0.0
1675,3,3,1,1.0,0.3333,0.3333
1676,1,1,1,1.0,1.0,1.0
1677,2,2,2,1.0,1.0,1.0
1678,2,1,1,0.5,0.5,0.5
1679,2,2,1,1.0,0.5,0.5
1680,1,1,1,1.0,1.0,1.0
1681,2,1,1,0.5,0.5,0.5
1682,3,3,3,1.0,1.0,1.0
1683,2,2,1,1.0,0.5,0.5
1684,3,3,3,1.0,1.0,1.0
1685,1,1,1,1.0,1.0,1.0
1686,1,1,1,1.0,1.0,1.0
1687,1,1,1,1.0,1.0,1.0
1688,2,2,1,1.0,0.5,0.5
1689,2,2,2,1.0,1.0,1.0
1690,2,2,2,1.0,1.0,1.0
1691,2,2,2,1.0,1.0,1.0
1692,1,1,1,1.0,1.0,1.0
1693,3,2,2,0.6667,0.6667,0.6667
1694,1,0,0,0.0,0.0,0.0
1695,3,3,1,1.0,0.3333,0.3333
1696,3,3,2,1.0,0.6667,0.6667
1697,1,1,1,1.0,1.0,1.0
1698,2,2,2,1.0,1.0,1.0
1699,2,1,1,0.5,0.5,0.5
1700,1,0,0,0.0,0.0,0.0
1701,1,1,1,1.0,1.0,1.0
1702,3,3,2,1.0,0.6667,0.6667
1703,3,3,0,1.0,0.0,0.0
1704,3,3,3,1.0,1.0,1.0
1705,3,2,1,0.6667,0.3333,0.3333
1706,2,1,0,0.5,0.0,0.0
1707,2,2,2,1.0,1.0,1.0
1708,1,1,1,1.0,1.0,1.0
1709,3,3,2,1.0,0.6667,0.6667
1710,2,2,1,1.0,0.5,0.5
1711,3,2,2,0.6667,0.6667,0.6667
1712,2,2,1,1.0,0.5,0.5
1713,3,3,2,1.0,0.6667,0.6667
1714,2,2,1,1.0,0.5,0.5
1715,1,1,0,1.0,0.0,0.0
1716,3,3,3,1.0,1.0,1.0
1717,2,2,1,1.0,0.5,0.5
1718,1,1,1,1.0,1.0,1.0
1719,1,1,0,1.0,0.0,0.0
1720,3,3,2,1.0,0.6667,0.6667
1721,1,1,1,1.0,1.0,1.0
1722,2,1,1,0.5,0.5,0.5
1723,3,3,2,1.0,0.6667,0.6667
1724,2,2,2,1.0,1.0,1.0
1725,2,2,1,1.0,0.5,0.5
1726,3,2,1,0.6667,0.3333,0.3333
1727,1,1,1,1.0,1.0,1.0
1728,3,3,3,1.0,1.0,1.0
1729,2,2,2,1.0,1.0,1.0
1730,3,3,2,1.0,0.6667,0.6667
1731,2,2,2,1.0,1.0,1.0
1732,1,1,0,1.0,0.0,0.0
1733,2,2,1,1.0,0.5,0.5
1734,2,2,2,1.0,1.0,1.0
1735,2,1,0,0.5,0.0,0.0
1736,2,2,1,1.0,0.5,0.5
1737,1,1,1,1.0,1.0,1.0
1738,2,1,1,0.5,0.5,0.5
1739,1,1,1,1.0,1.0,1.0
1740,2,1,1,0.5,0.5,0.5
1741,3,3,3,1.0,1.0,1.0
1742,3,3,3,1.0,1.0,1.0
1743,1,1,1,1.0,1.0,1.0
1744,3,2,1,0.6667,0.3333,0.3333
1745,3,3,3,1.0,1.0,1.0
1746,2,2,2,1.0,1.0,1.0
1747,3,2,1,0.6667,0.3333,0.3333
1748,1,1,1,1.0,1.0,1.0
1749,1,1,1,1.0,1.0,1.0
1750,1,1,1,1.0,1.0,1.0
1751,2,2,2,1.0,1.0,1.0
1752,2,2,1,1.0,0.5,0.5
1753,3,2,1,0.6667,0.3333,0.3333
1754,2,1,0,0.5,0.0,0.0
1755,1,1,1,1.0,1.0,1.0
1756,2,1,1,0.5,0.5,0.5
1757,1,1,0,1.0,0.0,0.0
1758,1,1,1,1.0,1.0,1.0
1759,2,2,1,1.0,0.5,0.5
1760,2,1,1,0.5,0.5,0.5
1761,2,1,1,0.5,0.5,0.5
1762,3,2,2,0.6667,0.6667,0.6667
1763,3,2,0,0.6667,0.0,0.0
1764,2,1,1,0.5,0.5,0.5
1765,2,2,1,1.0,0.5,0.5
1766,1,1,0,1.0,0.0,0.0
1767,3,3,3,1.0,1.0,1.0
1768,2,2,2,1.0,1.0,1.0
1769,2,1,1,0.5,0.5,0.5
1770,3,2,1,0.6667,0.3333,0.3333
1771,2,2,1,1.0,0.5,0.5
1772,2,2,2,1.0,1.0,1.0
1773,1,1,1,1.0,1.0,1.0
1774,2,2,1,1.0,0.5,0.5
1775,3,1,0,0.3333,0.0,0.0
1776,1,1,1,1.0,1.0,1.0
1777,2,0,0,0.0,0.0,0.0
1778,2,2,1,1.0,0.5,0.5
1779,1,1,1,1.0,1.0,1.0
1780,2,1,1,0.5,0.5,0.5
1781,1,1,0,1.0,0.0,0.0
1782,2,2,1,1.0,0.5,0.5
1783,2,2,1,1.0,0.5,0.5
1784,3,1,0,0.3333,0.0,0.0
1785,2,2,2,1.0,1.0,1.0
1786,1,1,1,1.0,1.0,1.0
1787,3,3,1,1.0,0.3333,0.3333
1788,1,1,1,1.0,1.0,1.0
1789,1,1,0,1.0,0.0,0.0
1790,1,1,1,1.0,1.0,1.0
1791,3,3,2,1.0,0.6667,0.6667
1792,3,1,0,0.3333,0.0,0.0
1793,2,0,0,0.0,0.0,0.0
1794,2,2,2,1.0,1.0,1.0
1795,2,2,1,1.0,0.5,0.5
1796,3,2,1,0.6667,0.3333,0.3333
1797,3,3,1,1.0,0.3333,0.3333
1798,1,1,1,1.0,1.0,1.0
1799,3,3,2,1.0,0.6667,0.6667
1800,2,2,1,1.0,0.5,0.5
1801,3,3,2,1.0,0.6667,0.6667
1802,3,3,2,1.0,0.6667,0.6667
1803,3,3,3,1.0,1.0,1.0
1804,1,1,1,1.0,1.0,1.0
1805,3,3,3,1.0,1.0,1.0
1806,2,2,1,1.0,0.5,0.5
1807,3,2,2,0.6667,0.6667,0.6667
1808,3,2,0,0.6667,0.0,0.0
1809,3,2,1,0.6667,0.3333,0.3333
1810,1,1,1,1.0,1.0,1.0
1811,3,2,2,0.6667,0.6667,0.6667
1812,3,2,1,0.6667,0.3333,0.3333
1813,3,3,2,1.0,0.6667,0.6667
1814,1,0,0,0.0,0.0,0.0
1815,1,1,1,1.0,1.0,1.0
1816,3,3,2,1.0,0.6667,0.6667
1817,3,3,1,1.0,0.3333,0.3333
1818,3,2,1,0.6667,0.3333,0.3333
1819,2,1,1,0.5,0.5,0.5
1820,2,2,2,1.0,1.0,1.0
1821,3,3,2,1.0,0.6667,0.6667
1822,2,1,1,0.5,0.5,0.5
1823,2,2,2,1.0,1.0,1.0
1824,2,0,0,0.0,0.0,0.0
1825,3,2,1,0.6667,0.3333,0.3333
1826,2,2,1,1.0,0.5,0.5
1827,2,2,2,1.0,1.0,1.0
1828,1,1,0,1.0,0.0,0.0
1829,3,3,2,1.0,0.6667,0.6667
1830,1,1,1,1.0,1.0,1.0
1831,2,2,2,1.0,1.0,1.0
1832,2,2,1,1.0,0.5,0.5
1833,1,1,1,1.0,1.0,1.0
1834,3,3,3,1.0,1.0,1.0
1835,2,2,2,1.0,1.0,1.0
1836,2,2,2,1.0,1.0,1.0
1837,2,2,1,1.0,0.5,0.5
1838,2,1,1,0.5,0.5,0.5
1839,3,2,2,0.6667,0.6667,0.6667
1840,1,1,1,1.0,1.0,1.0
1841,3,2,2,0.6667,0.6667,0.6667
1842,3,3,3,1.0,1.0,1.0
1843,2,1,1,0.5,0.5,0.5
1844,2,2,2,1.0,1.0,1.0
1845,2,2,1,1.0,0.5,0.5
1846,3,3,3,1.0,1.0,1.0
1847,2,2,1,1.0,0.5,0.5
1848,2,2,2,1.0,1.0,1.0
1849,2,1,1,0.5,0.5,0.5
1850,2,2,1,1.0,0.5,0.5
1851,1,1,1,1.0,1.0,1.0
1852,2,2,1,1.0,0.5,0.5
1853,1,1,1,1.0,1.0,1.0
1854,2,2,2,1.0,1.0,1.0
1855,2,0,0,0.0,0.0,0.0
1856,2,1,1,0.5,0.5,0.5
1857,2,2,1,1.0,0.5,0.5
1858,3,3,3,1.0,1.0,1.0
1859,2,2,1,1.0,0.5,0.5
1860,2,2,2,1.0,1.0,1.0
1861,1,1,1,1.0,1.0,1.0
1862,2,2,2,1.0,1.0,1.0
1863,2,2,2,1.0,1.0,1.0
1864,2,2,1,1.0,0.5,0.5
1865,1,1,0,1.0,0.0,0.0
1866,1,1,1,1.0,1.0,1.0
1867,1,1,1,1.0,1.0,1.0
1868,3,2,1,0.6667,0.3333,0.3333
1869,1,1,0,1.0,0.0,0.0
1870,3,3,3,1.0,1.0,1.0
1871,1,1,1,1.0,1.0,1.0
1872,3,2,1,0.6667,0.3333,0.3333
1873,3,1,1,0.3333,0.3333,0.3333
1874,2,2,2,1.0,1.0,1.0
1875,2,1,1,0.5,0.5,0.5
1876,1,1,1,1.0,1.0,1.0
1877,2,2,2,1.0,1.0,1.0
1878,3,3,2,1.0,0.6667,0.6667
1879,1,1,0,1.0,0.0,0.0
1880,1,1,0,1.0,0.0,0.0
1881,3,3,2,1.0,0.6667,0.6667
1882,1,1,0,1.0,0.0,0.0
1883,1,1,1,1.0,1.0,1.0
1884,3,2,1,0.6667,0.3333,0.3333
1885,2,2,1,1.0,0.5,0.5
1886,1,1,0,1.0,0.0,0.0
1887,1,1,1,1.0,1.0,1.0
1888,1,1,1,1.0,1.0,1.0
1889,1,0,0,0.0,0.0,0.0
1890,2,0,0,0.0,0.0,0.0
1891,1,1,1,1.0,1.0,1.0
1892,1,1,1,1.0,1.0,1.0
1893,1,1,1,1.0,1.0,1.0
1894,3,3,2,1.0,0.6667,0.6667
1895,2,2,1,1.0,0.5,0.5
1896,3,3,2,1.0,0.6667,0.6667
1897,3,2,0,0.6667,0.0,0.0
1898,3,2,1,0.6667,0.3333,0.3333
1899,3,1,1,0.3333,0.3333,0.3333
1900,1,1,1,1.0,1.0,1.0
1901,3,2,2,0.6667,0.6667,0.6667
1902,3,1,1,0.3333,0.3333,0.3333
1903,1,1,0,1.0,0.0,0.0
1904,3,2,1,0.6667,0.3333,0.3333
1905,2,1,1,0.5,0.5,0.5
1906,1,1,1,1.0,1.0,1.0
1907,2,1,1,0.5,0.5,0.5
1908,2,1,1,0.5,0.5,0.5
1909,2,2,1,1.0,0.5,0.5
1910,3,2,2,0.6667,0.6667,0.6667
1911,3,3,2,1.0,0.6667,0.6667
1912,2,2,2,1.0,1.0,1.0
1913,1,1,1,1.0,1.0,1.0
1914,3,3,3,1.0,1.0,1.0
1915,3,3,3,1.0,1.0,1.0
1916,3,3,2,1.0,0.6667,0.6667
1917,2,0,0,0.0,0.0,0.0
1918,1,1,1,1.0,1.0,1.0
1919,3,3,3,1.0,1.0,1.0
1920,3,3,1,1.0,0.3333,0.3333
1921,2,2,1,1.0,0.5,0.5
1922,3,2,0,0.6667,0.0,0.0
1923,2,2,1,1.0,0.5,0.5
1924,2,0,0,0.0,0.0,0.0
1925,1,1,1,1.0,1.0,1.0
1926,2,2,2,1.0,1.0,1.0
1927,3,2,0,0.6667,0.0,0.0
1928,1,1,1,1.0,1.0,1.0
1929,2,2,1,1.0,0.5,0.5
1930,1,1,1,1.0,1.0,1.0
1931,2,1,1,0.5,0.5,0.5
1932,1,1,1,1.0,1.0,1.0
1933,2,2,2,1.0,1.0,1.0
1934,1,1,1,1.0,1.0,1.0
1935,2,2,2,1.0,1.0,1.0
1936,2,2,2,1.0,1.0,1.0
1937,1,1,0,1.0,0.0,0.0
1938,2,2,2,1.0,1.0,1.0
1939,1,1,0,1.0,0.0,0.0
1940,3,3,3,1.0,1.0,1.0
1941,3,3,1,1.0,0.3333,0.3333
1942,1,1,1,1.0,1.0,1.0
1943,3,2,1,0.6667,0.3333,0.3333
1944,2,2,1,1.0,0.5,0.5
1945,2,2,1,1.0,0.5,0.5
1946,2,2,2,1.0,1.0,1.0
1947,2,2,1,1.0,0.5,0.5
1948,3,2,0,0.6667,0.0,0.0
1949,2,2,2,1.0,1.0,1.0
1950,2,2,1,1.0,0.5,0.5
1951,2,2,0,1.0,0.0,0.0
1952,3,3,2,1.0,0.6667,0.6667
1953,3,2,1,0.6667,0.3333,0.3333
1954,3,2,1,0.6667,0.3333,0.3333
1955,1,1,1,1.0,1.0,1.0
1956,2,1,0,0.5,0.0,0.0
1957,1,1,0,1.0,0.0,0.0
1958,1,1,1,1.0,1.0,1.0
1959,3,1,1,0.3333,0.3333,0.3333
1960,3,3,3,1.0,1.0,1.0
1961,2,1,1,0.5,0.5,0.5
1962,1,1,1,1.0,1.0,1.0
1963,2,2,1,1.0,0.5,0.5
1964,3,3,3,1.0,1.0,1.0
1965,1,1,1,1.0,1.0,1.0
1966,3,3,3,1.0,1.0,1.0
1967,2,1,1,0.5,0.5,0.5
1968,3,3,1,1.0,0.3333,0.3333
1969,2,1,0,0.5,0.0,0.0
1970,3,3,1,1.0,0.3333,0.3333
1971,1,1,1,1.0,1.0,1.0
1972,2,2,1,1.0,0.5,0.5
1973,2,2,2,1.0,1.0,1.0
1974,1,1,0,1.0,0.0,0.0
1975,3,2,2,0.6667,0.6667,0.6667
1976,1,1,1,1.0,1.0,1.0
1977,2,2,1,1.0,0.5,0.5
1978,2,2,2,1.0,1.0,1.0
1979,2,1,0,0.5,0.0,0.0
1980,2,2,1,1.0,0.5,0.5
1981,3,2,1,0.6667,0.3333,0.3333
1982,1,1,1,1.0,1.0,1.0
1983,1,1,0,1.0,0.0,0.0
1984,3,3,2,1.0,0.6667,0.6667
1985,3,3,2,1.0,0.6667,0.6667
1986,2,2,2,1.0,1.0,1.0
1987,1,1,1,1.0,1.0,1.0
1988,1,1,0,1.0,0.0,0.0
1989,2,1,1,0.5,0.5,0.5
1990,1,1,1,1.0,1.0,1.0
1991,1,1,1,1.0,1.0,1.0
1992,3,2,1,0.6667,0.3333,0.3333
1993,1,1,1,1.0,1.0,1.0
1994,1,0,0,0.0,0.0,0.0
1995,3,3,1,1.0,0.3333,0.3333
1996,2,2,1,1.0,0.5,0.5
1997,3,3,3,1.0,1.0,1.0
1998,3,3,2,1.0,0.6667,0.6667
1999,1,1,1,1.0,1.0,1.0
2000,3,3,2,1.0,0.6667,0.6667
2001,3,3,1,1.0,0.3333,0.3333
2002,1,0,0,0.0,0.0,0.0
2003,2,2,1,1.0,0.5,0.5
2004,3,2,0,0.6667,0.0,0.0
2005,2,1,0,0.5,0.0,0.0
2006,1,1,1,1.0,1.0,1.0
2007,3,3,3,1.0,1.0,1.0
2008,1,1,0,1.0,0.0,0.0
2009,2,2,2,1.0,1.0,1.0
2010,1,0,0,0.0,0.0,0.0
2011,1,1,1,1.0,1.0,1.0
2012,2,2,2,1.0,1.0,1.0
2013,1,1,1,1.0,1.0,1.0
2014,1,1,1,1.0,1.0,1.0
2015,1,1,0,1.0,0.0,0.0
2016,1,1,1,1.0,1.0,1.0
2017,1,1,1,1.0,1.0,1.0
2018,1,1,0,1.0,0.0,0.0
2019,1,1,1,1.0,1.0,1.0
2020,3,2,1,0.6667,0.3333,0.3333
2021,1,0,0,0.0,0.0,0.0
2022,2,2,2,1.0,1.0,1.0
2023,3,2,1,0.6667,0.3333,0.3333
2024,2,2,1,1.0,0.5,0.5
2025,2,2,1,1.0,0.5,0.5
2026,1,1,1,1.0,1.0,1.0
2027,2,2,2,1.0,1.0,1.0
2028,2,0,0,0.0,0.0,0.0
2029,1,0,0,0.0,0.0,0.0
2030,2,2,1,1.0,0.5,0.5
2031,2,2,0,1.0,0.0,0.0
2032,1,1,0,1.0,0.0,0.0
2033,1,1,0,1.0,0.0,0.0
2034,1,1,1,1.0,1.0,1.0
2035,3,3,3,1.0,1.0,1.0
2036,1,1,1,1.0,1.0,1.0
2037,2,1,0,0.5,0.0,0.0
2038,1,1,1,1.0,1.0,1.0
2039,2,1,1,0.5,0.5,0.5
2040,2,2,2,1.0,1.0,1.0
2041,3,2,2,0.6667,0.6667,0.6667
2042,2,1,0,0.5,0.0,0.0
2043,3,2,1,0.6667,0.3333,0.3333
2044,2,2,0,1.0,0.0,0.0
2045,2,1,1,0.5,0.5,0.5
2046,1,1,1,1.0,1.0,1.0
2047,2,2,2,1.0,1.0,1.0
2048,2,2,1,1.0,0.5,0.5
2049,1,1,1,1.0,1.0,1.0
2050,3,3,3,1.0,1.0,1.0
2051,3,3,3,1.0,1.0,1.0
2052,3,3,3,1.0,1.0,1.0
2053,2,2,1,1.0,0.5,0.5
2054,2,2,0,1.0,0.0,0.0
2055,2,2,1,1.0,0.5,0.5
2056,2,2,2,1.0,1.0,1.0
2057,3,1,1,0.3333,0.3333,0.3333
2058,1,1,1,1.0,1.0,1.0
2059,3,3,2,1.0,0.6667,0.6667
2060,2,1,0,0.5,0.0,0.0
2061,2,0,0,0.0,0.0,0.0
2062,3,3,3,1.0,1.0,1.0
2063,2,2,2,1.0,1.0,1.0
2064,3,2,2,0.6667,0.6667,0.6667
2065,3,2,2,0.6667,0.6667,0.6667
2066,2,2,2,1.0,1.0,1.0
2067,3,2,0,0.6667,0.0,0.0
2068,2,2,1,1.0,0.5,0.5
2069,1,1,0,1.0,0.0,0.0
2070,2,2,0,1.0,0.0,0.0
2071,2,2,1,1.0,0.5,0.5
2072,2,2,0,1.0,0.0,0.0
2073,2,2,1,1.0,0.5,0.5
2074,1,1,0,1.0,0.0,0.0
2075,1,1,1,1.0,1.0,1.0
2076,3,1,1,0.3333,0.3333,0.3333
2077,1,1,1,1.0,1.0,1.0
2078,3,3,3,1.0,1.0,1.0
2079,2,2,1,1.0,0.5,0.5
2080,3,3,1,1.0,0.3333,0.3333
2081,2,2,1,1.0,0.5,0.5
2082,3,3,1,1.0,0.3333,0.3333
2083,2,2,0,1.0,0.0,0.0
2084,1,1,1,1.0,1.0,1.0
2085,2,2,1,1.0,0.5,0.5
2086,3,3,2,1.0,0.6667,0.6667
2087,2,1,1,0.5,0.5,0.5
2088,2,2,2,1.0,1.0,1.0
2089,2,2,1,1.0,0.5,0.5
2090,3,3,0,1.0,0.0,0.0
2091,2,2,2,1.0,1.0,1.0
2092,1,1,1,1.0,1.0,1.0
2093,3,3,1,1.0,0.3333,0.3333
2094,2,2,1,1.0,0.5,0.5
2095,2,1,0,0.5,0.0,0.0
2096,1,1,0,1.0,0.0,0.0
2097,1,1,1,1.0,1.0,1.0
2098,2,0,0,0.0,0.0,0.0
2099,3,2,1,0.6667,0.3333,0.3333
2100,3,2,1,0.6667,0.3333,0.3333
2101,1,1,1,1.0,1.0,1.0
2102,3,2,2,0.6667,0.6667,0.6667
2103,1,1,1,1.0,1.0,1.0
2104,1,1,1,1.0,1.0,1.0
2105,1,1,0,1.0,0.0,0.0
2106,1,1,0,1.0,0.0,0.0
2107,1,0,0,0.0,0.0,0.0
2108,1,0,0,0.0,0.0,0.0
2109,3,2,1,0.6667,0.3333,0.3333
2110,2,2,2,1.0,1.0,1.0
2111,1,1,1,1.0,1.0,1.0
2112,1,1,1,1.0,1.0,1.0
2113,2,1,0,0.5,0.0,0.0
2114,3,2,1,0.6667,0.3333,0.3333
2115,1,0,0,0.0,0.0,0.0
2116,3,2,1,0.6667,0.3333,0.3333
2117,2,1,1,0.5,0.5,0.5
2118,2,1,1,0.5,0.5,0.5
2119,1,1,1,1.0,1.0,1.0
2120,1,1,1,1.0,1.0,1.0
2121,2,2,0,1.0,0.0,0.0
2122,3,2,1,0.6667,0.3333,0.3333
2123,3,3,2,1.0,0.6667,0.6667
2124,2,1,1,0.5,0.5,0.5
2125,1,1,1,1.0,1.0,1.0
2126,2,2,2,1.0,1.0,1.0
2127,3,2,1,0.6667,0.3333,0.3333
2128,2,2,2,1.0,1.0,1.0
2129,1,1,0,1.0,0.0,0.0
2130,3,2,1,0.6667,0.3333,0.3333
2131,2,1,1,0.5,0.5,0.5
2132,1,1,1,1.0,1.0,1.0
2133,3,1,0,0.3333,0.0,0.0
2134,3,3,2,1.0,0.6667,0.6667
2135,1,1,1,1.0,1.0,1.0
2136,2,2,1,1.0,0.5,0.5
2137,1,1,1,1.0,1.0,1.0
2138,3,3,3,1.0,1.0,1.0
2139,2,2,1,1.0,0.5,0.5
2140,2,2,1,1.0,0.5,0.5
2141,1,1,1,1.0,1.0,1.0
2142,3,2,1,0.6667,0.3333,0.3333
2143,2,2,2,1.0,1.0,1.0
2144,1,1,1,1.0,1.0,1.0
2145,2,2,2,1.0,1.0,1.0
2146,2,2,2,1.0,1.0,1.0
2147,1,1,0,1.0,0.0,0.0
2148,3,1,1,0.3333,0.3333,0.3333
2149,1,1,1,1.0,1.0,1.0
2150,1,1,1,1.0,1.0,1.0
2151,2,0,0,0.0,0.0,0.0
2152,2,2,2,1.0,1.0,1.0
2153,3,2,1,0.6667,0.3333,0.3333
2154,1,1,0,1.0,0.0,0.0
2155,2,2,1,1.0,0.5,0.5
2156,3,2,2,0.6667,0.6667,0.6667
2157,3,1,0,0.3333,0.0,0.0
2158,1,1,1,1.0,1.0,1.0
2159,2,2,0,1.0,0.0,0.0
2160,2,2,2,1.0,1.0,1.0
2161,1,1,1,1.0,1.0,1.0
2162,3,3,1,1.0,0.3333,0.3333
2163,1,0,0,0.0,0.0,0.0
2164,3,3,2,1.0,0.6667,0.6667
2165,2,2,1,1.0,0.5,0.5
2166,3,2,2,0.6667,0.6667,0.6667
2167,3,1,1,0.3333,0.3333,0.3333
2168,2,1,1,0.5,0.5,0.5
2169,3,3,1,1.0,0.3333,0.3333
2170,1,1,0,1.0,0.0,0.0
2171,2,2,1,1.0,0.5,0.5
2172,2,2,2,1.0,1.0,1.0
2173,3,3,3,1.0,1.0,1.0
2174,2,2,2,1.0,1.0,1.0
2175,1,0,0,0.0,0.0,0.0
2176,1,1,1,1.0,1.0,1.0
2177,2,2,1,1.0,0.5,0.5
2178,2,2,2,1.0,1.0,1.0
2179,3,2,0,0.6667,0.0,0.0
2180,3,3,2,1.0,0.6667,0.6667
2181,2,2,1,1.0,0.5,0.5
2182,3,3,3,1.0,1.0,1.0
2183,2,2,2,1.0,1.0,1.0
2184,2,2,1,1.0,0.5,0.5
2185,3,3,3,1.0,1.0,1.0
2186,3,3,2,1.0,0.6667,0.6667
2187,1,0,0,0.0,0.0,0.0
2188,1,1,1,1.0,1.0,1.0
2189,3,2,1,0.6667,0.3333,0.3333
2190,2,1,1,0.5,0.5,0.5
2191,1,0,0,0.0,0.0,0.0
2192,3,2,1,0.6667,0.3333,0.3333
2193,2,1,0,0.5,0.0,0.0
2194,3,3,1,1.0,0.3333,0.3333
2195,3,3,3,1.0,1.0,1.0
2196,2,2,2,1.0,1.0,1.0
2197,3,3,3,1.0,1.0,1.0
2198,2,1,1,0.5,0.5,0.5
2199,1,1,1,1.0,1.0,1.0
2200,3,2,2,0.6667,0.6667,0.6667
2201,2,2,0,1.0,0.0,0.0
2202,1,1,1,1.0,1.0,1.0
2203,2,2,1,1.0,0.5,0.5
2204,3,2,0,0.6667,0.0,0.0
2205,2,2,2,1.0,1.0,1.0
2206,2,2,2,1.0,1.0,1.0
2207,2,2,1,1.0,0.5,0.5
2208,3,3,3,1.0,1.0,1.0
2209,3,3,2,1.0,0.6667,0.6667
2210,1,0,0,0.0,0.0,0.0
2211,2,2,0,1.0,0.0,0.0
2212,2,2,1,1.0,0.5,0.5
2213,2,2,2,1.0,1.0,1.0
2214,3,3,1,1.0,0.3333,0.3333
2215,2,1,1,0.5,0.5,0.5
2216,1,1,0,1.0,0.0,0.0
2217,2,2,1,1.0,0.5,0.5
2218,3,3,1,1.0,0.3333,0.3333
2219,2,2,2,1.0,1.0,1.0
2220,2,1,0,0.5,0.0,0.0
2221,3,3,1,1.0,0.3333,0.3333
2222,3,2,0,0.6667,0.0,0.0
2223,2,2,1,1.0,0.5,0.5
2224,3,3,1,1.0,0.3333,0.3333
2225,3,3,2,1.0,0.6667,0.6667
2226,3,3,2,1.0,0.6667,0.6667
2227,2,1,1,0.5,0.5,0.5
2228,1,1,0,1.0,0.0,0.0
2229,2,2,1,1.0,0.5,0.5
2230,3,3,2,1.0,0.6667,0.6667
2231,2,2,2,1.0,1.0,1.0
2232,1,1,1,1.0,1.0,1.0
2233,2,2,1,1.0,0.5,0.5
2234,1,1,1,1.0,1.0,1.0
2235,1,1,0,1.0,0.0,0.0
2236,1,1,1,1.0,1.0,1.0
2237,1,1,0,1.0,0.0,0.0
2238,2,2,2,1.0,1.0,1.0
2239,2,2,2,1.0,1.0,1.0
2240,2,2,1,1.0,0.5,0.5
2241,2,1,1,0.5,0.5,0.5
2242,1,1,1,1.0,1.0,1.0
2243,2,1,0,0.5,0.0,0.0
2244,2,2,2,1.0,1.0,1.0
2245,1,1,1,1.0,1.0,1.0
2246,3,3,2,1.0,0.6667,0.6667
2247,2,1,0,0.5,0.0,0.0
2248,3,1,0,0.3333,0.0,0.0
2249,3,3,1,1.0,0.3333,0.3333
2250,3,2,1,0.6667,0.3333,0.3333
2251,1,1,1,1.0,1.0,1.0
2252,3,3,3,1.0,1.0,1.0
2253,3,2,2,0.6667,0.6667,0.6667
2254,1,1,1,1.0,1.0,1.0
2255,3,1,0,0.3333,0.0,0.0
2256,1,1,1,1.0,1.0,1.0
2257,2,1,1,0.5,0.5,0.5
2258,3,2,2,0.6667,0.6667,0.6667
2259,3,3,3,1.0,1.0,1.0
2260,2,2,1,1.0,0.5,0.5
2261,1,1,0,1.0,0.0,0.0
2262,1,0,0,0.0,0.0,0.0
2263,1,1,1,1.0,1.0,1.0
2264,2,2,2,1.0,1.0,1.0
2265,2,2,1,1.0,0.5,0.5
2266,2,2,1,1.0,0.5,0.5
2267,2,2,1,1.0,0.5,0.5
2268,2,2,2,1.0,1.0,1.0
2269,2,2,2,1.0,1.0,1.0
2270,2,2,1,1.0,0.5,0.5
2271,1,1,0,1.0,0.0,0.0
2272,1,1,1,1.0,1.0,1.0
2273,1,1,1,1.0,1.0,1.0
2274,1,1,1,1.0,1.0,1.0
2275,1,1,1,1.0,1.0,1.0
2276,2,1,1,0.5,0.5,0.5
2277,1,0,0,0.0,0.0,0.0
2278,3,1,1,0.3333,0.3333,0.3333
2279,2,1,1,0.5,0.5,0.5
2280,2,2,2,1.0,1.0,1.0
2281,2,2,2,1.0,1.0,1.0
2282,1,0,0,0.0,0.0,0.0
2283,3,3,3,1.0,1.0,1.0
2284,1,1,0,1.0,0.0,0.0
2285,2,2,2,1.0,1.0,1.0
2286,2,1,0,0.5,0.0,0.0
2287,1,1,1,1.0,1.0,1.0
2288,3,3,2,1.0,0.6667,0.6667
2289,1,1,1,1.0,1.0,1.0
2290,1,1,1,1.0,1.0,1.0
2291,2,2,2,1.0,1.0,1.0
2292,1,1,1,1.0,1.0,1.0
2293,3,2,2,0.6667,0.6667,0.6667
2294,3,2,1,0.6667,0.3333,0.3333
2295,1,1,1,1.0,1.0,1.0
2296,3,2,2,0.6667,0.6667,0.6667
2297,1,1,1,1.0,1.0,1.0
2298,3,3,2,1.0,0.6667,0.6667
2299,3,2,2,0.6667,0.6667,0.6667
2300,2,2,1,1.0,0.5,0.5
2301,1,1,1,1.0,1.0,1.0
2302,1,1,0,1.0,0.0,0.0
2303,3,3,2,1.0,0.6667,0.6667
2304,1,1,0,1.0,0.0,0.0
2305,2,2,0,1.0,0.0,0.0
2306,3,2,1,0.6667,0.3333,0.3333
2307,2,2,2,1.0,1.0,1.0
2308,3,3,2,1.0,0.6667,0.6667
2309,2,0,0,0.0,0.0,0.0
2310,2,2,1,1.0,0.5,0.5
2311,3,3,2,1.0,0.6667,0.6667
2312,2,2,2,1.0,1.0,1.0
2313,3,3,1,1.0,0.3333,0.3333
2314,3,3,1,1.0,0.3333,0.3333
2315,2,1,1,0.5,0.5,0.5
2316,1,0,0,0.0,0.0,0.0
2317,3,1,0,0.3333,0.0,0.0
2318,1,1,1,1.0,1.0,1.0
2319,3,3,1,1.0,0.3333,0.3333
2320,1,1,1,1.0,1.0,1.0
2321,1,1,1,1.0,1.0,1.0
2322,3,3,2,1.0,0.6667,0.6667
2323,3,2,2,0.6667,0.6667,0.6667
2324,3,3,3,1.0,1.0,1.0
2325,2,2,2,1.0,1.0,1.0
2326,2,1,0,0.5,0.0,0.0
2327,2,2,1,1.0,0.5,0.5
2328,2,2,1,1.0,0.5,0.5
2329,2,2,2,1.0,1.0,1.0
2330,3,3,1,1.0,0.3333,0.3333
2331,2,2,1,1.0,0.5,0.5
2332,1,1,1,1.0,1.0,1.0
2333,2,2,2,1.0,1.0,1.0
2334,1,1,0,1.0,0.0,0.0
2335,1,1,1,1.0,1.0,1.0
2336,2,0,0,0.0,0.0,0.0
2337,2,2,2,1.0,1.0,1.0
2338,3,3,2,1.0,0.6667,0.6667
2339,1,1,1,1.0,1.0,1.0
2340,1,1,1,1.0,1.0,1.0
2341,3,2,2,0.6667,0.6667,0.6667
2342,3,2,2,0.6667,0.6667,0.6667
2343,3,3,0,1.0,0.0,0.0
2344,3,3,2,1.0,0.6667,0.6667
2345,1,1,1,1.0,1.0,1.0
2346,1,1,1,1.0,1.0,1.0
2347,3,3,1,1.0,0.3333,0.3333
2348,2,2,1,1.0,0.5,0.5
2349,1,1,1,1.0,1.0,1.0
2350,3,2,1,0.6667,0.3333,0.3333
2351,2,0,0,0.0,0.0,0.0
2352,1,0,0,0.0,0.0,0.0
2353,1,0,0,0.0,0.0,0.0
2354,1,0,0,0.0,0.0,0.0
2355,2,1,1,0.5,0.5,0.5
2356,2,2,1,1.0,0.5,0.5
2357,3,3,2,1.0,0.6667,0.6667
2358,2,2,2,1.0,1.0,1.0
2359,3,2,2,0.6667,0.6667,0.6667
2360,3,2,2,0.6667,0.6667,0.6667
2361,2,2,2,1.0,1.0,1.0
2362,3,2,1,0.6667,0.3333,0.3333
2363,1,1,1,1.0,1.0,1.0
2364,2,2,1,1.0,0.5,0.5
2365,2,2,2,1.0,1.0,1.0
2366,1,1,0,1.0,0.0,0.0
2367,1,0,0,0.0,0.0,0.0
2368,3,3,2,1.0,0.6667,0.6667
2369,3,3,1,1.0,0.3333,0.3333
2370,1,1,1,1.0,1.0,1.0
2371,1,1,1,1.0,1.0,1.0
2372,1,1,1,1.0,1.0,1.0
2373,3,2,0,0.6667,0.0,0.0
2374,2,0,0,0.0,0.0,0.0
2375,2,1,0,0.5,0.0,0.0
2376,1,1,1,1.0,1.0,1.0
2377,2,1,0,0.5,0.0,0.0
2378,3,1,0,0.3333,0.0,0.0
2379,2,2,2,1.0,1.0,1.0
2380,3,1,1,0.3333,0.3333,0.3333
2381,1,1,1,1.0,1.0,1.0
2382,1,1,1,1.0,1.0,1.0
2383,3,2,2,0.6667,0.6667,0.6667
2384,1,1,1,1.0,1.0,1.0
2385,1,1,1,1.0,1.0,1.0
2386,2,1,0,0.5,0.0,0.0
2387,1,1,0,1.0,0.0,0.0
2388,3,1,0,0.3333,0.0,0.0
2389,3,3,2,1.0,0.6667,0.6667
2390,1,0,0,0.0,0.0,0.0
2391,3,2,2,0.6667,0.6667,0.6667
2392,3,3,2,1.0,0.6667,0.6667
2393,2,2,1,1.0,0.5,0.5
2394,2,2,1,1.0,0.5,0.5
2395,1,1,1,1.0,1.0,1.0
2396,1,1,0,1.0,0.0,0.0
2397,2,1,0,0.5,0.0,0.0
2398,3,2,1,0.6667,0.3333,0.3333
2399,3,2,2,0.6667,0.6667,0.6667
2400,2,2,1,1.0,0.5,0.5
2401,3,3,3,1.0,1.0,1.0
2402,3,2,2,0.6667,0.6667,0.6667
2403,1,1,1,1.0,1.0,1.0
2404,1,1,0,1.0,0.0,0.0
2405,2,2,2,1.0,1.0,1.0
2406,2,2,2,1.0,1.0,1.0
2407,2,1,0,0.5,0.0,0.0
2408,3,2,2,0.6667,0.6667,0.6667
2409,2,1,0,0.5,0.0,0.0
2410,3,3,2,1.0,0.6667,0.6667
2411,2,1,0,0.5,0.0,0.0
2412,1,1,0,1.0,0.0,0.0
2413,2,2,2,1.0,1.0,1.0
2414,1,0,0,0.0,0.0,0.0
2415,1,0,0,0.0,0.0,0.0
2416,2,1,1,0.5,0.5,0.5
2417,2,2,2,1.0,1.0,1.0
2418,3,3,2,1.0,0.6667,0.6667
2419,3,3,2,1.0,0.6667,0.6667
2420,2,2,1,1.0,0.5,0.5
2421,1,0,0,0.0,0.0,0.0
2422,3,3,1,1.0,0.3333,0.3333
2423,3,2,2,0.6667,0.6667,0.6667
2424,2,2,1,1.0,0.5,0.5
2425,2,2,1,1.0,0.5,0.5
2426,3,1,1,0.3333,0.3333,0.3333
2427,2,2,2,1.0,1.0,1.0
2428,3,2,1,0.6667,0.3333,0.3333
2429,3,3,1,1.0,0.3333,0.3333
2430,1,0,0,0.0,0.0,0.0
2431,2,0,0,0.0,0.0,0.0
2432,1,1,1,1.0,1.0,1.0
2433,3,2,2,0.6667,0.6667,0.6667
2434,2,2,1,1.0,0.5,0.5
2435,2,2,1,1.0,0.5,0.5
2436,2,0,0,0.0,0.0,0.0
2437,2,2,0,1.0,0.0,0.0
2438,1,1,1,1.0,1.0,1.0
2439,2,2,2,1.0,1.0,1.0
2440,1,1,1,1.0,1.0,1.0
2441,1,1,0,1.0,0.0,0.0
2442,2,2,1,1.0,0.5,0.5
2443,3,3,1,1.0,0.3333,0.3333
2444,3,3,2,1.0,0.6667,0.6667
2445,1,0,0,0.0,0.0,0.0
2446,3,3,2,1.0,0.6667,0.6667
2447,2,2,1,1.0,0.5,0.5
2448,3,3,3,1.0,1.0,1.0
2449,2,2,2,1.0,1.0,1.0
2450,2,2,2,1.0,1.0,1.0
2451,2,2,1,1.0,0.5,0.5
2452,2,2,2,1.0,1.0,1.0
2453,2,2,1,1.0,0.5,0.5
2454,3,1,1,0.3333,0.3333,0.3333
2455,3,3,2,1.0,0.6667,0.6667
2456,1,0,0,0.0,0.0,0.0
2457,3,2,1,0.6667,0.3333,0.3333
2458,2,1,1,0.5,0.5,0.5
2459,3,1,0,0.3333,0.0,0.0
2460,2,2,1,1.0,0.5,0.5
2461,1,1,0,1.0,0.0,0.0
2462,3,3,2,1.0,0.6667,0.6667
2463,3,3,0,1.0,0.0,0.0
2464,1,1,1,1.0,1.0,1.0
2465,1,1,1,1.0,1.0,1.0
2466,2,2,1,1.0,0.5,0.5
2467,2,2,1,1.0,0.5,0.5
2468,3,3,2,1.0,0.6667,0.6667
2469,3,3,2,1.0,0.6667,0.6667
2470,2,2,1,1.0,0.5,0.5
2471,2,2,2,1.0,1.0,1.0
2472,1,1,1,1.0,1.0,1.0
2473,2,2,1,1.0,0.5,0.5
2474,3,3,3,1.0,1.0,1.0
2475,3,1,1,0.3333,0.3333,0.3333
2476,2,2,1,1.0,0.5,0.5
2477,2,1,0,0.5,0.0,0.0
2478,3,3,2,1.0,0.6667,0.6667
2479,1,1,1,1.0,1.0,1.0
2480,3,3,3,1.0,1.0,1.0
2481,1,1,0,1.0,0.0,0.0
2482,2,1,1,0.5,0.5,0.5
2483,3,3,3,1.0,1.0,1.0
2484,2,1,1,0.5,0.5,0.5
2485,2,2,1,1.0,0.5,0.5
2486,1,1,1,1.0,1.0,1.0
2487,3,2,1,0.6667,0.3333,0.3333
2488,1,1,0,1.0,0.0,0.0
2489,2,1,0,0.5,0.0,0.0
2490,1,0,0,0.0,0.0,0.0
2491,1,1,1,1.0,1.0,1.0
2492,2,2,1,1.0,0.5,0.5
2493,3,3,2,1.0,0.6667,0.6667
2494,3,3,2,1.0,0.6667,0.6667
2495,3,2,2,0.6667,0.6667,0.6667
2496,2,2,2,1.0,1.0,1.0
2497,1,1,1,1.0,1.0,1.0
2498,2,2,1,1.0,0.5,0.5
2499,1,1,1,1.0,1.0,1.0
2500,3,2,1,0.6667,0.3333,0.3333
2501,2,1,1,0.5,0.5,0.5
2502,3,3,1,1.0,0.3333,0.3333
2503,2,1,0,0.5,0.0,0.0
2504,2,1,1,0.5,0.5,0.5
2505,1,1,1,1.0,1.0,1.0
2506,2,1,1,0.5,0.5,0.5
2507,3,3,1,1.0,0.3333,0.3333
2508,1,1,1,1.0,1.0,1.0
2509,1,1,0,1.0,0.0,0.0
2510,1,1,1,1.0,1.0,1.0
2511,1,0,0,0.0,0.0,0.0
2512,2,2,1,1.0,0.5,0.5
2513,3,2,1,0.6667,0.3333,0.3333
2514,1,1,0,1.0,0.0,0.0
2515,2,2,2,1.0,1.0,1.0
2516,1,1,1,1.0,1.0,1.0
2517,1,0,0,0.0,0.0,0.0
2518,3,3,2,1.0,0.6667,0.6667
2519,3,3,3,1.0,1.0,1.0
2520,2,2,2,1.0,1.0,1.0
2521,1,1,1,1.0,1.0,1.0
2522,1,1,1,1.0,1.0,1.0
2523,2,1,0,0.5,0.0,0.0
2524,1,1,1,1.0,1.0,1.0
2525,1,1,0,1.0,0.0,0.0
2526,1,1,1,1.0,1.0,1.0
2527,2,2,0,1.0,0.0,0.0
2528,2,2,0,1.0,0.0,0.0
2529,3,3,3,1.0,1.0,1.0
2530,3,3,2,1.0,0.6667,0.6667
2531,3,1,1,0.3333,0.3333,0.3333
2532,2,2,2,1.0,1.0,1.0
2533,3,1,1,0.3333,0.3333,0.3333
2534,2,2,2,1.0,1.0,1.0
2535,2,2,1,1.0,0.5,0.5
2536,1,1,1,1.0,1.0,1.0
2537,1,1,0,1.0,0.0,0.0
2538,3,3,3,1.0,1.0,1.0
2539,3,2,2,0.6667,0.6667,0.6667
2540,1,1,1,1.0,1.0,1.0
2541,1,1,0,1.0,0.0,0.0
2542,1,1,0,1.0,0.0,0.0
2543,2,2,1,1.0,0.5,0.5
2544,1,1,1,1.0,1.0,1.0
2545,2,2,2,1.0,1.0,1.0
2546,1,1,0,1.0,0.0,0.0
2547,1,1,1,1.0,1.0,1.0
2548,2,2,1,1.0,0.5,0.5
2549,1,1,1,1.0,1.0,1.0
2550,3,3,1,1.0,0.3333,0.3333
2551,3,2,2,0.6667,0.6667,0.6667
2552,2,2,2,1.0,1.0,1.0
2553,3,2,2,0.6667,0.6667,0.6667
2554,1,1,0,1.0,0.0,0.0
2555,2,2,2,1.0,1.0,1.0
2556,2,2,2,1.0,1.0,1.0
2557,1,1,0,1.0,0.0,0.0
2558,1,1,1,1.0,1.0,1.0
2559,2,2,2,1.0,1.0,1.0
2560,2,1,0,0.5,0.0,0.0
2561,2,2,0,1.0,0.0,0.0
2562,2,2,2,1.0,1.0,1.0
2563,1,1,1,1.0,1.0,1.0
2564,2,2,1,1.0,0.5,0.5
2565,3,3,3,1.0,1.0,1.0
2566,3,2,2,0.6667,0.6667,0.6667
2567,2,2,2,1.0,1.0,1.0
2568,2,2,2,1.0,1.0,1.0
2569,2,2,2,1.0,1.0,1.0
2570,2,2,1,1.0,0.5,0.5
2571,1,1,1,1.0,1.0,1.0
2572,3,2,2,0.6667,0.6667,0.6667
2573,1,1,1,1.0,1.0,1.0
2574,3,2,0,0.6667,0.0,0.0
2575,1,1,1,1.0,1.0,1.0
2576,1,1,1,1.0,1.0,1.0
2577,1,0,0,0.0,0.0,0.0
2578,2,2,1,1.0,0.5,0.5
2579,2,2,1,1.0,0.5,0.5
2580,2,2,0,1.0,0.0,0.0
2581,3,3,1,1.0,0.3333,0.3333
2582,2,2,1,1.0,0.5,0.5
2583,1,0,0,0.0,0.0,0.0
2584,2,2,2,1.0,1.0,1.0
2585,2,2,2,1.0,1.0,1.0
2586,1,1,1,1.0,1.0,1.0
2587,2,1,0,0.5,0.0,0.0
2588,2,2,2,1.0,1.0,1.0
2589,3,2,0,0.6667,0.0,0.0
2590,2,2,1,1.0,0.5,0.5
2591,2,2,1,1.0,0.5,0.5
2592,2,2,1,1.0,0.5,0.5
2593,2,2,2,1.0,1.0,1.0
2594,2,2,2,1.0,1.0,1.0
2595,2,1,0,0.5,0.0,0.0
2596,2,2,0,1.0,0.0,0.0
2597,1,0,0,0.0,0.0,0.0
2598,2,1,0,0.5,0.0,0.0
2599,1,1,1,1.0,1.0,1.0
2600,3,2,1,0.6667,0.3333,0.3333
2601,1,1,1,1.0,1.0,1.0
2602,2,2,2,1.0,1.0,1.0
2603,2,1,1,0.5,0.5,0.5
2604,1,1,1,1.0,1.0,1.0
2605,3,3,1,1.0,0.3333,0.3333
2606,3,3,2,1.0,0.6667,0.6667
2607,3,3,2,1.0,0.6667,0.6667
2608,2,2,0,1.0,0.0,0.0
2609,2,2,1,1.0,0.5,0.5
2610,1,1,1,1.0,1.0,1.0
2611,1,1,1,1.0,1.0,1.0
2612,1,0,0,0.0,0.0,0.0
2613,3,2,2,0.6667,0.6667,0.6667
2614,2,2,1,1.0,0.5,0.5
2615,3,2,1,0.6667,0.3333,0.3333
2616,2,2,1,1.0,0.5,0.5
2617,1,0,0,0.0,0.0,0.0
2618,3,3,2,1.0,0.6667,0.6667
2619,3,3,3,1.0,1.0,1.0
2620,3,3,2,1.0,0.6667,0.6667
2621,2,2,2,1.0,1.0,1.0
2622,3,2,2,0.6667,0.6667,0.6667
2623,3,3,2,1.0,0.6667,0.6667
2624,1,1,1,1.0,1.0,1.0
2625,2,2,1,1.0,0.5,0.5
2626,2,2,2,1.0,1.0,1.0
2627,1,1,1,1.0,1.0,1.0
2628,2,2,2,1.0,1.0,1.0
2629,2,2,0,1.0,0.0,0.0
2630,3,2,1,0.6667,0.3333,0.3333
2631,2,1,1,0.5,0.5,0.5
2632,2,1,1,0.5,0.5,0.5
2633,2,2,1,1.0,0.5,0.5
2634,2,2,0,1.0,0.0,0.0
2635,2,0,0,0.0,0.0,0.0
2636,2,1,1,0.5,0.5,0.5
2637,2,1,0,0.5,0.0,0.0
2638,3,2,1,0.6667,0.3333,0.3333
2639,2,2,0,1.0,0.0,0.0
2640,1,1,1,1.0,1.0,1.0
2641,3,3,1,1.0,0.3333,0.3333
2642,1,1,1,1.0,1.0,1.0
2643,3,1,1,0.3333,0.3333,0.3333
2644,2,2,2,1.0,1.0,1.0
2645,3,3,2,1.0,0.6667,0.6667
2646,3,2,1,0.6667,0.3333,0.3333
2647,2,1,1,0.5,0.5,0.5
2648,3,1,0,0.3333,0.0,0.0
2649,3,3,2,1.0,0.6667,0.6667
2650,1,1,0,1.0,0.0,0.0
2651,1,1,0,1.0,0.0,0.0
2652,3,2,1,0.6667,0.3333,0.3333
2653,3,2,1,0.6667,0.3333,0.3333
2654,1,1,0,1.0,0.0,0.0
2655,2,2,2,1.0,1.0,1.0
2656,3,1,1,0.3333,0.3333,0.3333
2657,1,1,1,1.0,1.0,1.0
2658,2,2,1,1.0,0.5,0.5
2659,2,2,1,1.0,0.5,0.5
2660,3,3,2,1.0,0.6667,0.6667
2661,3,2,1,0.6667,0.3333,0.3333
2662,1,1,1,1.0,1.0,1.0
2663,3,3,2,1.0,0.6667,0.6667
2664,2,2,2,1.0,1.0,1.0
2665,3,3,3,1.0,1.0,1.0
2666,1,1,1,1.0,1.0,1.0
2667,1,1,1,1.0,1.0,1.0
2668,3,2,1,0.6667,0.3333,0.3333
2669,1,1,0,1.0,0.0,0.0
2670,1,1,1,1.0,1.0,1.0
2671,1,1,1,1.0,1.0,1.0
2672,3,3,1,1.0,0.3333,0.3333
2673,1,1,1,1.0,1.0,1.0
2674,3,3,3,1.0,1.0,1.0
2675,2,0,0,0.0,0.0,0.0
2676,2,2,2,1.0,1.0,1.0
2677,3,2,1,0.6667,0.3333,0.3333
2678,2,1,1,0.5,0.5,0.5
2679,1,1,1,1.0,1.0,1.0
2680,1,1,1,1.0,1.0,1.0
2681,2,2,1,1.0,0.5,0.5
2682,1,0,0,0.0,0.0,0.0
2683,1,1,1,1.0,1.0,1.0
2684,3,2,2,0.6667,0.6667,0.6667
2685,1,1,1,1.0,1.0,1.0
2686,1,1,1,1.0,1.0,1.0
2687,1,1,0,1.0,0.0,0.0
2688,3,3,0,1.0,0.0,0.0
2689,1,1,0,1.0,0.0,0.0
2690,1,1,0,1.0,0.0,0.0
2691,2,2,1,1.0,0.5,0.5
2692,2,1,1,0.5,0.5,0.5
2693,2,1,1,0.5,0.5,0.5
2694,1,1,1,1.0,1.0,1.0
2695,3,3,1,1.0,0.3333,0.3333
2696,2,1,0,0.5,0.0,0.0
2697,3,3,1,1.0,0.3333,0.3333
2698,1,1,1,1.0,1.0,1.0
2699,1,0,0,0.0,0.0,0.0
2700,2,2,2,1.0,1.0,1.0
2701,3,3,1,1.0,0.3333,0.3333
2702,1,1,1,1.0,1.0,1.0
2703,3,3,2,1.0,0.6667,0.6667
2704,2,2,1,1.0,0.5,0.5
2705,2,1,1,0.5,0.5,0.5
2706,3,3,2,1.0,0.6667,0.6667
2707,3,2,1,0.6667,0.3333,0.3333
2708,3,3,2,1.0,0.6667,0.6667
2709,1,1,1,1.0,1.0,1.0
2710,3,3,2,1.0,0.6667,0.6667
2711,2,2,2,1.0,1.0,1.0
2712,1,0,0,0.0,0.0,0.0
2713,1,1,1,1.0,1.0,1.0
2714,3,1,0,0.3333,0.0,0.0
2715,1,1,0,1.0,0.0,0.0
2716,1,1,1,1.0,1.0,1.0
2717,3,3,2,1.0,0.6667,0.6667
2718,2,2,2,1.0,1.0,1.0
2719,3,1,1,0.3333,0.3333,0.3333
2720,2,2,2,1.0,1.0,1.0
2721,3,3,2,1.0,0.6667,0.6667
2722,1,1,1,1.0,1.0,1.0
2723,2,2,1,1.0,0.5,0.5
2724,3,3,3,1.0,1.0,1.0
2725,2,2,2,1.0,1.0,1.0
2726,1,1,0,1.0,0.0,0.0
2727,3,1,1,0.3333,0.3333,0.3333
2728,1,0,0,0.0,0.0,0.0
2729,3,3,1,1.0,0.3333,0.3333
2730,1,1,1,1.0,1.0,1.0
2731,2,2,2,1.0,1.0,1.0
2732,1,1,0,1.0,0.0,0.0
2733,1,1,1,1.0,1.0,1.0
2734,2,2,1,1.0,0.5,0.5
2735,1,1,1,1.0,1.0,1.0
2736,3,3,2,1.0,0.6667,0.6667
2737,1,1,1,1.0,1.0,1.0
2738,1,1,1,1.0,1.0,1.0
2739,2,1,0,0.5,0.0,0.0
2740,2,2,0,1.0,0.0,0.0
2741,2,1,1,0.5,0.5,0.5
2742,1,1,1,1.0,1.0,1.0
2743,3,2,1,0.6667,0.3333,0.3333
2744,3,1,0,0.3333,0.0,0.0
2745,3,2,0,0.6667,0.0,0.0
2746,3,3,3,1.0,1.0,1.0
2747,3,3,3,1.0,1.0,1.0
2748,3,3,0,1.0,0.0,0.0
2749,1,0,0,0.0,0.0,0.0
2750,1,1,1,1.0,1.0,1.0
2751,3,3,1,1.0,0.3333,0.3333
2752,3,2,2,0.6667,0.6667,0.6667
2753,3,3,3,1.0,1.0,1.0
2754,2,2,2,1.0,1.0,1.0
2755,1,1,0,1.0,0.0,0.0
2756,1,1,0,1.0,0.0,0.0
2757,1,1,0,1.0,0.0,0.0
2758,2,0,0,0.0,0.0,0.0
2759,1,1,1,1.0,1.0,1.0
2760,1,1,1,1.0,1.0,1.0
2761,1,1,1,1.0,1.0,1.0
2762,2,2,2,1.0,1.0,1.0
2763,1,1,1,1.0,1.0,1.0
2764,3,2,1,0.6667,0.3333,0.3333
2765,1,1,1,1.0,1.0,1.0
2766,1,1,0,1.0,0.0,0.0
2767,2,1,1,0.5,0.5,0.5
2768,1,1,1,1.0,1.0,1.0
2769,2,1,1,0.5,0.5,0.5
2770,1,1,0,1.0,0.0,0.0
2771,2,2,2,1.0,1.0,1.0
2772,2,2,2,1.0,1.0,1.0
2773,3,2,2,0.6667,0.6667,0.6667
2774,1,1,0,1.0,0.0,0.0
2775,1,0,0,0.0,0.0,0.0
2776,1,1,0,1.0,0.0,0.0
2777,2,1,0,0.5,0.0,0.0
2778,2,1,1,0.5,0.5,0.5
2779,1,1,1,1.0,1.0,1.0
2780,3,2,2,0.6667,0.6667,0.6667
2781,3,1,1,0.3333,0.3333,0.3333
2782,3,3,1,1.0,0.3333,0.3333
2783,1,1,1,1.0,1.0,1.0
2784,2,2,2,1.0,1.0,1.0
2785,3,2,2,0.6667,0.6667,0.6667
2786,3,3,2,1.0,0.6667,0.6667
2787,2,2,2,1.0,1.0,1.0
2788,2,2,2,1.0,1.0,1.0
2789,1,1,0,1.0,0.0,0.0
2790,2,2,2,1.0,1.0,1.0
2791,2,2,2,1.0,1.0,1.0
2792,3,3,3,1.0,1.0,1.0
2793,2,2,1,1.0,0.5,0.5
2794,2,2,1,1.0,0.5,0.5
2795,2,2,2,1.0,1.0,1.0
2796,2,1,1,0.5,0.5,0.5
2797,1,1,1,1.0,1.0,1.0
2798,2,2,0,1.0,0.0,0.0
2799,1,1,1,1.0,1.0,1.0
2800,1,1,0,1.0,0.0,0.0
2801,1,1,1,1.0,1.0,1.0
2802,2,1,0,0.5,0.0,0.0
2803,2,2,2,1.0,1.0,1.0
2804,1,1,0,1.0,0.0,0.0
2805,3,2,2,0.6667,0.6667,0.6667
2806,2,2,0,1.0,0.0,0.0
2807,2,2,2,1.0,1.0,1.0
2808,1,1,1,1.0,1.0,1.0
2809,1,1,1,1.0,1.0,1.0
2810,2,1,0,0.5,0.0,0.0
2811,1,1,1,1.0,1.0,1.0
2812,2,1,1,0.5,0.5,0.5
2813,2,2,1,1.0,0.5,0.5
2814,1,1,1,1.0,1.0,1.0
2815,3,3,1,1.0,0.3333,0.3333
2816,2,2,1,1.0,0.5,0.5
2817,2,2,2,1.0,1.0,1.0
2818,1,1,1,1.0,1.0,1.0
2819,1,1,0,1.0,0.0,0.0
2820,3,2,2,0.6667,0.6667,0.6667
2821,2,1,0,0.5,0.0,0.0
2822,3,2,2,0.6667,0.6667,0.6667
2823,1,1,1,1.0,1.0,1.0
2824,2,1,0,0.5,0.0,0.0
2825,2,1,1,0.5,0.5,0.5
2826,3,2,1,0.6667,0.3333,0.3333
2827,3,2,0,0.6667,0.0,0.0
2828,2,1,0,0.5,0.0,0.0
2829,2,2,0,1.0,0.0,0.0
2830,2,2,2,1.0,1.0,1.0
2831,1,1,0,1.0,0.0,0.0
2832,2,2,2,1.0,1.0,1.0
2833,2,2,1,1.0,0.5,0.5
2834,3,3,3,1.0,1.0,1.0
2835,3,3,1,1.0,0.3333,0.3333
2836,1,1,1,1.0,1.0,1.0
2837,3,3,1,1.0,0.3333,0.3333
2838,1,1,1,1.0,1.0,1.0
2839,1,1,0,1.0,0.0,0.0
2840,3,3,1,1.0,0.3333,0.3333
2841,2,1,1,0.5,0.5,0.5
2842,1,1,0,1.0,0.0,0.0
2843,2,2,2,1.0,1.0,1.0
2844,3,2,1,0.6667,0.3333,0.3333
2845,1,1,1,1.0,1.0,1.0
2846,1,1,1,1.0,1.0,1.0
2847,3,2,2,0.6667,0.6667,0.6667
2848,3,2,1,0.6667,0.3333,0.3333
2849,1,1,1,1.0,1.0,1.0
2850,1,1,0,1.0,0.0,0.0
2851,1,1,1,1.0,1.0,1.0
2852,2,2,1,1.0,0.5,0.5
2853,2,2,1,1.0,0.5,0.5
2854,1,1,1,1.0,1.0,1.0
2855,3,1,1,0.3333,0.3333,0.3333
2856,3,2,1,0.6667,0.3333,0.3333
2857,3,3,3,1.0,1.0,1.0
2858,1,1,1,1.0,1.0,1.0
2859,3,3,3,1.0,1.0,1.0
2860,2,1,1,0.5,0.5,0.5
2861,2,2,1,1.0,0.5,0.5
2862,2,2,2,1.0,1.0,1.0
2863,3,2,2,0.6667,0.6667,0.6667
2864,2,2,2,1.0,1.0,1.0
2865,3,3,2,1.0,0.6667,0.6667
2866,3,3,2,1.0,0.6667,0.6667
2867,1,0,0,0.0,0.0,0.0
2868,2,2,1,1.0,0.5,0.5
2869,2,1,1,0.5,0.5,0.5
2870,2,2,2,1.0,1.0,1.0
2871,2,2,2,1.0,1.0,1.0
2872,2,2,2,1.0,1.0,1.0
2873,1,0,0,0.0,0.0,0.0
2874,2,1,1,0.5,0.5,0.5
2875,2,2,0,1.0,0.0,0.0
2876,3,2,2,0.6667,0.6667,0.6667
2877,2,2,0,1.0,0.0,0.0
2878,3,1,1,0.3333,0.3333,0.3333
2879,2,1,0,0.5,0.0,0.0
2880,2,2,0,1.0,0.0,0.0
2881,3,3,1,1.0,0.3333,0.3333
2882,3,3,3,1.0,1.0,1.0
2883,3,1,0,0.3333,0.0,0.0
2884,2,2,2,1.0,1.0,1.0
2885,2,2,2,1.0,1.0,1.0
2886,1,1,0,1.0,0.0,0.0
2887,2,2,2,1.0,1.0,1.0
2888,1,1,1,1.0,1.0,1.0
2889,2,2,2,1.0,1.0,1.0
2890,1,1,1,1.0,1.0,1.0
2891,2,1,0,0.5,0.0,0.0
2892,1,1,1,1.0,1.0,1.0
2893,2,1,1,0.5,0.5,0.5
2894,1,1,0,1.0,0.0,0.0
2895,3,3,0,1.0,0.0,0.0
2896,3,3,1,1.0,0.3333,0.3333
2897,2,1,1,0.5,0.5,0.5
2898,2,1,0,0.5,0.0,0.0
2899,3,2,2,0.6667,0.6667,0.6667
2900,3,2,1,0.6667,0.3333,0.3333
2901,3,2,1,0.6667,0.3333,0.3333
2902,3,2,2,0.6667,0.6667,0.6667
2903,2,2,2,1.0,1.0,1.0
2904,3,3,1,1.0,0.3333,0.3333
2905,3,3,3,1.0,1.0,1.0
2906,2,2,1,1.0,0.5,0.5
2907,2,2,1,1.0,0.5,0.5
2908,2,2,2,1.0,1.0,1.0
2909,2,2,1,1.0,0.5,0.5
2910,1,1,1,1.0,1.0,1.0
2911,1,1,1,1.0,1.0,1.0
2912,1,1,1,1.0,1.0,1.0
2913,3,1,1,0.3333,0.3333,0.3333
2914,2,1,0,0.5,0.0,0.0
2915,3,3,0,1.0,0.0,0.0
2916,1,1,0,1.0,0.0,0.0
2917,2,2,1,1.0,0.5,0.5
2918,1,1,1,1.0,1.0,1.0
2919,1,1,1,1.0,1.0,1.0
2920,3,3,1,1.0,0.3333,0.3333
2921,1,1,1,1.0,1.0,1.0
2922,2,2,2,1.0,1.0,1.0
2923,1,1,1,1.0,1.0,1.0
2924,3,2,2,0.6667,0.6667,0.6667
2925,2,2,1,1.0,0.5,0.5
2926,1,0,0,0.0,0.0,0.0
2927,3,3,2,1.0,0.6667,0.6667
2928,3,3,2,1.0,0.6667,0.6667
2929,1,1,0,1.0,0.0,0.0
2930,2,0,0,0.0,0.0,0.0
2931,1,1,0,1.0,0.0,0.0
2932,3,2,1,0.6667,0.3333,0.3333
2933,2,1,1,0.5,0.5,0.5
2934,3,2,2,0.6667,0.6667,0.6667
2935,2,2,0,1.0,0.0,0.0
2936,1,1,0,1.0,0.0,0.0
2937,2,1,1,0.5,0.5,0.5
2938,2,2,2,1.0,1.0,1.0
2939,2,2,2,1.0,1.0,1.0
2940,2,2,2,1.0,1.0,1.0
2941,1,1,0,1.0,0.0,0.0
2942,3,2,1,0.6667,0.3333,0.3333
2943,3,1,0,0.3333,0.0,0.0
2944,2,1,0,0.5,0.0,0.0
2945,1,1,1,1.0,1.0,1.0
2946,3,1,1,0.3333,0.3333,0.3333
2947,2,2,1,1.0,0.5,0.5
2948,2,1,0,0.5,0.0,0.0
2949,3,3,3,1.0,1.0,1.0
2950,2,2,1,1.0,0.5,0.5
2951,1,1,0,1.0,0.0,0.0
2952,1,1,1,1.0,1.0,1.0
2953,3,3,0,1.0,0.0,0.0
2954,2,1,1,0.5,0.5,0.5
2955,1,1,0,1.0,0.0,0.0
2956,1,1,1,1.0,1.0,1.0
2957,2,2,0,1.0,0.0,0.0
2958,1,1,0,1.0,0.0,0.0
2959,1,0,0,0.0,0.0,0.0
2960,3,2,2,0.6667,0.6667,0.6667
2961,2,2,2,1.0,1.0,1.0
2962,3,2,1,0.6667,0.3333,0.3333
2963,2,2,1,1.0,0.5,0.5
2964,2,2,2,1.0,1.0,1.0
2965,1,1,1,1.0,1.0,1.0
2966,3,1,1,0.3333,0.3333,0.3333
2967,1,1,1,1.0,1.0,1.0
2968,1,1,1,1.0,1.0,1.0
2969,1,1,1,1.0,1.0,1.0
2970,2,2,1,1.0,0.5,0.5
2971,2,2,2,1.0,1.0,1.0
2972,3,1,1,0.3333,0.3333,0.3333
2973,1,1,1,1.0,1.0,1.0
2974,3,2,2,0.6667,0.6667,0.6667
2975,1,1,1,1.0,1.0,1.0
2976,2,2,2,1.0,1.0,1.0
2977,2,2,2,1.0,1.0,1.0
2978,3,3,2,1.0,0.6667,0.6667
2979,2,1,1,0.5,0.5,0.5
2980,2,2,1,1.0,0.5,0.5
2981,2,2,2,1.0,1.0,1.0
2982,2,1,0,0.5,0.0,0.0
2983,2,1,0,0.5,0.0,0.0
2984,1,1,1,1.0,1.0,1.0
2985,2,2,1,1.0,0.5,0.5
2986,2,2,2,1.0,1.0,1.0
2987,1,1,1,1.0,1.0,1.0
2988,1,0,0,0.0,0.0,0.0
2989,2,1,0,0.5,0.0,0.0
2990,1,1,1,1.0,1.0,1.0
2991,1,1,1,1.0,1.0,1.0
2992,2,2,0,1.0,0.0,0.0
2993,2,2,1,1.0,0.5,0.5
2994,3,0,0,0.0,0.0,0.0
2995,1,1,1,1.0,1.0,1.0
2996,2,1,0,0.5,0.0,0.0
2997,3,2,0,0.6667,0.0,0.0
2998,2,2,2,1.0,1.0,1.0
2999,3,3,1,1.0,0.3333,0.3333
3000,2,2,2,1.0,1.0,1.0
3001,3,2,1,0.6667,0.3333,0.3333
3002,2,0,0,0.0,0.0,0.0
3003,1,1,0,1.0,0.0,0.0
3004,3,3,2,1.0,0.6667,0.6667
3005,1,1,0,1.0,0.0,0.0
3006,2,1,1,0.5,0.5,0.5
3007,1,1,0,1.0,0.0,0.0
3008,3,1,1,0.3333,0.3333,0.3333
3009,2,2,2,1.0,1.0,1.0
3010,3,3,1,1.0,0.3333,0.3333
3011,3,1,1,0.3333,0.3333,0.3333
3012,3,3,3,1.0,1.0,1.0
3013,1,1,0,1.0,0.0,0.0
3014,3,2,1,0.6667,0.3333,0.3333
3015,2,2,1,1.0,0.5,0.5
3016,2,2,1,1.0,0.5,0.5
3017,3,3,3,1.0,1.0,1.0
3018,1,1,1,1.0,1.0,1.0
3019,3,3,3,1.0,1.0,1.0
3020,2,2,1,1.0,0.5,0.5
3021,2,2,1,1.0,0.5,0.5
3022,2,2,1,1.0,0.5,0.5
3023,2,1,1,0.5,0.5,0.5
3024,2,1,0,0.5,0.0,0.0
3025,1,1,0,1.0,0.0,0.0
3026,2,2,2,1.0,1.0,1.0
3027,2,2,2,1.0,1.0,1.0
3028,2,2,2,1.0,1.0,1.0
3029,2,2,2,1.0,1.0,1.0
3030,1,1,1,1.0,1.0,1.0
3031,1,0,0,0.0,0.0,0.0
3032,2,2,2,1.0,1.0,1.0
3033,2,2,1,1.0,0.5,0.5
3034,1,1,1,1.0,1.0,1.0
3035,3,3,3,1.0,1.0,1.0
3036,3,3,1,1.0,0.3333,0.3333
3037,2,2,2,1.0,1.0,1.0
3038,1,1,0,1.0,0.0,0.0
3039,2,2,2,1.0,1.0,1.0
3040,3,3,2,1.0,0.6667,0.6667
3041,2,2,2,1.0,1.0,1.0
3042,2,2,2,1.0,1.0,1.0
3043,3,2,1,0.6667,0.3333,0.3333
3044,2,2,1,1.0,0.5,0.5
3045,1,1,1,1.0,1.0,1.0
3046,2,2,2,1.0,1.0,1.0
3047,2,2,2,1.0,1.0,1.0
3048,1,1,0,1.0,0.0,0.0
3049,3,2,2,0.6667,0.6667,0.6667
3050,3,2,0,0.6667,0.0,0.0
3051,3,3,3,1.0,1.0,1.0
3052,2,2,0,1.0,0.0,0.0
3053,2,2,2,1.0,1.0,1.0
3054,3,3,1,1.0,0.3333,0.3333
3055,2,1,0,0.5,0.0,0.0
3056,2,2,1,1.0,0.5,0.5
3057,2,2,2,1.0,1.0,1.0
3058,2,2,1,1.0,0.5,0.5
3059,1,1,0,1.0,0.0,0.0
3060,1,1,1,1.0,1.0,1.0
3061,2,2,1,1.0,0.5,0.5
3062,2,1,0,0.5,0.0,0.0
3063,3,1,0,0.3333,0.0,0.0
3064,1,1,0,1.0,0.0,0.0
3065,3,3,1,1.0,0.3333,0.3333
3066,2,2,0,1.0,0.0,0.0
3067,1,1,1,1.0,1.0,1.0
3068,2,2,1,1.0,0.5,0.5
3069,2,2,1,1.0,0.5,0.5
3070,1,1,0,1.0,0.0,0.0
3071,3,3,0,1.0,0.0,0.0
3072,2,2,1,1.0,0.5,0.5
3073,3,3,3,1.0,1.0,1.0
3074,1,1,1,1.0,1.0,1.0
3075,2,2,1,1.0,0.5,0.5
3076,2,2,2,1.0,1.0,1.0
3077,3,3,3,1.0,1.0,1.0
3078,3,3,3,1.0,1.0,1.0
3079,3,3,2,1.0,0.6667,0.6667
3080,3,2,0,0.6667,0.0,0.0
3081,2,2,2,1.0,1.0,1.0
3082,2,2,1,1.0,0.5,0.5
3083,2,1,0,0.5,0.0,0.0
3084,1,1,1,1.0,1.0,1.0
3085,2,1,1,0.5,0.5,0.5
3086,2,2,1,1.0,0.5,0.5
3087,2,2,1,1.0,0.5,0.5
3088,3,3,2,1.0,0.6667,0.6667
3089,3,3,3,1.0,1.0,1.0
3090,3,2,2,0.6667,0.6667,0.6667
3091,1,1,0,1.0,0.0,0.0
3092,3,3,2,1.0,0.6667,0.6667
3093,2,1,1,0.5,0.5,0.5
3094,3,3,2,1.0,0.6667,0.6667
3095,3,3,3,1.0,1.0,1.0
3096,3,3,3,1.0,1.0,1.0
3097,2,2,2,1.0,1.0,1.0
3098,1,1,1,1.0,1.0,1.0
3099,2,2,1,1.0,0.5,0.5
3100,2,2,1,1.0,0.5,0.5
3101,2,2,1,1.0,0.5,0.5
3102,2,0,0,0.0,0.0,0.0
3103,1,1,1,1.0,1.0,1.0
3104,1,1,1,1.0,1.0,1.0
3105,3,1,1,0.3333,0.3333,0.3333
3106,3,2,2,0.6667,0.6667,0.6667
3107,2,2,1,1.0,0.5,0.5
3108,1,0,0,0.0,0.0,0.0
3109,3,3,1,1.0,0.3333,0.3333
3110,2,2,2,1.0,1.0,1.0
3111,1,1,1,1.0,1.0,1.0
3112,2,2,2,1.0,1.0,1.0
3113,1,1,1,1.0,1.0,1.0
3114,2,0,0,0.0,0.0,0.0
3115,3,2,1,0.6667,0.3333,0.3333
3116,1,1,1,1.0,1.0,1.0
3117,2,2,1,1.0,0.5,0.5
3118,1,1,0,1.0,0.0,0.0
3119,2,0,0,0.0,0.0,0.0
3120,2,2,1,1.0,0.5,0.5
3121,2,2,2,1.0,1.0,1.0
3122,1,1,1,1.0,1.0,1.0
3123,2,2,0,1.0,0.0,0.0
3124,3,2,1,0.6667,0.3333,0.3333
3125,3,3,2,1.0,0.6667,0.6667
3126,2,1,1,0.5,0.5,0.5
3127,1,1,1,1.0,1.0,1.0
3128,2,1,1,0.5,0.5,0.5
3129,3,2,2,0.6667,0.6667,0.6667
3130,3,3,3,1.0,1.0,1.0
3131,1,1,1,1.0,1.0,1.0
3132,1,1,1,1.0,1.0,1.0
3133,2,2,2,1.0,1.0,1.0
3134,3,2,2,0.6667,0.6667,0.6667
3135,3,2,2,0.6667,0.6667,0.6667
3136,2,2,2,1.0,1.0,1.0
3137,1,0,0,0.0,0.0,0.0
3138,2,2,1,1.0,0.5,0.5
3139,2,2,1,1.0,0.5,0.5
3140,3,2,2,0.6667,0.6667,0.6667
3141,2,2,2,1.0,1.0,1.0
3142,3,3,2,1.0,0.6667,0.6667
3143,3,0,0,0.0,0.0,0.0
3144,3,3,2,1.0,0.6667,0.6667
3145,2,1,0,0.5,0.0,0.0
3146,2,2,2,1.0,1.0,1.0
3147,1,1,1,1.0,1.0,1.0
3148,3,3,2,1.0,0.6667,0.6667
3149,2,2,2,1.0,1.0,1.0
3150,1,1,1,1.0,1.0,1.0
3151,3,2,0,0.6667,0.0,0.0
3152,2,2,1,1.0,0.5,0.5
3153,3,2,2,0.6667,0.6667,0.6667
3154,2,2,2,1.0,1.0,1.0
3155,2,1,0,0.5,0.0,0.0
3156,3,3,2,1.0,0.6667,0.6667
3157,3,3,2,1.0,0.6667,0.6667
3158,3,3,2,1.0,0.6667,0.6667
3159,1,1,1,1.0,1.0,1.0
3160,1,1,0,1.0,0.0,0.0
3161,2,0,0,0.0,0.0,0.0
3162,2,2,1,1.0,0.5,0.5
3163,2,1,1,0.5,0.5,0.5
3164,2,2,1,1.0,0.5,0.5
3165,1,1,0,1.0,0.0,0.0
3166,3,3,1,1.0,0.3333,0.3333
3167,2,1,1,0.5,0.5,0.5
3168,2,2,0,1.0,0.0,0.0
3169,3,3,3,1.0,1.0,1.0
3170,2,1,0,0.5,0.0,0.0
3171,3,3,1,1.0,0.3333,0.3333
3172,2,2,1,1.0,0.5,0.5
3173,2,2,2,1.0,1.0,1.0
3174,1,1,1,1.0,1.0,1.0
3175,3,1,1,0.3333,0.3333,0.3333
3176,1,1,1,1.0,1.0,1.0
3177,2,2,2,1.0,1.0,1.0
3178,1,1,1,1.0,1.0,1.0
3179,3,3,3,1.0,1.0,1.0
3180,1,1,0,1.0,0.0,0.0
3181,1,1,0,1.0,0.0,0.0
3182,1,1,1,1.0,1.0,1.0
3183,2,1,0,0.5,0.0,0.0
3184,1,1,1,1.0,1.0,1.0
3185,3,2,1,0.6667,0.3333,0.3333
3186,3,2,1,0.6667,0.3333,0.3333
3187,3,3,3,1.0,1.0,1.0
3188,2,1,0,0.5,0.0,0.0
3189,1,1,1,1.0,1.0,1.0
3190,3,3,2,1.0,0.6667,0.6667
3191,3,3,2,1.0,0.6667,0.6667
3192,2,2,1,1.0,0.5,0.5
3193,3,2,0,0.6667,0.0,0.0
3194,2,2,2,1.0,1.0,1.0
3195,1,1,0,1.0,0.0,0.0
3196,2,2,1,1.0,0.5,0.5
3197,3,3,2,1.0,0.6667,0.6667
3198,3,2,1,0.6667,0.3333,0.3333
3199,1,1,1,1.0,1.0,1.0
3200,2,2,1,1.0,0.5,0.5
3201,2,1,0,0.5,0.0,0.0
3202,3,1,1,0.3333,0.3333,0.3333
3203,1,1,1,1.0,1.0,1.0
3204,2,2,1,1.0,0.5,0.5
3205,2,2,1,1.0,0.5,0.5
3206,1,1,1,1.0,1.0,1.0
3207,3,3,2,1.0,0.6667,0.6667
3208,1,1,0,1.0,0.0,0.0
3209,1,0,0,0.0,0.0,0.0
3210,2,2,2,1.0,1.0,1.0
3211,1,1,1,1.0,1.0,1.0
3212,2,1,1,0.5,0.5,0.5
3213,2,2,2,1.0,1.0,1.0
3214,3,1,1,0.3333,0.3333,0.3333
3215,2,2,1,1.0,0.5,0.5
3216,3,3,2,1.0,0.6667,0.6667
3217,2,1,1,0.5,0.5,0.5
3218,2,2,2,1.0,1.0,1.0
3219,1,1,0,1.0,0.0,0.0
3220,1,1,0,1.0,0.0,0.0
3221,1,1,1,1.0,1.0,1.0
3222,2,1,1,0.5,0.5,0.5
3223,3,2,2,0.6667,0.6667,0.6667
3224,1,1,1,1.0,1.0,1.0
3225,2,1,1,0.5,0.5,0.5
3226,2,2,1,1.0,0.5,0.5
3227,2,1,1,0.5,0.5,0.5
3228,2,1,1,0.5,0.5,0.5
3229,1,1,0,1.0,0.0,0.0
3230,2,2,1,1.0,0.5,0.5
3231,1,0,0,0.0,0.0,0.0
3232,2,2,1,1.0,0.5,0.5
3233,2,2,2,1.0,1.0,1.0
3234,3,3,2,1.0,0.6667,0.6667
3235,2,2,2,1.0,1.0,1.0
3236,3,3,1,1.0,0.3333,0.3333
3237,3,3,1,1.0,0.3333,0.3333
3238,2,2,1,1.0,0.5,0.5
3239,2,2,2,1.0,1.0,1.0
3240,1,1,1,1.0,1.0,1.0
3241,1,1,0,1.0,0.0,0.0
3242,1,0,0,0.0,0.0,0.0
3243,1,1,0,1.0,0.0,0.0
3244,2,2,2,1.0,1.0,1.0
3245,2,2,2,1.0,1.0,1.0
3246,1,1,1,1.0,1.0,1.0
3247,2,2,2,1.0,1.0,1.0
3248,2,2,1,1.0,0.5,0.5
3249,2,1,1,0.5,0.5,0.5
3250,2,2,1,1.0,0.5,0.5
3251,2,2,2,1.0,1.0,1.0
3252,3,3,1,1.0,0.3333,0.3333
3253,3,2,2,0.6667,0.6667,0.6667
3254,3,2,1,0.6667,0.3333,0.3333
3255,2,0,0,0.0,0.0,0.0
3256,1,1,1,1.0,1.0,1.0
3257,2,2,1,1.0,0.5,0.5
3258,1,1,1,1.0,1.0,1.0
3259,1,1,0,1.0,0.0,0.0
3260,3,3,2,1.0,0.6667,0.6667
3261,2,2,2,1.0,1.0,1.0
3262,1,1,1,1.0,1.0,1.0
3263,3,2,2,0.6667,0.6667,0.6667
3264,3,2,2,0.6667,0.6667,0.6667
3265,1,1,1,1.0,1.0,1.0
3266,2,1,1,0.5,0.5,0.5
3267,2,2,2,1.0,1.0,1.0
3268,2,2,1,1.0,0.5,0.5
3269,1,1,1,1.0,1.0,1.0
3270,2,2,2,1.0,1.0,1.0
3271,3,2,1,0.6667,0.3333,0.3333
3272,1,1,0,1.0,0.0,0.0
3273,2,2,1,1.0,0.5,0.5
3274,3,3,2,1.0,0.6667,0.6667
3275,2,2,0,1.0,0.0,0.0
3276,1,1,1,1.0,1.0,1.0
3277,3,3,3,1.0,1.0,1.0
3278,3,2,1,0.6667,0.3333,0.3333
3279,1,1,1,1.0,1.0,1.0
3280,3,2,1,0.6667,0.3333,0.3333
3281,2,2,1,1.0,0.5,0.5
3282,1,1,0,1.0,0.0,0.0
3283,2,2,2,1.0,1.0,1.0
3284,1,1,1,1.0,1.0,1.0
3285,1,1,1,1.0,1.0,1.0
3286,3,1,1,0.3333,0.3333,0.3333
3287,1,1,1,1.0,1.0,1.0
3288,1,1,1,1.0,1.0,1.0
3289,1,1,1,1.0,1.0,1.0
3290,3,3,1,1.0,0.3333,0.3333
3291,2,2,2,1.0,1.0,1.0
3292,1,1,0,1.0,0.0,0.0
3293,3,3,2,1.0,0.6667,0.6667
3294,1,0,0,0.0,0.0,0.0
3295,1,1,1,1.0,1.0,1.0
3296,3,3,2,1.0,0.6667,0.6667
3297,1,1,0,1.0,0.0,0.0
3298,1,1,0,1.0,0.0,0.0
3299,1,1,0,1.0,0.0,0.0
3300,2,2,2,1.0,1.0,1.0
3301,3,2,2,0.6667,0.6667,0.6667
3302,2,2,2,1.0,1.0,1.0
3303,3,1,0,0.3333,0.0,0.0
3304,2,2,2,1.0,1.0,1.0
3305,2,2,2,1.0,1.0,1.0
3306,1,1,1,1.0,1.0,1.0
3307,1,0,0,0.0,0.0,0.0
3308,1,1,0,1.0,0.0,0.0
3309,1,1,0,1.0,0.0,0.0
3310,1,1,1,1.0,1.0,1.0
3311,1,0,0,0.0,0.0,0.0
3312,2,2,1,1.0,0.5,0.5
3313,3,3,1,1.0,0.3333,0.3333
3314,3,2,1,0.6667,0.3333,0.3333
3315,2,2,1,1.0,0.5,0.5
3316,1,1,1,1.0,1.0,1.0
3317,2,2,1,1.0,0.5,0.5
3318,3,2,2,0.6667,0.6667,0.6667
3319,2,1,1,0.5,0.5,0.5
3320,1,1,0,1.0,0.0,0.0
3321,1,1,0,1.0,0.0,0.0
3322,1,0,0,0.0,0.0,0.0
3323,3,3,3,1.0,1.0,1.0
3324,2,1,1,0.5,0.5,0.5
3325,2,2,0,1.0,0.0,0.0
3326,2,1,1,0.5,0.5,0.5
3327,2,2,0,1.0,0.0,0.0
3328,2,1,1,0.5,0.5,0.5
3329,2,1,0,0.5,0.0,0.0
3330,1,1,1,1.0,1.0,1.0
3331,2,2,2,1.0,1.0,1.0
3332,3,3,2,1.0,0.6667,0.6667
3333,3,2,1,0.6667,0.3333,0.3333
3334,1,0,0,0.0,0.0,0.0
3335,3,3,1,1.0,0.3333,0.3333
3336,1,1,1,1.0,1.0,1.0
3337,3,3,2,1.0,0.6667,0.6667
3338,1,0,0,0.0,0.0,0.0
3339,1,1,1,1.0,1.0,1.0
3340,1,1,0,1.0,0.0,0.0
3341,3,2,1,0.6667,0.3333,0.3333
3342,1,1,1,1.0,1.0,1.0
3343,2,2,2,1.0,1.0,1.0
3344,2,2,2,1.0,1.0,1.0
3345,3,0,0,0.0,0.0,0.0
3346,1,1,1,1.0,1.0,1.0
3347,2,1,1,0.5,0.5,0.5
3348,3,2,1,0.6667,0.3333,0.3333
3349,3,3,3,1.0,1.0,1.0
3350,1,0,0,0.0,0.0,0.0
3351,2,2,1,1.0,0.5,0.5
3352,2,2,1,1.0,0.5,0.5
3353,3,0,0,0.0,0.0,0.0
3354,1,0,0,0.0,0.0,0.0
3355,1,1,0,1.0,0.0,0.0
3356,2,2,2,1.0,1.0,1.0
3357,1,1,0,1.0,0.0,0.0
3358,1,1,1,1.0,1.0,1.0
3359,1,1,1,1.0,1.0,1.0
3360,2,2,1,1.0,0.5,0.5
3361,3,1,1,0.3333,0.3333,0.3333
3362,3,1,0,0.3333,0.0,0.0
3363,2,2,2,1.0,1.0,1.0
3364,2,2,1,1.0,0.5,0.5
3365,2,1,1,0.5,0.5,0.5
3366,2,2,1,1.0,0.5,0.5
3367,3,2,1,0.6667,0.3333,0.3333
3368,1,1,1,1.0,1.0,1.0
3369,3,2,2,0.6667,0.6667,0.6667
3370,1,1,0,1.0,0.0,0.0
3371,2,1,1,0.5,0.5,0.5
3372,3,2,2,0.6667,0.6667,0.6667
3373,2,2,1,1.0,0.5,0.5
3374,2,1,0,0.5,0.0,0.0
3375,2,2,2,1.0,1.0,1.0
3376,2,2,2,1.0,1.0,1.0
3377,3,3,3,1.0,1.0,1.0
3378,1,1,1,1.0,1.0,1.0
3379,1,1,1,1.0,1.0,1.0
3380,2,2,2,1.0,1.0,1.0
3381,3,3,0,1.0,0.0,0.0
3382,1,1,1,1.0,1.0,1.0
3383,3,2,2,0.6667,0.6667,0.6667
3384,1,1,0,1.0,0.0,0.0
3385,2,2,1,1.0,0.5,0.5
3386,3,2,1,0.6667,0.3333,0.3333
3387,2,2,2,1.0,1.0,1.0
3388,2,2,2,1.0,1.0,1.0
3389,2,2,1,1.0,0.5,0.5
3390,1,1,1,1.0,1.0,1.0
3391,3,2,2,0.6667,0.6667,0.6667
3392,3,3,1,1.0,0.3333,0.3333
3393,1,1,1,1.0,1.0,1.0
3394,1,1,1,1.0,1.0,1.0
3395,3,2,1,0.6667,0.3333,0.3333
3396,2,2,1,1.0,0.5,0.5
3397,2,2,2,1.0,1.0,1.0
3398,2,2,2,1.0,1.0,1.0
3399,3,3,2,1.0,0.6667,0.6667
3400,3,3,2,1.0,0.6667,0.6667
3401,2,2,2,1.0,1.0,1.0
3402,1,1,1,1.0,1.0,1.0
3403,2,2,1,1.0,0.5,0.5
3404,1,0,0,0.0,0.0,0.0
3405,3,2,1,0.6667,0.3333,0.3333
3406,1,1,1,1.0,1.0,1.0
3407,2,2,2,1.0,1.0,1.0
3408,2,1,1,0.5,0.5,0.5
3409,2,2,2,1.0,1.0,1.0
3410,1,1,0,1.0,0.0,0.0
3411,2,1,1,0.5,0.5,0.5
3412,2,2,1,1.0,0.5,0.5
3413,2,2,2,1.0,1.0,1.0
3414,2,2,2,1.0,1.0,1.0
3415,3,2,0,0.6667,0.0,0.0
3416,2,2,0,1.0,0.0,0.0
3417,2,2,2,1.0,1.0,1.0
3418,2,1,1,0.5,0.5,0.5
3419,3,3,3,1.0,1.0,1.0
3420,3,3,1,1.0,0.3333,0.3333
3421,2,2,2,1.0,1.0,1.0
3422,2,2,2,1.0,1.0,1.0
3423,2,1,1,0.5,0.5,0.5
3424,1,1,1,1.0,1.0,1.0
3425,3,1,1,0.3333,0.3333,0.3333
3426,3,1,1,0.3333,0.3333,0.3333
3427,3,3,1,1.0,0.3333,0.3333
3428,1,0,0,0.0,0.0,0.0
3429,2,2,0,1.0,0.0,0.0
3430,2,2,2,1.0,1.0,1.0
3431,3,3,3,1.0,1.0,1.0
3432,3,3,1,1.0,0.3333,0.3333
3433,2,2,2,1.0,1.0,1.0
3434,3,3,1,1.0,0.3333,0.3333
3435,1,1,1,1.0,1.0,1.0
3436,3,3,1,1.0,0.3333,0.3333
3437,1,1,1,1.0,1.0,1.0
3438,2,1,1,0.5,0.5,0.5
3439,3,3,3,1.0,1.0,1.0
3440,1,1,1,1.0,1.0,1.0
3441,3,3,2,1.0,0.6667,0.6667
3442,3,3,3,1.0,1.0,1.0
3443,3,3,3,1.0,1.0,1.0
3444,3,2,1,0.6667,0.3333,0.3333
3445,3,3,3,1.0,1.0,1.0
3446,1,1,1,1.0,1.0,1.0
3447,2,2,0,1.0,0.0,0.0
3448,1,1,1,1.0,1.0,1.0
3449,2,2,1,1.0,0.5,0.5
3450,2,2,1,1.0,0.5,0.5
3451,2,2,2,1.0,1.0,1.0
3452,3,3,3,1.0,1.0,1.0
3453,2,2,2,1.0,1.0,1.0
3454,3,2,1,0.6667,0.3333,0.3333
3455,3,3,1,1.0,0.3333,0.3333
3456,1,1,1,1.0,1.0,1.0
3457,2,2,1,1.0,0.5,0.5
3458,2,1,0,0.5,0.0,0.0
3459,3,2,1,0.6667,0.3333,0.3333
3460,2,2,0,1.0,0.0,0.0
3461,3,1,1,0.3333,0.3333,0.3333
3462,1,1,0,1.0,0.0,0.0
3463,2,2,2,1.0,1.0,1.0
3464,3,3,3,1.0,1.0,1.0
3465,2,1,1,0.5,0.5,0.5
3466,2,1,0,0.5,0.0,0.0
3467,1,1,0,1.0,0.0,0.0
3468,1,1,1,1.0,1.0,1.0
3469,1,1,1,1.0,1.0,1.0
3470,2,2,1,1.0,0.5,0.5
3471,2,2,0,1.0,0.0,0.0
3472,1,1,1,1.0,1.0,1.0
3473,2,2,2,1.0,1.0,1.0
3474,2,2,1,1.0,0.5,0.5
3475,2,2,0,1.0,0.0,0.0
3476,2,2,0,1.0,0.0,0.0
3477,2,2,1,1.0,0.5,0.5
3478,1,1,1,1.0,1.0,1.0
3479,3,2,0,0.6667,0.0,0.0
3480,3,3,2,1.0,0.6667,0.6667
3481,2,2,1,1.0,0.5,0.5
3482,1,1,1,1.0,1.0,1.0
3483,2,2,1,1.0,0.5,0.5
3484,2,2,2,1.0,1.0,1.0
3485,2,2,2,1.0,1.0,1.0
3486,3,1,1,0.3333,0.3333,0.3333
3487,2,2,2,1.0,1.0,1.0
3488,1,1,1,1.0,1.0,1.0
3489,1,1,1,1.0,1.0,1.0
3490,1,1,0,1.0,0.0,0.0
3491,3,2,2,0.6667,0.6667,0.6667
3492,1,1,1,1.0,1.0,1.0
3493,3,3,0,1.0,0.0,0.0
3494,2,1,1,0.5,0.5,0.5
3495,2,2,1,1.0,0.5,0.5
3496,3,1,0,0.3333,0.0,0.0
3497,2,2,1,1.0,0.5,0.5
3498,3,2,1,0.6667,0.3333,0.3333
3499,2,2,1,1.0,0.5,0.5
3500,2,2,2,1.0,1.0,1.0
3501,3,2,2,0.6667,0.6667,0.6667
3502,2,1,1,0.5,0.5,0.5
3503,2,1,1,0.5,0.5,0.5
3504,3,3,2,1.0,0.6667,0.6667
3505,1,1,1,1.0,1.0,1.0
3506,1,1,0,1.0,0.0,0.0
3507,1,1,0,1.0,0.0,0.0
3508,1,1,0,1.0,0.0,0.0
3509,3,2,2,0.6667,0.6667,0.6667
3510,2,2,2,1.0,1.0,1.0
3511,2,2,1,1.0,0.5,0.5
3512,1,1,1,1.0,1.0,1.0
3513,3,1,1,0.3333,0.3333,0.3333
3514,2,0,0,0.0,0.0,0.0
3515,3,3,3,1.0,1.0,1.0
3516,1,0,0,0.0,0.0,0.0
3517,3,3,2,1.0,0.6667,0.6667
3518,1,1,1,1.0,1.0,1.0
3519,2,2,2,1.0,1.0,1.0
3520,2,2,2,1.0,1.0,1.0
3521,2,2,2,1.0,1.0,1.0
3522,2,1,0,0.5,0.0,0.0
3523,3,2,1,0.6667,0.3333,0.3333
3524,2,2,1,1.0,0.5,0.5
3525,2,2,0,1.0,0.0,0.0
3526,3,3,3,1.0,1.0,1.0
3527,1,1,1,1.0,1.0,1.0
3528,3,2,1,0.6667,0.3333,0.3333
3529,2,2,2,1.0,1.0,1.0
3530,2,2,1,1.0,0.5,0.5
3531,1,1,1,1.0,1.0,1.0
3532,1,1,1,1.0,1.0,1.0
3533,3,2,0,0.6667,0.0,0.0
3534,2,2,1,1.0,0.5,0.5
3535,2,2,2,1.0,1.0,1.0
3536,1,1,0,1.0,0.0,0.0
3537,3,3,3,1.0,1.0,1.0
3538,3,3,1,1.0,0.3333,0.3333
3539,1,1,1,1.0,1.0,1.0
3540,3,3,0,1.0,0.0,0.0
3541,2,2,1,1.0,0.5,0.5
3542,1,1,1,1.0,1.0,1.0
3543,3,3,2,1.0,0.6667,0.6667
3544,2,2,2,1.0,1.0,1.0
3545,2,1,1,0.5,0.5,0.5
3546,1,1,1,1.0,1.0,1.0
3547,2,2,2,1.0,1.0,1.0
3548,3,2,1,0.6667,0.3333,0.3333
3549,3,3,1,1.0,0.3333,0.3333
3550,2,2,1,1.0,0.5,0.5
3551,1,1,1,1.0,1.0,1.0
3552,1,0,0,0.0,0.0,0.0
3553,1,1,1,1.0,1.0,1.0
3554,3,3,2,1.0,0.6667,0.6667
3555,1,1,0,1.0,0.0,0.0
3556,1,1,1,1.0,1.0,1.0
3557,1,1,1,1.0,1.0,1.0
3558,1,0,0,0.0,0.0,0.0
3559,3,3,2,1.0,0.6667,0.6667
3560,2,2,1,1.0,0.5,0.5
3561,2,1,1,0.5,0.5,0.5
3562,2,2,2,1.0,1.0,1.0
3563,2,2,0,1.0,0.0,0.0
3564,1,1,0,1.0,0.0,0.0
3565,3,2,1,0.6667,0.3333,0.3333
3566,1,1,1,1.0,1.0,1.0
3567,1,0,0,0.0,0.0,0.0
3568,3,2,2,0.6667,0.6667,0.6667
3569,2,1,1,0.5,0.5,0.5
3570,2,1,1,0.5,0.5,0.5
3571,1,1,0,1.0,0.0,0.0
3572,1,1,1,1.0,1.0,1.0
3573,2,2,2,1.0,1.0,1.0
3574,2,1,0,0.5,0.0,0.0
3575,2,1,0,0.5,0.0,0.0
3576,3,2,1,0.6667,0.3333,0.3333
3577,2,2,2,1.0,1.0,1.0
3578,3,2,2,0.6667,0.6667,0.6667
3579,1,0,0,0.0,0.0,0.0
3580,1,1,1,1.0,1.0,1.0
3581,3,2,2,0.6667,0.6667,0.6667
3582,2,1,1,0.5,0.5,0.5
3583,1,0,0,0.0,0.0,0.0
3584,3,3,2,1.0,0.6667,0.6667
3585,1,1,1,1.0,1.0,1.0
3586,1,1,1,1.0,1.0,1.0
3587,3,2,1,0.6667,0.3333,0.3333
3588,1,1,1,1.0,1.0,1.0
3589,2,1,1,0.5,0.5,0.5
3590,1,1,1,1.0,1.0,1.0
3591,2,2,2,1.0,1.0,1.0
3592,3,2,1,0.6667,0.3333,0.3333
3593,2,2,1,1.0,0.5,0.5
3594,2,1,1,0.5,0.5,0.5
3595,2,1,1,0.5,0.5,0.5
3596,2,2,2,1.0,1.0,1.0
3597,3,3,3,1.0,1.0,1.0
3598,2,0,0,0.0,0.0,0.0
3599,2,2,2,1.0,1.0,1.0
3600,2,1,1,0.5,0.5,0.5
3601,1,1,1,1.0,1.0,1.0
3602,1,1,1,1.0,1.0,1.0
3603,2,2,2,1.0,1.0,1.0
3604,1,1,0,1.0,0.0,0.0
3605,1,1,1,1.0,1.0,1.0
3606,2,1,0,0.5,0.0,0.0
3607,1,1,1,1.0,1.0,1.0
3608,3,2,0,0.6667,0.0,0.0
3609,2,2,2,1.0,1.0,1.0
3610,1,1,0,1.0,0.0,0.0
3611,2,2,1,1.0,0.5,0.5
3612,2,2,2,1.0,1.0,1.0
3613,1,1,0,1.0,0.0,0.0
3614,1,1,1,1.0,1.0,1.0
3615,1,0,0,0.0,0.0,0.0
3616,1,1,1,1.0,1.0,1.0
3617,2,2,2,1.0,1.0,1.0
3618,3,3,3,1.0,1.0,1.0
3619,3,3,1,1.0,0.3333,0.3333
3620,1,0,0,0.0,0.0,0.0
3621,2,1,1,0.5,0.5,0.5
3622,2,2,2,1.0,1.0,1.0
3623,3,2,1,0.6667,0.3333,0.3333
3624,2,2,2,1.0,1.0,1.0
3625,2,2,1,1.0,0.5,0.5
3626,1,0,0,0.0,0.0,0.0
3627,2,1,1,0.5,0.5,0.5
3628,1,1,0,1.0,0.0,0.0
3629,2,2,1,1.0,0.5,0.5
3630,2,2,1,1.0,0.5,0.5
3631,2,2,2,1.0,1.0,1.0
3632,2,2,1,1.0,0.5,0.5
3633,2,2,0,1.0,0.0,0.0
3634,2,2,2,1.0,1.0,1.0
3635,2,2,2,1.0,1.0,1.0
3636,2,2,0,1.0,0.0,0.0
3637,1,1,0,1.0,0.0,0.0
3638,2,2,2,1.0,1.0,1.0
3639,2,2,1,1.0,0.5,0.5
3640,1,1,1,1.0,1.0,1.0
3641,1,1,1,1.0,1.0,1.0
3642,1,1,0,1.0,0.0,0.0
3643,1,1,0,1.0,0.0,0.0
3644,2,2,1,1.0,0.5,0.5
3645,1,1,1,1.0,1.0,1.0
3646,1,1,1,1.0,1.0,1.0
3647,2,2,2,1.0,1.0,1.0
3648,2,2,2,1.0,1.0,1.0
3649,2,2,2,1.0,1.0,1.0
3650,2,2,1,1.0,0.5,0.5
3651,3,2,2,0.6667,0.6667,0.6667
3652,2,2,1,1.0,0.5,0.5
3653,2,2,2,1.0,1.0,1.0
3654,2,2,2,1.0,1.0,1.0
3655,3,2,0,0.6667,0.0,0.0
3656,2,2,1,1.0,0.5,0.5
3657,3,2,0,0.6667,0.0,0.0
3658,2,2,2,1.0,1.0,1.0
3659,3,3,2,1.0,0.6667,0.6667
3660,1,1,1,1.0,1.0,1.0
3661,2,2,2,1.0,1.0,1.0
3662,2,2,1,1.0,0.5,0.5
3663,2,2,1,1.0,0.5,0.5
3664,2,2,2,1.0,1.0,1.0
3665,2,2,2,1.0,1.0,1.0
3666,1,1,0,1.0,0.0,0.0
3667,3,2,2,0.6667,0.6667,0.6667
3668,2,2,1,1.0,0.5,0.5
3669,3,3,1,1.0,0.3333,0.3333
3670,2,1,1,0.5,0.5,0.5
3671,3,3,2,1.0,0.6667,0.6667
3672,3,2,0,0.6667,0.0,0.0
3673,1,1,1,1.0,1.0,1.0
3674,3,3,2,1.0,0.6667,0.6667
3675,1,1,0,1.0,0.0,0.0
3676,2,2,0,1.0,0.0,0.0
3677,2,2,2,1.0,1.0,1.0
3678,2,2,0,1.0,0.0,0.0
3679,3,3,1,1.0,0.3333,0.3333
3680,1,1,0,1.0,0.0,0.0
3681,1,1,0,1.0,0.0,0.0
3682,2,1,0,0.5,0.0,0.0
3683,1,1,1,1.0,1.0,1.0
3684,3,2,2,0.6667,0.6667,0.6667
3685,2,1,1,0.5,0.5,0.5
3686,3,2,2,0.6667,0.6667,0.6667
3687,3,3,3,1.0,1.0,1.0
3688,3,3,0,1.0,0.0,0.0
3689,3,3,0,1.0,0.0,0.0
3690,3,3,1,1.0,0.3333,0.3333
3691,3,1,0,0.3333,0.0,0.0
3692,1,1,1,1.0,1.0,1.0
3693,1,0,0,0.0,0.0,0.0
3694,3,2,1,0.6667,0.3333,0.3333
3695,3,2,2,0.6667,0.6667,0.6667
3696,3,3,2,1.0,0.6667,0.6667
3697,2,2,1,1.0,0.5,0.5
3698,1,1,0,1.0,0.0,0.0
3699,2,2,1,1.0,0.5,0.5
3700,3,1,0,0.3333,0.0,0.0
3701,1,1,1,1.0,1.0,1.0
3702,3,2,2,0.6667,0.6667,0.6667
3703,2,2,1,1.0,0.5,0.5
3704,1,1,1,1.0,1.0,1.0
3705,3,3,2,1.0,0.6667,0.6667
3706,3,3,2,1.0,0.6667,0.6667
3707,3,3,3,1.0,1.0,1.0
3708,1,1,1,1.0,1.0,1.0
3709,1,1,1,1.0,1.0,1.0
3710,3,2,2,0.6667,0.6667,0.6667
3711,1,1,0,1.0,0.0,0.0
3712,3,2,1,0.6667,0.3333,0.3333
3713,1,1,0,1.0,0.0,0.0
3714,3,2,1,0.6667,0.3333,0.3333
3715,3,2,1,0.6667,0.3333,0.3333
3716,3,2,1,0.6667,0.3333,0.3333
3717,1,0,0,0.0,0.0,0.0
3718,2,1,1,0.5,0.5,0.5
3719,2,1,1,0.5,0.5,0.5
3720,2,1,1,0.5,0.5,0.5
3721,1,1,0,1.0,0.0,0.0
3722,2,1,0,0.5,0.0,0.0
3723,2,2,2,1.0,1.0,1.0
3724,3,3,1,1.0,0.3333,0.3333
3725,3,3,2,1.0,0.6667,0.6667
3726,1,1,1,1.0,1.0,1.0
3727,2,2,2,1.0,1.0,1.0
3728,2,2,2,1.0,1.0,1.0
3729,2,1,1,0.5,0.5,0.5
3730,2,2,0,1.0,0.0,0.0
3731,2,1,0,0.5,0.0,0.0
3732,2,2,0,1.0,0.0,0.0
3733,2,2,1,1.0,0.5,0.5
3734,3,1,0,0.3333,0.0,0.0
3735,3,3,1,1.0,0.3333,0.3333
3736,2,2,1,1.0,0.5,0.5
3737,2,2,1,1.0,0.5,0.5
3738,2,2,2,1.0,1.0,1.0
3739,1,1,1,1.0,1.0,1.0
3740,2,2,0,1.0,0.0,0.0
3741,3,2,0,0.6667,0.0,0.0
3742,2,1,0,0.5,0.0,0.0
3743,1,1,1,1.0,1.0,1.0
3744,2,2,1,1.0,0.5,0.5
3745,3,3,1,1.0,0.3333,0.3333
3746,1,1,0,1.0,0.0,0.0
3747,1,1,1,1.0,1.0,1.0
3748,2,2,2,1.0,1.0,1.0
3749,2,2,2,1.0,1.0,1.0
3750,2,1,0,0.5,0.0,0.0
3751,2,1,1,0.5,0.5,0.5
3752,2,0,0,0.0,0.0,0.0
3753,2,2,1,1.0,0.5,0.5
3754,3,3,2,1.0,0.6667,0.6667
3755,2,2,0,1.0,0.0,0.0
3756,2,2,0,1.0,0.0,0.0
3757,3,2,2,0.6667,0.6667,0.6667
3758,2,2,1,1.0,0.5,0.5
3759,1,1,1,1.0,1.0,1.0
3760,1,1,1,1.0,1.0,1.0
3761,1,1,1,1.0,1.0,1.0
3762,1,1,1,1.0,1.0,1.0
3763,1,0,0,0.0,0.0,0.0
3764,3,3,1,1.0,0.3333,0.3333
3765,1,0,0,0.0,0.0,0.0
3766,1,1,0,1.0,0.0,0.0
3767,1,1,1,1.0,1.0,1.0
3768,1,1,1,1.0,1.0,1.0
3769,1,1,0,1.0,0.0,0.0
3770,2,2,1,1.0,0.5,0.5
3771,1,1,1,1.0,1.0,1.0
3772,2,1,1,0.5,0.5,0.5
3773,2,2,2,1.0,1.0,1.0
3774,2,2,1,1.0,0.5,0.5
3775,2,2,1,1.0,0.5,0.5
3776,1,1,1,1.0,1.0,1.0
3777,3,3,2,1.0,0.6667,0.6667
3778,1,1,1,1.0,1.0,1.0
3779,3,2,0,0.6667,0.0,0.0
3780,1,1,1,1.0,1.0,1.0
3781,3,1,1,0.3333,0.3333,0.3333
3782,2,1,1,0.5,0.5,0.5
3783,1,1,0,1.0,0.0,0.0
3784,3,3,2,1.0,0.6667,0.6667
3785,1,1,1,1.0,1.0,1.0
3786,3,3,3,1.0,1.0,1.0
3787,2,2,2,1.0,1.0,1.0
3788,2,1,0,0.5,0.0,0.0
3789,3,2,0,0.6667,0.0,0.0
3790,3,3,3,1.0,1.0,1.0
3791,3,2,2,0.6667,0.6667,0.6667
3792,3,2,2,0.6667,0.6667,0.6667
3793,1,1,0,1.0,0.0,0.0
3794,3,2,2,0.6667,0.6667,0.6667
3795,2,2,0,1.0,0.0,0.0
3796,1,1,1,1.0,1.0,1.0
3797,1,1,1,1.0,1.0,1.0
3798,1,1,1,1.0,1.0,1.0
3799,1,1,1,1.0,1.0,1.0
3800,2,2,2,1.0,1.0,1.0
3801,3,2,0,0.6667,0.0,0.0
3802,1,1,0,1.0,0.0,0.0
3803,2,1,1,0.5,0.5,0.5
3804,1,1,1,1.0,1.0,1.0
3805,3,1,1,0.3333,0.3333,0.3333
3806,2,2,1,1.0,0.5,0.5
3807,1,0,0,0.0,0.0,0.0
3808,2,2,1,1.0,0.5,0.5
3809,1,1,1,1.0,1.0,1.0
3810,2,2,2,1.0,1.0,1.0
3811,2,1,0,0.5,0.0,0.0
3812,3,2,2,0.6667,0.6667,0.6667
3813,2,1,1,0.5,0.5,0.5
3814,3,2,0,0.6667,0.0,0.0
3815,1,0,0,0.0,0.0,0.0
3816,1,1,1,1.0,1.0,1.0
3817,1,1,1,1.0,1.0,1.0
3818,3,3,2,1.0,0.6667,0.6667
3819,2,2,1,1.0,0.5,0.5
3820,2,2,2,1.0,1.0,1.0
3821,2,2,2,1.0,1.0,1.0
3822,3,3,1,1.0,0.3333,0.3333
3823,1,1,0,1.0,0.0,0.0
3824,2,2,2,1.0,1.0,1.0
3825,2,2,1,1.0,0.5,0.5
3826,1,1,1,1.0,1.0,1.0
3827,3,2,1,0.6667,0.3333,0.3333
3828,2,2,2,1.0,1.0,1.0
3829,2,2,1,1.0,0.5,0.5
3830,1,1,1,1.0,1.0,1.0
3831,1,0,0,0.0,0.0,0.0
3832,2,2,2,1.0,1.0,1.0
3833,1,1,1,1.0,1.0,1.0
3834,1,1,1,1.0,1.0,1.0
3835,2,2,1,1.0,0.5,0.5
3836,3,1,1,0.3333,0.3333,0.3333
3837,1,1,0,1.0,0.0,0.0
3838,2,1,0,0.5,0.0,0.0
3839,3,2,1,0.6667,0.3333,0.3333
3840,3,2,1,0.6667,0.3333,0.3333
3841,1,1,1,1.0,1.0,1.0
3842,3,3,1,1.0,0.3333,0.3333
3843,1,1,1,1.0,1.0,1.0
3844,2,2,1,1.0,0.5,0.5
3845,3,1,0,0.3333,0.0,0.0
3846,2,1,1,0.5,0.5,0.5
3847,2,1,0,0.5,0.0,0.0
3848,2,2,1,1.0,0.5,0.5
3849,3,2,2,0.6667,0.6667,0.6667
3850,2,0,0,0.0,0.0,0.0
3851,3,3,3,1.0,1.0,1.0
3852,2,2,2,1.0,1.0,1.0
3853,2,2,1,1.0,0.5,0.5
3854,3,2,2,0.6667,0.6667,0.6667
3855,2,1,0,0.5,0.0,0.0
3856,2,2,1,1.0,0.5,0.5
3857,2,2,1,1.0,0.5,0.5
3858,3,3,2,1.0,0.6667,0.6667
3859,2,2,2,1.0,1.0,1.0
3860,1,1,0,1.0,0.0,0.0
3861,3,3,2,1.0,0.6667,0.6667
3862,1,1,1,1.0,1.0,1.0
3863,2,1,1,0.5,0.5,0.5
3864,3,3,3,1.0,1.0,1.0
3865,1,0,0,0.0,0.0,0.0
3866,3,2,2,0.6667,0.6667,0.6667
3867,2,2,1,1.0,0.5,0.5
3868,1,0,0,0.0,0.0,0.0
3869,1,1,1,1.0,1.0,1.0
3870,1,1,1,1.0,1.0,1.0
3871,2,2,1,1.0,0.5,0.5
3872,1,0,0,0.0,0.0,0.0
3873,2,2,2,1.0,1.0,1.0
3874,2,2,0,1.0,0.0,0.0
3875,2,2,1,1.0,0.5,0.5
3876,1,1,1,1.0,1.0,1.0
3877,2,2,0,1.0,0.0,0.0
3878,2,2,1,1.0,0.5,0.5
3879,1,1,1,1.0,1.0,1.0
3880,1,1,1,1.0,1.0,1.0
3881,3,2,2,0.6667,0.6667,0.6667
3882,1,1,1,1.0,1.0,1.0
3883,2,2,1,1.0,0.5,0.5
3884,2,2,2,1.0,1.0,1.0
3885,1,1,1,1.0,1.0,1.0
3886,2,2,2,1.0,1.0,1.0
3887,1,0,0,0.0,0.0,0.0
3888,2,2,2,1.0,1.0,1.0
3889,1,1,1,1.0,1.0,1.0
3890,2,2,2,1.0,1.0,1.0
3891,3,3,2,1.0,0.6667,0.6667
3892,2,2,2,1.0,1.0,1.0
3893,1,1,1,1.0,1.0,1.0
3894,1,1,1,1.0,1.0,1.0
3895,2,2,2,1.0,1.0,1.0
3896,1,1,1,1.0,1.0,1.0
3897,1,0,0,0.0,0.0,0.0
3898,3,1,1,0.3333,0.3333,0.3333
3899,1,1,1,1.0,1.0,1.0
3900,1,1,1,1.0,1.0,1.0
3901,1,0,0,0.0,0.0,0.0
3902,2,1,1,0.5,0.5,0.5
3903,2,1,1,0.5,0.5,0.5
3904,2,1,1,0.5,0.5,0.5
3905,2,2,1,1.0,0.5,0.5
3906,3,3,1,1.0,0.3333,0.3333
3907,1,1,0,1.0,0.0,0.0
3908,1,1,1,1.0,1.0,1.0
3909,2,2,2,1.0,1.0,1.0
3910,3,3,2,1.0,0.6667,0.6667
3911,3,3,2,1.0,0.6667,0.6667
3912,3,3,3,1.0,1.0,1.0
3913,2,2,2,1.0,1.0,1.0
3914,2,2,2,1.0,1.0,1.0
3915,2,2,1,1.0,0.5,0.5
3916,2,1,1,0.5,0.5,0.5
3917,3,1,1,0.3333,0.3333,0.3333
3918,1,1,0,1.0,0.0,0.0
3919,3,1,1,0.3333,0.3333,0.3333
3920,3,3,3,1.0,1.0,1.0
3921,3,3,3,1.0,1.0,1.0
3922,2,2,2,1.0,1.0,1.0
3923,3,2,1,0.6667,0.3333,0.3333
3924,1,1,1,1.0,1.0,1.0
3925,3,2,2,0.6667,0.6667,0.6667
3926,2,2,2,1.0,1.0,1.0
3927,3,3,1,1.0,0.3333,0.3333
3928,1,1,1,1.0,1.0,1.0
3929,3,3,3,1.0,1.0,1.0
3930,3,3,2,1.0,0.6667,0.6667
3931,3,3,1,1.0,0.3333,0.3333
3932,3,1,1,0.3333,0.3333,0.3333
3933,2,2,1,1.0,0.5,0.5
3934,1,0,0,0.0,0.0,0.0
3935,1,1,1,1.0,1.0,1.0
3936,2,2,1,1.0,0.5,0.5
3937,3,2,1,0.6667,0.3333,0.3333
3938,3,2,0,0.6667,0.0,0.0
3939,3,2,2,0.6667,0.6667,0.6667
3940,2,2,2,1.0,1.0,1.0
3941,2,1,0,0.5,0.0,0.0
3942,2,2,1,1.0,0.5,0.5
3943,2,1,1,0.5,0.5,0.5
3944,3,2,1,0.6667,0.3333,0.3333
3945,2,2,1,1.0,0.5,0.5
3946,3,2,1,0.6667,0.3333,0.3333
3947,1,1,0,1.0,0.0,0.0
3948,3,2,1,0.6667,0.3333,0.3333
3949,2,1,1,0.5,0.5,0.5
3950,1,1,0,1.0,0.0,0.0
3951,3,3,1,1.0,0.3333,0.3333
3952,2,2,2,1.0,1.0,1.0
3953,2,2,1,1.0,0.5,0.5
3954,3,3,3,1.0,1.0,1.0
3955,3,3,0,1.0,0.0,0.0
3956,1,1,1,1.0,1.0,1.0
3957,2,2,1,1.0,0.5,0.5
3958,3,1,1,0.3333,0.3333,0.3333
3959,3,1,1,0.3333,0.3333,0.3333
3960,3,3,3,1.0,1.0,1.0
3961,1,1,1,1.0,1.0,1.0
3962,3,3,1,1.0,0.3333,0.3333
3963,1,1,1,1.0,1.0,1.0
3964,1,0,0,0.0,0.0,0.0
3965,2,2,2,1.0,1.0,1.0
3966,2,2,1,1.0,0.5,0.5
3967,2,1,1,0.5,0.5,0.5
3968,2,2,1,1.0,0.5,0.5
3969,2,2,2,1.0,1.0,1.0
3970,1,1,1,1.0,1.0,1.0
3971,3,2,1,0.6667,0.3333,0.3333
3972,1,1,0,1.0,0.0,0.0
3973,3,3,3,1.0,1.0,1.0
3974,3,3,2,1.0,0.6667,0.6667
3975,1,0,0,0.0,0.0,0.0
3976,2,2,2,1.0,1.0,1.0
3977,2,1,1,0.5,0.5,0.5
3978,1,1,1,1.0,1.0,1.0
3979,3,2,2,0.6667,0.6667,0.6667
3980,2,2,1,1.0,0.5,0.5
3981,1,1,1,1.0,1.0,1.0
3982,3,3,1,1.0,0.3333,0.3333
3983,1,1,1,1.0,1.0,1.0
3984,1,1,1,1.0,1.0,1.0
3985,1,0,0,0.0,0.0,0.0
3986,3,2,1,0.6667,0.3333,0.3333
3987,2,2,2,1.0,1.0,1.0
3988,1,0,0,0.0,0.0,0.0
3989,2,2,0,1.0,0.0,0.0
3990,3,3,2,1.0,0.6667,0.6667
3991,2,2,1,1.0,0.5,0.5
3992,3,3,1,1.0,0.3333,0.3333
3993,1,0,0,0.0,0.0,0.0
3994,3,2,1,0.6667,0.3333,0.3333
3995,2,2,1,1.0,0.5,0.5
3996,2,1,0,0.5,0.0,0.0
3997,3,2,1,0.6667,0.3333,0.3333
3998,2,2,2,1.0,1.0,1.0
3999,2,2,1,1.0,0.5,0.5
4000,2,1,0,0.5,0.0,0.0
4001,2,2,0,1.0,0.0,0.0
4002,2,2,2,1.0,1.0,1.0
4003,2,1,0,0.5,0.0,0.0
4004,3,3,3,1.0,1.0,1.0
4005,2,2,1,1.0,0.5,0.5
4006,2,2,1,1.0,0.5,0.5
4007,3,2,0,0.6667,0.0,0.0
4008,1,1,1,1.0,1.0,1.0
4009,2,1,0,0.5,0.0,0.0
4010,2,2,2,1.0,1.0,1.0
4011,2,2,1,1.0,0.5,0.5
4012,1,1,0,1.0,0.0,0.0
4013,2,2,1,1.0,0.5,0.5
4014,2,2,1,1.0,0.5,0.5
4015,2,2,1,1.0,0.5,0.5
4016,1,0,0,0.0,0.0,0.0
4017,2,1,1,0.5,0.5,0.5
4018,3,0,0,0.0,0.0,0.0
4019,1,0,0,0.0,0.0,0.0
4020,3,3,2,1.0,0.6667,0.6667
4021,2,1,1,0.5,0.5,0.5
4022,2,1,1,0.5,0.5,0.5
4023,1,1,1,1.0,1.0,1.0
4024,1,1,0,1.0,0.0,0.0
4025,1,1,0,1.0,0.0,0.0
4026,1,1,1,1.0,1.0,1.0
4027,2,2,2,1.0,1.0,1.0
4028,3,2,1,0.6667,0.3333,0.3333
4029,2,2,1,1.0,0.5,0.5
4030,3,1,1,0.3333,0.3333,0.3333
4031,1,1,0,1.0,0.0,0.0
4032,1,1,1,1.0,1.0,1.0
4033,1,1,1,1.0,1.0,1.0
4034,2,2,1,1.0,0.5,0.5
4035,1,1,1,1.0,1.0,1.0
4036,2,2,2,1.0,1.0,1.0
4037,3,3,2,1.0,0.6667,0.6667
4038,1,1,1,1.0,1.0,1.0
4039,3,2,0,0.6667,0.0,0.0
4040,2,2,1,1.0,0.5,0.5
4041,1,1,1,1.0,1.0,1.0
4042,2,2,2,1.0,1.0,1.0
4043,2,1,1,0.5,0.5,0.5
4044,1,1,1,1.0,1.0,1.0
4045,2,1,0,0.5,0.0,0.0
4046,2,2,2,1.0,1.0,1.0
4047,1,1,0,1.0,0.0,0.0
4048,3,2,2,0.6667,0.6667,0.6667
4049,2,2,0,1.0,0.0,0.0
4050,3,3,3,1.0,1.0,1.0
4051,1,1,1,1.0,1.0,1.0
4052,2,2,1,1.0,0.5,0.5
4053,2,2,1,1.0,0.5,0.5
4054,2,2,0,1.0,0.0,0.0
4055,3,3,3,1.0,1.0,1.0
4056,1,1,1,1.0,1.0,1.0
4057,3,0,0,0.0,0.0,0.0
4058,1,1,1,1.0,1.0,1.0
4059,3,2,2,0.6667,0.6667,0.6667
4060,1,1,1,1.0,1.0,1.0
4061,2,1,0,0.5,0.0,0.0
4062,2,2,2,1.0,1.0,1.0
4063,2,2,0,1.0,0.0,0.0
4064,2,2,2,1.0,1.0,1.0
4065,2,2,2,1.0,1.0,1.0
4066,2,2,2,1.0,1.0,1.0
4067,2,2,2,1.0,1.0,1.0
4068,2,2,2,1.0,1.0,1.0
4069,2,2,2,1.0,1.0,1.0
4070,1,1,1,1.0,1.0,1.0
4071,1,1,1,1.0,1.0,1.0
4072,3,3,1,1.0,0.3333,0.3333
4073,1,1,0,1.0,0.0,0.0
4074,3,2,1,0.6667,0.3333,0.3333
4075,1,1,1,1.0,1.0,1.0
4076,1,1,1,1.0,1.0,1.0
4077,1,1,1,1.0,1.0,1.0
4078,2,1,0,0.5,0.0,0.0
4079,3,2,2,0.6667,0.6667,0.6667
4080,1,1,1,1.0,1.0,1.0
4081,1,0,0,0.0,0.0,0.0
4082,3,3,2,1.0,0.6667,0.6667
4083,2,2,1,1.0,0.5,0.5
4084,3,2,1,0.6667,0.3333,0.3333
4085,1,1,1,1.0,1.0,1.0
4086,2,2,2,1.0,1.0,1.0
4087,1,1,0,1.0,0.0,0.0
4088,1,1,1,1.0,1.0,1.0
4089,2,2,1,1.0,0.5,0.5
4090,3,3,2,1.0,0.6667,0.6667
4091,1,1,0,1.0,0.0,0.0
4092,1,1,1,1.0,1.0,1.0
4093,1,1,1,1.0,1.0,1.0
4094,2,1,0,0.5,0.0,0.0
4095,3,3,1,1.0,0.3333,0.3333
4096,3,3,1,1.0,0.3333,0.3333
4097,2,2,1,1.0,0.5,0.5
4098,2,1,0,0.5,0.0,0.0
4099,3,3,1,1.0,0.3333,0.3333
4100,2,2,2,1.0,1.0,1.0
4101,1,1,1,1.0,1.0,1.0
4102,3,3,2,1.0,0.6667,0.6667
4103,1,1,1,1.0,1.0,1.0
4104,1,0,0,0.0,0.0,0.0
4105,2,2,1,1.0,0.5,0.5
4106,1,1,1,1.0,1.0,1.0
4107,3,3,2,1.0,0.6667,0.6667
4108,3,3,3,1.0,1.0,1.0
4109,1,1,1,1.0,1.0,1.0
4110,1,1,1,1.0,1.0,1.0
4111,2,2,2,1.0,1.0,1.0
4112,2,2,1,1.0,0.5,0.5
4113,1,1,1,1.0,1.0,1.0
4114,2,2,2,1.0,1.0,1.0
4115,1,1,1,1.0,1.0,1.0
4116,2,2,2,1.0,1.0,1.0
4117,3,2,1,0.6667,0.3333,0.3333
4118,1,1,1,1.0,1.0,1.0
4119,1,1,1,1.0,1.0,1.0
4120,2,1,0,0.5,0.0,0.0
4121,1,1,0,1.0,0.0,0.0
4122,3,3,2,1.0,0.6667,0.6667
4123,2,2,0,1.0,0.0,0.0
4124,3,2,2,0.6667,0.6667,0.6667
4125,1,1,1,1.0,1.0,1.0
4126,2,1,1,0.5,0.5,0.5
4127,3,1,1,0.3333,0.3333,0.3333
4128,2,1,1,0.5,0.5,0.5
4129,2,2,2,1.0,1.0,1.0
4130,3,1,1,0.3333,0.3333,0.3333
4131,2,2,1,1.0,0.5,0.5
4132,2,1,0,0.5,0.0,0.0
4133,1,1,0,1.0,0.0,0.0
4134,3,3,3,1.0,1.0,1.0
4135,1,0,0,0.0,0.0,0.0
4136,3,2,0,0.6667,0.0,0.0
4137,2,1,1,0.5,0.5,0.5
4138,2,2,1,1.0,0.5,0.5
4139,2,2,1,1.0,0.5,0.5
4140,2,0,0,0.0,0.0,0.0
4141,3,3,2,1.0,0.6667,0.6667
4142,2,1,1,0.5,0.5,0.5
4143,2,1,1,0.5,0.5,0.5
4144,3,3,2,1.0,0.6667,0.6667
4145,2,2,2,1.0,1.0,1.0
4146,1,1,1,1.0,1.0,1.0
4147,2,2,1,1.0,0.5,0.5
4148,3,2,1,0.6667,0.3333,0.3333
4149,1,1,1,1.0,1.0,1.0
4150,2,2,0,1.0,0.0,0.0
4151,2,2,2,1.0,1.0,1.0
4152,2,2,2,1.0,1.0,1.0
4153,2,1,1,0.5,0.5,0.5
4154,3,2,2,0.6667,0.6667,0.6667
4155,1,1,1,1.0,1.0,1.0
4156,2,2,1,1.0,0.5,0.5
4157,3,3,2,1.0,0.6667,0.6667
4158,2,1,1,0.5,0.5,0.5
4159,3,2,1,0.6667,0.3333,0.3333
4160,3,3,0,1.0,0.0,0.0
4161,3,3,1,1.0,0.3333,0.3333
4162,2,2,1,1.0,0.5,0.5
4163,1,1,1,1.0,1.0,1.0
4164,3,2,1,0.6667,0.3333,0.3333
4165,1,1,0,1.0,0.0,0.0
4166,1,1,1,1.0,1.0,1.0
4167,2,2,2,1.0,1.0,1.0
4168,2,2,2,1.0,1.0,1.0
4169,3,3,3,1.0,1.0,1.0
4170,1,1,0,1.0,0.0,0.0
4171,1,0,0,0.0,0.0,0.0
4172,2,2,1,1.0,0.5,0.5
4173,1,1,1,1.0,1.0,1.0
4174,2,1,0,0.5,0.0,0.0
4175,1,1,0,1.0,0.0,0.0
4176,1,1,1,1.0,1.0,1.0
4177,2,2,2,1.0,1.0,1.0
4178,1,1,1,1.0,1.0,1.0
4179,2,2,2,1.0,1.0,1.0
4180,2,2,0,1.0,0.0,0.0
4181,1,1,0,1.0,0.0,0.0
4182,2,1,1,0.5,0.5,0.5
4183,1,1,0,1.0,0.0,0.0
4184,1,1,1,1.0,1.0,1.0
4185,2,1,1,0.5,0.5,0.5
4186,2,2,2,1.0,1.0,1.0
4187,3,3,3,1.0,1.0,1.0
4188,2,2,2,1.0,1.0,1.0
4189,3,2,1,0.6667,0.3333,0.3333
4190,1,1,0,1.0,0.0,0.0
4191,2,2,1,1.0,0.5,0.5
4192,1,1,0,1.0,0.0,0.0
4193,1,1,0,1.0,0.0,0.0
4194,1,1,1,1.0,1.0,1.0
4195,2,2,2,1.0,1.0,1.0
4196,3,3,3,1.0,1.0,1.0
4197,3,3,0,1.0,0.0,0.0
4198,2,1,1,0.5,0.5,0.5
4199,3,3,1,1.0,0.3333,0.3333
4200,3,2,1,0.6667,0.3333,0.3333
4201,2,2,2,1.0,1.0,1.0
4202,2,1,1,0.5,0.5,0.5
4203,3,3,1,1.0,0.3333,0.3333
4204,2,2,1,1.0,0.5,0.5
4205,1,1,1,1.0,1.0,1.0
4206,3,3,2,1.0,0.6667,0.6667
4207,1,1,1,1.0,1.0,1.0
4208,3,3,2,1.0,0.6667,0.6667
4209,2,2,0,1.0,0.0,0.0
4210,2,2,2,1.0,1.0,1.0
4211,1,1,1,1.0,1.0,1.0
4212,2,2,1,1.0,0.5,0.5
4213,3,3,2,1.0,0.6667,0.6667
4214,1,1,1,1.0,1.0,1.0
4215,2,2,1,1.0,0.5,0.5
4216,2,1,0,0.5,0.0,0.0
4217,1,1,1,1.0,1.0,1.0
4218,1,1,1,1.0,1.0,1.0
4219,2,2,0,1.0,0.0,0.0
4220,3,3,2,1.0,0.6667,0.6667
4221,3,2,1,0.6667,0.3333,0.3333
4222,1,1,1,1.0,1.0,1.0
4223,2,2,1,1.0,0.5,0.5
4224,2,2,0,1.0,0.0,0.0
4225,2,2,2,1.0,1.0,1.0
4226,3,3,2,1.0,0.6667,0.6667
4227,1,1,1,1.0,1.0,1.0
4228,3,3,1,1.0,0.3333,0.3333
4229,2,2,2,1.0,1.0,1.0
4230,3,3,1,1.0,0.3333,0.3333
4231,3,3,1,1.0,0.3333,0.3333
4232,2,2,2,1.0,1.0,1.0
4233,3,2,2,0.6667,0.6667,0.6667
4234,2,2,2,1.0,1.0,1.0
4235,3,3,2,1.0,0.6667,0.6667
4236,2,2,2,1.0,1.0,1.0
4237,3,2,2,0.6667,0.6667,0.6667
4238,1,1,1,1.0,1.0,1.0
4239,3,3,1,1.0,0.3333,0.3333
4240,1,1,0,1.0,0.0,0.0
4241,1,0,0,0.0,0.0,0.0
4242,1,0,0,0.0,0.0,0.0
4243,2,1,1,0.5,0.5,0.5
4244,1,1,1,1.0,1.0,1.0
4245,2,2,2,1.0,1.0,1.0
4246,2,0,0,0.0,0.0,0.0
4247,3,2,2,0.6667,0.6667,0.6667
4248,2,2,2,1.0,1.0,1.0
4249,2,2,1,1.0,0.5,0.5
4250,1,0,0,0.0,0.0,0.0
4251,2,2,1,1.0,0.5,0.5
4252,1,1,1,1.0,1.0,1.0
4253,1,1,0,1.0,0.0,0.0
4254,3,2,1,0.6667,0.3333,0.3333
4255,1,1,1,1.0,1.0,1.0
4256,1,1,1,1.0,1.0,1.0
4257,2,1,1,0.5,0.5,0.5
4258,2,2,1,1.0,0.5,0.5
4259,1,1,1,1.0,1.0,1.0
4260,2,2,1,1.0,0.5,0.5
4261,2,2,0,1.0,0.0,0.0
4262,3,2,1,0.6667,0.3333,0.3333
4263,2,2,0,1.0,0.0,0.0
4264,1,1,1,1.0,1.0,1.0
4265,2,1,1,0.5,0.5,0.5
4266,2,1,1,0.5,0.5,0.5
4267,1,1,0,1.0,0.0,0.0
4268,2,2,1,1.0,0.5,0.5
4269,2,2,2,1.0,1.0,1.0
4270,3,1,1,0.3333,0.3333,0.3333
4271,2,2,1,1.0,0.5,0.5
4272,3,2,1,0.6667,0.3333,0.3333
4273,1,1,1,1.0,1.0,1.0
4274,2,2,1,1.0,0.5,0.5
4275,1,1,1,1.0,1.0,1.0
4276,1,0,0,0.0,0.0,0.0
4277,2,2,2,1.0,1.0,1.0
4278,2,1,1,0.5,0.5,0.5
4279,1,1,1,1.0,1.0,1.0
4280,2,1,0,0.5,0.0,0.0
4281,2,1,1,0.5,0.5,0.5
4282,2,1,1,0.5,0.5,0.5
4283,1,1,1,1.0,1.0,1.0
4284,3,3,1,1.0,0.3333,0.3333
4285,2,1,0,0.5,0.0,0.0
4286,2,1,1,0.5,0.5,0.5
4287,3,3,2,1.0,0.6667,0.6667
4288,3,3,3,1.0,1.0,1.0
4289,3,2,1,0.6667,0.3333,0.3333
4290,1,1,0,1.0,0.0,0.0
4291,2,2,1,1.0,0.5,0.5
4292,2,0,0,0.0,0.0,0.0
4293,2,2,0,1.0,0.0,0.0
4294,3,1,0,0.3333,0.0,0.0
4295,3,3,2,1.0,0.6667,0.6667
4296,3,2,2,0.6667,0.6667,0.6667
4297,1,1,1,1.0,1.0,1.0
4298,2,2,2,1.0,1.0,1.0
4299,2,2,0,1.0,0.0,0.0
4300,1,1,0,1.0,0.0,0.0
4301,2,1,1,0.5,0.5,0.5
4302,1,1,0,1.0,0.0,0.0
4303,2,2,1,1.0,0.5,0.5
4304,2,2,1,1.0,0.5,0.5
4305,3,2,2,0.6667,0.6667,0.6667
4306,2,2,0,1.0,0.0,0.0
4307,3,3,3,1.0,1.0,1.0
4308,2,2,1,1.0,0.5,0.5
4309,1,0,0,0.0,0.0,0.0
4310,1,0,0,0.0,0.0,0.0
4311,2,1,0,0.5,0.0,0.0
4312,2,1,1,0.5,0.5,0.5
4313,2,2,0,1.0,0.0,0.0
4314,2,2,1,1.0,0.5,0.5
4315,3,3,3,1.0,1.0,1.0
4316,2,0,0,0.0,0.0,0.0
4317,2,2,2,1.0,1.0,1.0
4318,3,2,1,0.6667,0.3333,0.3333
4319,1,1,1,1.0,1.0,1.0
4320,2,2,2,1.0,1.0,1.0
4321,2,2,2,1.0,1.0,1.0
4322,1,1,1,1.0,1.0,1.0
4323,1,1,1,1.0,1.0,1.0
4324,3,1,1,0.3333,0.3333,0.3333
4325,1,0,0,0.0,0.0,0.0
4326,3,1,1,0.3333,0.3333,0.3333
4327,1,1,1,1.0,1.0,1.0
4328,1,1,1,1.0,1.0,1.0
4329,2,0,0,0.0,0.0,0.0
4330,2,1,1,0.5,0.5,0.5
4331,3,2,1,0.6667,0.3333,0.3333
4332,2,2,1,1.0,0.5,0.5
4333,3,3,2,1.0,0.6667,0.6667
4334,1,1,1,1.0,1.0,1.0
4335,2,1,1,0.5,0.5,0.5
4336,3,3,2,1.0,0.6667,0.6667
4337,2,2,2,1.0,1.0,1.0
4338,1,1,1,1.0,1.0,1.0
4339,3,3,3,1.0,1.0,1.0
4340,1,1,1,1.0,1.0,1.0
4341,2,2,1,1.0,0.5,0.5
4342,1,1,1,1.0,1.0,1.0
4343,2,2,1,1.0,0.5,0.5
4344,3,3,2,1.0,0.6667,0.6667
4345,2,2,1,1.0,0.5,0.5
4346,3,3,1,1.0,0.3333,0.3333
4347,2,2,2,1.0,1.0,1.0
4348,2,1,0,0.5,0.0,0.0
4349,2,1,1,0.5,0.5,0.5
4350,1,1,0,1.0,0.0,0.0
4351,1,1,0,1.0,0.0,0.0
4352,3,3,3,1.0,1.0,1.0
4353,3,3,1,1.0,0.3333,0.3333
4354,3,3,3,1.0,1.0,1.0
4355,3,2,2,0.6667,0.6667,0.6667
4356,3,3,2,1.0,0.6667,0.6667
4357,2,2,2,1.0,1.0,1.0
4358,1,1,0,1.0,0.0,0.0
4359,3,2,0,0.6667,0.0,0.0
4360,1,0,0,0.0,0.0,0.0
4361,3,3,1,1.0,0.3333,0.3333
4362,3,2,1,0.6667,0.3333,0.3333
4363,1,0,0,0.0,0.0,0.0
4364,1,1,0,1.0,0.0,0.0
4365,2,2,1,1.0,0.5,0.5
4366,2,2,1,1.0,0.5,0.5
4367,1,1,1,1.0,1.0,1.0
4368,1,1,1,1.0,1.0,1.0
4369,2,2,1,1.0,0.5,0.5
4370,3,3,2,1.0,0.6667,0.6667
4371,3,2,2,0.6667,0.6667,0.6667
4372,2,2,1,1.0,0.5,0.5
4373,1,1,0,1.0,0.0,0.0
4374,3,2,0,0.6667,0.0,0.0
4375,2,2,1,1.0,0.5,0.5
4376,3,3,2,1.0,0.6667,0.6667
4377,2,2,1,1.0,0.5,0.5
4378,3,2,1,0.6667,0.3333,0.3333
4379,1,1,0,1.0,0.0,0.0
4380,2,1,1,0.5,0.5,0.5
4381,3,3,1,1.0,0.3333,0.3333
4382,3,2,2,0.6667,0.6667,0.6667
4383,3,2,1,0.6667,0.3333,0.3333
4384,2,1,0,0.5,0.0,0.0
4385,1,1,1,1.0,1.0,1.0
4386,1,1,1,1.0,1.0,1.0
4387,1,1,0,1.0,0.0,0.0
4388,2,2,1,1.0,0.5,0.5
4389,1,1,1,1.0,1.0,1.0
4390,1,1,1,1.0,1.0,1.0
4391,1,1,1,1.0,1.0,1.0
4392,2,2,1,1.0,0.5,0.5
4393,2,2,2,1.0,1.0,1.0
4394,1,1,0,1.0,0.0,0.0
4395,1,1,0,1.0,0.0,0.0
4396,3,3,0,1.0,0.0,0.0
4397,3,3,2,1.0,0.6667,0.6667
4398,2,1,1,0.5,0.5,0.5
4399,1,1,1,1.0,1.0,1.0
4400,3,2,2,0.6667,0.6667,0.6667
4401,2,1,1,0.5,0.5,0.5
4402,1,1,1,1.0,1.0,1.0
4403,3,2,2,0.6667,0.6667,0.6667
4404,3,3,1,1.0,0.3333,0.3333
4405,2,2,2,1.0,1.0,1.0
4406,2,2,1,1.0,0.5,0.5
4407,3,3,3,1.0,1.0,1.0
4408,2,2,1,1.0,0.5,0.5
4409,2,1,1,0.5,0.5,0.5
4410,1,1,1,1.0,1.0,1.0
4411,2,1,1,0.5,0.5,0.5
4412,1,1,0,1.0,0.0,0.0
4413,2,2,1,1.0,0.5,0.5
4414,3,2,2,0.6667,0.6667,0.6667
4415,3,3,3,1.0,1.0,1.0
4416,3,3,0,1.0,0.0,0.0
4417,2,2,1,1.0,0.5,0.5
4418,2,1,1,0.5,0.5,0.5
4419,1,1,0,1.0,0.0,0.0
4420,1,1,1,1.0,1.0,1.0
4421,1,1,1,1.0,1.0,1.0
4422,1,1,0,1.0,0.0,0.0
4423,1,1,1,1.0,1.0,1.0
4424,2,2,1,1.0,0.5,0.5
4425,1,1,1,1.0,1.0,1.0
4426,1,1,0,1.0,0.0,0.0
4427,3,1,1,0.3333,0.3333,0.3333
4428,3,2,2,0.6667,0.6667,0.6667
4429,1,1,1,1.0,1.0,1.0
4430,2,2,2,1.0,1.0,1.0
4431,2,1,1,0.5,0.5,0.5
4432,1,1,0,1.0,0.0,0.0
4433,1,0,0,0.0,0.0,0.0
4434,3,3,3,1.0,1.0,1.0
4435,2,2,1,1.0,0.5,0.5
4436,3,2,1,0.6667,0.3333,0.3333
4437,1,1,1,1.0,1.0,1.0
4438,3,2,2,0.6667,0.6667,0.6667
4439,1,1,1,1.0,1.0,1.0
4440,1,0,0,0.0,0.0,0.0
4441,1,1,1,1.0,1.0,1.0
4442,3,3,1,1.0,0.3333,0.3333
4443,2,1,0,0.5,0.0,0.0
4444,3,3,2,1.0,0.6667,0.6667
4445,2,0,0,0.0,0.0,0.0
4446,1,1,1,1.0,1.0,1.0
4447,1,1,1,1.0,1.0,1.0
4448,2,2,2,1.0,1.0,1.0
4449,1,1,1,1.0,1.0,1.0
4450,2,2,2,1.0,1.0,1.0
4451,2,2,1,1.0,0.5,0.5
4452,2,1,0,0.5,0.0,0.0
4453,3,2,1,0.6667,0.3333,0.3333
4454,1,1,1,1.0,1.0,1.0
4455,3,3,3,1.0,1.0,1.0
4456,2,2,2,1.0,1.0,1.0
4457,2,2,2,1.0,1.0,1.0
4458,3,1,1,0.3333,0.3333,0.3333
4459,2,2,2,1.0,1.0,1.0
4460,1,1,1,1.0,1.0,1.0
4461,2,2,0,1.0,0.0,0.0
4462,2,2,2,1.0,1.0,1.0
4463,2,1,0,0.5,0.0,0.0
4464,1,1,1,1.0,1.0,1.0
4465,2,2,1,1.0,0.5,0.5
4466,3,2,2,0.6667,0.6667,0.6667
4467,3,1,0,0.3333,0.0,0.0
4468,3,3,2,1.0,0.6667,0.6667
4469,1,0,0,0.0,0.0,0.0
4470,3,3,3,1.0,1.0,1.0
4471,2,2,1,1.0,0.5,0.5
4472,2,1,1,0.5,0.5,0.5
4473,2,2,2,1.0,1.0,1.0
4474,3,3,2,1.0,0.6667,0.6667
4475,1,1,1,1.0,1.0,1.0
4476,3,2,1,0.6667,0.3333,0.3333
4477,2,2,1,1.0,0.5,0.5
4478,2,2,0,1.0,0.0,0.0
4479,2,1,1,0.5,0.5,0.5
4480,2,2,1,1.0,0.5,0.5
4481,3,3,1,1.0,0.3333,0.3333
4482,2,0,0,0.0,0.0,0.0
4483,1,1,0,1.0,0.0,0.0
4484,2,2,1,1.0,0.5,0.5
4485,2,2,0,1.0,0.0,0.0
4486,2,2,2,1.0,1.0,1.0
4487,3,3,2,1.0,0.6667,0.6667
4488,2,1,0,0.5,0.0,0.0
4489,2,2,2,1.0,1.0,1.0
4490,2,2,1,1.0,0.5,0.5
4491,2,1,1,0.5,0.5,0.5
4492,3,3,3,1.0,1.0,1.0
4493,2,1,1,0.5,0.5,0.5
4494,2,2,2,1.0,1.0,1.0
4495,3,1,1,0.3333,0.3333,0.3333
4496,2,2,2,1.0,1.0,1.0
4497,2,2,1,1.0,0.5,0.5
4498,2,2,0,1.0,0.0,0.0
4499,3,1,1,0.3333,0.3333,0.3333
4500,1,1,1,1.0,1.0,1.0
4501,2,2,2,1.0,1.0,1.0
4502,3,3,3,1.0,1.0,1.0
4503,3,3,3,1.0,1.0,1.0
4504,3,2,1,0.6667,0.3333,0.3333
4505,1,1,0,1.0,0.0,0.0
4506,1,0,0,0.0,0.0,0.0
4507,1,0,0,0.0,0.0,0.0
4508,2,1,0,0.5,0.0,0.0
4509,3,3,3,1.0,1.0,1.0
4510,2,1,1,0.5,0.5,0.5
4511,2,2,2,1.0,1.0,1.0
4512,1,0,0,0.0,0.0,0.0
4513,1,1,1,1.0,1.0,1.0
4514,2,1,1,0.5,0.5,0.5
4515,2,2,2,1.0,1.0,1.0
4516,3,3,2,1.0,0.6667,0.6667
4517,3,1,1,0.3333,0.3333,0.3333
4518,3,2,2,0.6667,0.6667,0.6667
4519,2,2,2,1.0,1.0,1.0
4520,1,1,1,1.0,1.0,1.0
4521,2,2,1,1.0,0.5,0.5
4522,3,2,0,0.6667,0.0,0.0
4523,2,2,2,1.0,1.0,1.0
4524,2,2,1,1.0,0.5,0.5
4525,1,1,0,1.0,0.0,0.0
4526,2,2,2,1.0,1.0,1.0
4527,1,1,1,1.0,1.0,1.0
4528,2,2,2,1.0,1.0,1.0
4529,1,1,1,1.0,1.0,1.0
4530,2,1,1,0.5,0.5,0.5
4531,2,1,1,0.5,0.5,0.5
4532,3,2,2,0.6667,0.6667,0.6667
4533,2,1,1,0.5,0.5,0.5
4534,3,3,3,1.0,1.0,1.0
4535,3,3,1,1.0,0.3333,0.3333
4536,2,2,1,1.0,0.5,0.5
4537,1,1,0,1.0,0.0,0.0
4538,3,2,2,0.6667,0.6667,0.6667
4539,1,1,1,1.0,1.0,1.0
4540,2,0,0,0.0,0.0,0.0
4541,3,3,3,1.0,1.0,1.0
4542,1,1,0,1.0,0.0,0.0
4543,3,3,3,1.0,1.0,1.0
4544,2,1,0,0.5,0.0,0.0
4545,1,1,1,1.0,1.0,1.0
4546,2,2,2,1.0,1.0,1.0
4547,3,3,3,1.0,1.0,1.0
4548,2,2,2,1.0,1.0,1.0
4549,2,2,2,1.0,1.0,1.0
4550,2,2,1,1.0,0.5,0.5
4551,2,2,2,1.0,1.0,1.0
4552,1,1,0,1.0,0.0,0.0
4553,1,1,1,1.0,1.0,1.0
4554,1,1,1,1.0,1.0,1.0
4555,2,1,1,0.5,0.5,0.5
4556,1,1,0,1.0,0.0,0.0
4557,3,3,1,1.0,0.3333,0.3333
4558,2,1,0,0.5,0.0,0.0
4559,1,1,1,1.0,1.0,1.0
4560,3,3,1,1.0,0.3333,0.3333
4561,3,2,2,0.6667,0.6667,0.6667
4562,3,2,2,0.6667,0.6667,0.6667
4563,2,1,0,0.5,0.0,0.0
4564,3,3,3,1.0,1.0,1.0
4565,2,2,1,1.0,0.5,0.5
4566,2,2,1,1.0,0.5,0.5
4567,3,0,0,0.0,0.0,0.0
4568,1,0,0,0.0,0.0,0.0
4569,3,2,2,0.6667,0.6667,0.6667
4570,1,1,1,1.0,1.0,1.0
4571,2,2,2,1.0,1.0,1.0
4572,2,2,2,1.0,1.0,1.0
4573,1,1,0,1.0,0.0,0.0
4574,2,2,2,1.0,1.0,1.0
4575,3,3,2,1.0,0.6667,0.6667
4576,1,1,1,1.0,1.0,1.0
4577,2,2,2,1.0,1.0,1.0
4578,1,1,1,1.0,1.0,1.0
4579,3,3,2,1.0,0.6667,0.6667
4580,2,1,0,0.5,0.0,0.0
4581,1,0,0,0.0,0.0,0.0
4582,3,1,0,0.3333,0.0,0.0
4583,3,2,1,0.6667,0.3333,0.3333
4584,2,2,2,1.0,1.0,1.0
4585,1,1,0,1.0,0.0,0.0
4586,3,3,3,1.0,1.0,1.0
4587,3,1,1,0.3333,0.3333,0.3333
4588,1,1,0,1.0,0.0,0.0
4589,1,1,1,1.0,1.0,1.0
4590,3,1,1,0.3333,0.3333,0.3333
4591,3,3,2,1.0,0.6667,0.6667
4592,1,1,1,1.0,1.0,1.0
4593,2,2,2,1.0,1.0,1.0
4594,1,1,1,1.0,1.0,1.0
4595,3,3,2,1.0,0.6667,0.6667
4596,1,1,1,1.0,1.0,1.0
4597,1,0,0,0.0,0.0,0.0
4598,3,2,2,0.6667,0.6667,0.6667
4599,2,1,1,0.5,0.5,0.5
4600,3,2,1,0.6667,0.3333,0.3333
4601,2,2,2,1.0,1.0,1.0
4602,1,0,0,0.0,0.0,0.0
4603,1,1,1,1.0,1.0,1.0
4604,3,3,3,1.0,1.0,1.0
4605,1,1,0,1.0,0.0,0.0
4606,1,1,0,1.0,0.0,0.0
4607,1,1,0,1.0,0.0,0.0
4608,3,2,2,0.6667,0.6667,0.6667
4609,1,0,0,0.0,0.0,0.0
4610,1,1,0,1.0,0.0,0.0
4611,2,2,2,1.0,1.0,1.0
4612,2,2,1,1.0,0.5,0.5
4613,3,2,2,0.6667,0.6667,0.6667
4614,1,0,0,0.0,0.0,0.0
4615,3,2,2,0.6667,0.6667,0.6667
4616,1,1,0,1.0,0.0,0.0
4617,2,2,1,1.0,0.5,0.5
4618,3,3,2,1.0,0.6667,0.6667
4619,3,2,1,0.6667,0.3333,0.3333
4620,2,2,1,1.0,0.5,0.5
4621,3,2,2,0.6667,0.6667,0.6667
4622,2,2,2,1.0,1.0,1.0
4623,2,2,2,1.0,1.0,1.0
4624,1,1,0,1.0,0.0,0.0
4625,3,2,1,0.6667,0.3333,0.3333
4626,3,3,2,1.0,0.6667,0.6667
4627,3,2,1,0.6667,0.3333,0.3333
4628,3,3,2,1.0,0.6667,0.6667
4629,3,3,1,1.0,0.3333,0.3333
4630,1,1,1,1.0,1.0,1.0
4631,1,1,1,1.0,1.0,1.0
4632,3,3,1,1.0,0.3333,0.3333
4633,2,2,2,1.0,1.0,1.0
4634,2,1,1,0.5,0.5,0.5
4635,1,1,1,1.0,1.0,1.0
4636,2,2,2,1.0,1.0,1.0
4637,2,2,2,1.0,1.0,1.0
4638,3,2,2,0.6667,0.6667,0.6667
4639,2,0,0,0.0,0.0,0.0
4640,1,1,1,1.0,1.0,1.0
4641,1,1,1,1.0,1.0,1.0
4642,3,1,1,0.3333,0.3333,0.3333
4643,2,2,0,1.0,0.0,0.0
4644,2,2,2,1.0,1.0,1.0
4645,3,2,1,0.6667,0.3333,0.3333
4646,2,2,2,1.0,1.0,1.0
4647,2,2,1,1.0,0.5,0.5
4648,3,2,1,0.6667,0.3333,0.3333
4649,3,1,1,0.3333,0.3333,0.3333
4650,1,1,1,1.0,1.0,1.0
4651,1,1,1,1.0,1.0,1.0
4652,1,1,1,1.0,1.0,1.0
4653,1,1,1,1.0,1.0,1.0
4654,2,2,2,1.0,1.0,1.0
4655,1,1,1,1.0,1.0,1.0
4656,3,3,1,1.0,0.3333,0.3333
4657,3,2,1,0.6667,0.3333,0.3333
4658,1,1,1,1.0,1.0,1.0
4659,1,1,0,1.0,0.0,0.0
4660,3,2,1,0.6667,0.3333,0.3333
4661,2,0,0,0.0,0.0,0.0
4662,2,2,1,1.0,0.5,0.5
4663,1,1,1,1.0,1.0,1.0
4664,2,1,0,0.5,0.0,0.0
4665,1,1,1,1.0,1.0,1.0
4666,1,0,0,0.0,0.0,0.0
4667,2,2,2,1.0,1.0,1.0
4668,2,2,1,1.0,0.5,0.5
4669,1,1,1,1.0,1.0,1.0
4670,2,2,2,1.0,1.0,1.0
4671,3,3,2,1.0,0.6667,0.6667
4672,2,2,2,1.0,1.0,1.0
4673,1,1,1,1.0,1.0,1.0
4674,3,3,2,1.0,0.6667,0.6667
4675,3,2,1,0.6667,0.3333,0.3333
4676,1,1,1,1.0,1.0,1.0
4677,1,1,1,1.0,1.0,1.0
4678,3,3,3,1.0,1.0,1.0
4679,2,2,2,1.0,1.0,1.0
4680,1,1,1,1.0,1.0,1.0
4681,1,1,1,1.0,1.0,1.0
4682,2,2,1,1.0,0.5,0.5
4683,3,2,2,0.6667,0.6667,0.6667
4684,1,1,1,1.0,1.0,1.0
4685,2,0,0,0.0,0.0,0.0
4686,2,1,1,0.5,0.5,0.5
4687,1,1,1,1.0,1.0,1.0
4688,2,2,2,1.0,1.0,1.0
4689,3,1,0,0.3333,0.0,0.0
4690,3,2,0,0.6667,0.0,0.0
4691,2,2,2,1.0,1.0,1.0
4692,1,1,1,1.0,1.0,1.0
4693,3,3,3,1.0,1.0,1.0
4694,1,0,0,0.0,0.0,0.0
4695,3,3,3,1.0,1.0,1.0
4696,2,1,1,0.5,0.5,0.5
4697,2,2,1,1.0,0.5,0.5
4698,2,2,1,1.0,0.5,0.5
4699,3,2,1,0.6667,0.3333,0.3333
4700,3,3,2,1.0,0.6667,0.6667
4701,1,1,1,1.0,1.0,1.0
4702,1,1,0,1.0,0.0,0.0
4703,3,3,2,1.0,0.6667,0.6667
4704,3,3,3,1.0,1.0,1.0
4705,1,1,1,1.0,1.0,1.0
4706,1,1,1,1.0,1.0,1.0
4707,1,1,1,1.0,1.0,1.0
4708,2,1,0,0.5,0.0,0.0
4709,2,2,1,1.0,0.5,0.5
4710,2,2,2,1.0,1.0,1.0
4711,3,2,1,0.6667,0.3333,0.3333
4712,2,1,1,0.5,0.5,0.5
4713,2,1,0,0.5,0.0,0.0
4714,3,3,1,1.0,0.3333,0.3333
4715,2,0,0,0.0,0.0,0.0
4716,2,2,2,1.0,1.0,1.0
4717,3,2,2,0.6667,0.6667,0.6667
4718,3,0,0,0.0,0.0,0.0
4719,2,2,0,1.0,0.0,0.0
4720,1,1,1,1.0,1.0,1.0
4721,2,2,1,1.0,0.5,0.5
4722,1,1,1,1.0,1.0,1.0
4723,2,2,2,1.0,1.0,1.0
4724,2,0,0,0.0,0.0,0.0
4725,1,0,0,0.0,0.0,0.0
4726,2,2,0,1.0,0.0,0.0
4727,2,2,1,1.0,0.5,0.5
4728,1,1,0,1.0,0.0,0.0
4729,2,2,2,1.0,1.0,1.0
4730,3,3,2,1.0,0.6667,0.6667
4731,1,1,0,1.0,0.0,0.0
4732,2,2,1,1.0,0.5,0.5
4733,3,2,2,0.6667,0.6667,0.6667
4734,2,1,1,0.5,0.5,0.5
4735,3,3,3,1.0,1.0,1.0
4736,2,2,2,1.0,1.0,1.0
4737,3,2,2,0.6667,0.6667,0.6667
4738,1,1,1,1.0,1.0,1.0
4739,2,2,1,1.0,0.5,0.5
4740,1,1,1,1.0,1.0,1.0
4741,1,1,0,1.0,0.0,0.0
4742,2,2,2,1.0,1.0,1.0
4743,1,1,1,1.0,1.0,1.0
4744,2,2,1,1.0,0.5,0.5
4745,2,2,0,1.0,0.0,0.0
4746,2,2,1,1.0,0.5,0.5
4747,2,2,0,1.0,0.0,0.0
4748,1,0,0,0.0,0.0,0.0
4749,3,2,2,0.6667,0.6667,0.6667
4750,2,2,2,1.0,1.0,1.0
4751,2,1,0,0.5,0.0,0.0
4752,1,1,1,1.0,1.0,1.0
4753,2,1,1,0.5,0.5,0.5
4754,3,3,1,1.0,0.3333,0.3333
4755,3,2,1,0.6667,0.3333,0.3333
4756,2,2,2,1.0,1.0,1.0
4757,3,2,2,0.6667,0.6667,0.6667
4758,2,1,0,0.5,0.0,0.0
4759,1,1,1,1.0,1.0,1.0
4760,3,3,1,1.0,0.3333,0.3333
4761,3,2,1,0.6667,0.3333,0.3333
4762,2,2,2,1.0,1.0,1.0
4763,2,2,2,1.0,1.0,1.0
4764,3,3,2,1.0,0.6667,0.6667
4765,2,2,2,1.0,1.0,1.0
4766,1,1,1,1.0,1.0,1.0
4767,1,1,1,1.0,1.0,1.0
4768,1,1,1,1.0,1.0,1.0
4769,1,1,1,1.0,1.0,1.0
4770,2,1,1,0.5,0.5,0.5
4771,2,2,2,1.0,1.0,1.0
4772,2,2,2,1.0,1.0,1.0
4773,3,3,3,1.0,1.0,1.0
4774,1,1,1,1.0,1.0,1.0
4775,2,0,0,0.0,0.0,0.0
4776,3,3,3,1.0,1.0,1.0
4777,3,3,3,1.0,1.0,1.0
4778,3,2,1,0.6667,0.3333,0.3333
4779,2,2,1,1.0,0.5,0.5
4780,2,1,1,0.5,0.5,0.5
4781,1,1,1,1.0,1.0,1.0
4782,3,2,2,0.6667,0.6667,0.6667
4783,1,1,0,1.0,0.0,0.0
4784,2,2,0,1.0,0.0,0.0
4785,3,2,1,0.6667,0.3333,0.3333
4786,2,2,0,1.0,0.0,0.0
4787,1,1,1,1.0,1.0,1.0
4788,3,2,1,0.6667,0.3333,0.3333
4789,1,1,1,1.0,1.0,1.0
4790,3,3,1,1.0,0.3333,0.3333
4791,1,1,0,1.0,0.0,0.0
4792,1,1,1,1.0,1.0,1.0
4793,1,1,1,1.0,1.0,1.0
4794,1,1,1,1.0,1.0,1.0
4795,3,2,1,0.6667,0.3333,0.3333
4796,1,1,1,1.0,1.0,1.0
4797,1,1,1,1.0,1.0,1.0
4798,2,1,1,0.5,0.5,0.5
4799,2,2,2,1.0,1.0,1.0
4800,2,2,1,1.0,0.5,0.5
4801,2,2,0,1.0,0.0,0.0
4802,2,1,1,0.5,0.5,0.5
4803,3,2,0,0.6667,0.0,0.0
4804,2,0,0,0.0,0.0,0.0
4805,3,3,2,1.0,0.6667,0.6667
4806,1,1,1,1.0,1.0,1.0
4807,3,2,2,0.6667,0.6667,0.6667
4808,2,1,0,0.5,0.0,0.0
4809,3,3,3,1.0,1.0,1.0
4810,2,2,2,1.0,1.0,1.0
4811,3,2,2,0.6667,0.6667,0.6667
4812,2,2,2,1.0,1.0,1.0
4813,1,0,0,0.0,0.0,0.0
4814,1,1,0,1.0,0.0,0.0
4815,2,2,2,1.0,1.0,1.0
4816,3,3,3,1.0,1.0,1.0
4817,2,1,0,0.5,0.0,0.0
4818,1,0,0,0.0,0.0,0.0
4819,2,2,1,1.0,0.5,0.5
4820,1,1,1,1.0,1.0,1.0
4821,1,1,0,1.0,0.0,0.0
4822,3,3,2,1.0,0.6667,0.6667
4823,3,2,0,0.6667,0.0,0.0
4824,1,1,1,1.0,1.0,1.0
4825,2,2,2,1.0,1.0,1.0
4826,1,0,0,0.0,0.0,0.0
4827,1,0,0,0.0,0.0,0.0
4828,3,3,1,1.0,0.3333,0.3333
4829,2,2,1,1.0,0.5,0.5
4830,3,2,2,0.6667,0.6667,0.6667
4831,3,3,3,1.0,1.0,1.0
4832,3,3,3,1.0,1.0,1.0
4833,3,3,3,1.0,1.0,1.0
4834,2,2,2,1.0,1.0,1.0
4835,1,1,0,1.0,0.0,0.0
4836,1,1,1,1.0,1.0,1.0
4837,2,1,0,0.5,0.0,0.0
4838,2,2,0,1.0,0.0,0.0
4839,2,2,1,1.0,0.5,0.5
4840,2,2,1,1.0,0.5,0.5
4841,1,1,1,1.0,1.0,1.0
4842,2,2,2,1.0,1.0,1.0
4843,1,1,1,1.0,1.0,1.0
4844,3,3,3,1.0,1.0,1.0
4845,1,1,0,1.0,0.0,0.0
4846,2,2,1,1.0,0.5,0.5
4847,1,1,0,1.0,0.0,0.0
4848,2,2,1,1.0,0.5,0.5
4849,3,3,0,1.0,0.0,0.0
4850,2,0,0,0.0,0.0,0.0
4851,2,2,0,1.0,0.0,0.0
4852,1,1,1,1.0,1.0,1.0
4853,1,1,1,1.0,1.0,1.0
4854,2,2,2,1.0,1.0,1.0
4855,1,1,1,1.0,1.0,1.0
4856,3,2,2,0.6667,0.6667,0.6667
4857,2,1,1,0.5,0.5,0.5
4858,1,1,1,1.0,1.0,1.0
4859,2,2,1,1.0,0.5,0.5
4860,3,3,0,1.0,0.0,0.0
4861,2,2,1,1.0,0.5,0.5
4862,2,2,1,1.0,0.5,0.5
4863,1,1,1,1.0,1.0,1.0
4864,2,1,0,0.5,0.0,0.0
4865,2,1,1,0.5,0.5,0.5
4866,2,2,2,1.0,1.0,1.0
4867,2,1,1,0.5,0.5,0.5
4868,1,1,1,1.0,1.0,1.0
4869,1,1,0,1.0,0.0,0.0
4870,3,3,1,1.0,0.3333,0.3333
4871,3,3,1,1.0,0.3333,0.3333
4872,2,2,2,1.0,1.0,1.0
4873,2,1,1,0.5,0.5,0.5
4874,1,1,0,1.0,0.0,0.0
4875,2,2,2,1.0,1.0,1.0
4876,3,3,2,1.0,0.6667,0.6667
4877,1,1,1,1.0,1.0,1.0
4878,1,1,1,1.0,1.0,1.0
4879,3,3,1,1.0,0.3333,0.3333
4880,1,1,1,1.0,1.0,1.0
4881,2,2,2,1.0,1.0,1.0
4882,2,2,2,1.0,1.0,1.0
4883,1,1,1,1.0,1.0,1.0
4884,2,2,1,1.0,0.5,0.5
4885,1,1,0,1.0,0.0,0.0
4886,1,1,1,1.0,1.0,1.0
4887,2,2,1,1.0,0.5,0.5
4888,2,1,1,0.5,0.5,0.5
4889,1,1,1,1.0,1.0,1.0
4890,1,1,1,1.0,1.0,1.0
4891,3,1,1,0.3333,0.3333,0.3333
4892,2,2,0,1.0,0.0,0.0
4893,2,2,2,1.0,1.0,1.0
4894,2,1,0,0.5,0.0,0.0
4895,2,2,2,1.0,1.0,1.0
4896,3,2,2,0.6667,0.6667,0.6667
4897,1,1,1,1.0,1.0,1.0
4898,1,1,1,1.0,1.0,1.0
4899,1,1,1,1.0,1.0,1.0
4900,2,1,1,0.5,0.5,0.5
4901,3,3,0,1.0,0.0,0.0
4902,2,2,2,1.0,1.0,1.0
4903,1,1,1,1.0,1.0,1.0
4904,2,2,1,1.0,0.5,0.5
4905,1,0,0,0.0,0.0,0.0
4906,3,3,2,1.0,0.6667,0.6667
4907,2,2,2,1.0,1.0,1.0
4908,2,2,2,1.0,1.0,1.0
4909,3,2,1,0.6667,0.3333,0.3333
4910,2,2,0,1.0,0.0,0.0
4911,2,1,1,0.5,0.5,0.5
4912,3,2,1,0.6667,0.3333,0.3333
4913,2,2,2,1.0,1.0,1.0
4914,1,1,1,1.0,1.0,1.0
4915,3,3,1,1.0,0.3333,0.3333
4916,1,1,0,1.0,0.0,0.0
4917,1,1,1,1.0,1.0,1.0
4918,2,2,2,1.0,1.0,1.0
4919,1,1,1,1.0,1.0,1.0
4920,2,1,0,0.5,0.0,0.0
4921,2,2,2,1.0,1.0,1.0
4922,3,3,3,1.0,1.0,1.0
4923,3,1,1,0.3333,0.3333,0.3333
4924,3,2,0,0.6667,0.0,0.0
4925,1,1,1,1.0,1.0,1.0
4926,1,1,1,1.0,1.0,1.0
4927,1,1,0,1.0,0.0,0.0
4928,2,0,0,0.0,0.0,0.0
4929,2,1,0,0.5,0.0,0.0
4930,1,1,1,1.0,1.0,1.0
4931,2,2,2,1.0,1.0,1.0
4932,3,2,1,0.6667,0.3333,0.3333
4933,1,1,1,1.0,1.0,1.0
4934,2,2,2,1.0,1.0,1.0
4935,2,2,1,1.0,0.5,0.5
4936,2,2,2,1.0,1.0,1.0
4937,3,3,1,1.0,0.3333,0.3333
4938,3,2,0,0.6667,0.0,0.0
4939,3,3,2,1.0,0.6667,0.6667
4940,1,1,0,1.0,0.0,0.0
4941,3,3,2,1.0,0.6667,0.6667
4942,1,1,1,1.0,1.0,1.0
4943,1,1,1,1.0,1.0,1.0
4944,3,3,1,1.0,0.3333,0.3333
4945,1,1,1,1.0,1.0,1.0
4946,1,1,1,1.0,1.0,1.0
4947,2,1,0,0.5,0.0,0.0
4948,1,1,1,1.0,1.0,1.0
4949,2,2,2,1.0,1.0,1.0
4950,2,2,1,1.0,0.5,0.5
4951,3,3,2,1.0,0.6667,0.6667
4952,2,1,1,0.5,0.5,0.5
4953,2,2,2,1.0,1.0,1.0
4954,3,1,1,0.3333,0.3333,0.3333
4955,3,2,2,0.6667,0.6667,0.6667
4956,1,1,1,1.0,1.0,1.0
4957,1,1,1,1.0,1.0,1.0
4958,1,1,1,1.0,1.0,1.0
4959,3,3,3,1.0,1.0,1.0
4960,2,2,1,1.0,0.5,0.5
4961,2,2,1,1.0,0.5,0.5
4962,3,3,1,1.0,0.3333,0.3333
4963,1,1,0,1.0,0.0,0.0
4964,1,1,0,1.0,0.0,0.0
4965,3,2,0,0.6667,0.0,0.0
4966,1,1,1,1.0,1.0,1.0
4967,2,1,0,0.5,0.0,0.0
4968,1,1,1,1.0,1.0,1.0
4969,1,0,0,0.0,0.0,0.0
4970,3,3,3,1.0,1.0,1.0
4971,2,0,0,0.0,0.0,0.0
4972,3,3,1,1.0,0.3333,0.3333
4973,2,2,1,1.0,0.5,0.5
4974,2,2,2,1.0,1.0,1.0
4975,2,2,1,1.0,0.5,0.5
4976,2,2,1,1.0,0.5,0.5
4977,1,0,0,0.0,0.0,0.0
4978,1,1,1,1.0,1.0,1.0
4979,2,1,1,0.5,0.5,0.5
4980,1,1,1,1.0,1.0,1.0
4981,1,1,1,1.0,1.0,1.0
4982,1,1,1,1.0,1.0,1.0
4983,2,2,2,1.0,1.0,1.0
4984,2,2,2,1.0,1.0,1.0
4985,1,1,1,1.0,1.0,1.0
4986,2,1,1,0.5,0.5,0.5
4987,3,3,1,1.0,0.3333,0.3333
4988,3,3,2,1.0,0.6667,0.6667
4989,2,1,0,0.5,0.0,0.0
4990,1,1,0,1.0,0.0,0.0
4991,3,2,2,0.6667,0.6667,0.6667
4992,2,2,1,1.0,0.5,0.5
4993,3,2,2,0.6667,0.6667,0.6667
4994,2,2,1,1.0,0.5,0.5
4995,1,1,1,1.0,1.0,1.0
4996,3,3,1,1.0,0.3333,0.3333
4997,2,2,2,1.0,1.0,1.0
4998,1,1,1,1.0,1.0,1.0
4999,2,2,1,1.0,0.5,0.5
5000,2,1,0,0.5,0.0,0.0
5001,1,1,1,1.0,1.0,1.0
5002,3,2,1,0.6667,0.3333,0.3333
5003,1,1,1,1.0,1.0,1.0
5004,1,1,1,1.0,1.0,1.0
5005,2,1,0,0.5,0.0,0.0
5006,3,3,1,1.0,0.3333,0.3333
5007,2,2,1,1.0,0.5,0.5
5008,2,1,1,0.5,0.5,0.5
5009,2,2,1,1.0,0.5,0.5
5010,3,2,1,0.6667,0.3333,0.3333
5011,1,1,1,1.0,1.0,1.0
5012,1,1,0,1.0,0.0,0.0
5013,1,0,0,0.0,0.0,0.0
5014,3,3,3,1.0,1.0,1.0
5015,3,3,2,1.0,0.6667,0.6667
5016,2,2,1,1.0,0.5,0.5
5017,2,2,1,1.0,0.5,0.5
5018,2,2,1,1.0,0.5,0.5
5019,2,0,0,0.0,0.0,0.0
5020,3,1,1,0.3333,0.3333,0.3333
5021,3,2,1,0.6667,0.3333,0.3333
5022,1,0,0,0.0,0.0,0.0
5023,2,2,2,1.0,1.0,1.0
5024,1,1,0,1.0,0.0,0.0
5025,2,2,1,1.0,0.5,0.5
5026,1,1,0,1.0,0.0,0.0
5027,2,2,1,1.0,0.5,0.5
5028,3,2,2,0.6667,0.6667,0.6667
5029,3,2,1,0.6667,0.3333,0.3333
5030,2,2,2,1.0,1.0,1.0
5031,1,1,0,1.0,0.0,0.0
5032,1,1,0,1.0,0.0,0.0
5033,2,2,1,1.0,0.5,0.5
5034,1,1,0,1.0,0.0,0.0
5035,3,3,3,1.0,1.0,1.0
5036,2,2,2,1.0,1.0,1.0
5037,2,2,1,1.0,0.5,0.5
5038,3,3,3,1.0,1.0,1.0
5039,2,2,2,1.0,1.0,1.0
5040,3,2,1,0.6667,0.3333,0.3333
5041,2,2,1,1.0,0.5,0.5
5042,2,1,0,0.5,0.0,0.0
5043,2,2,1,1.0,0.5,0.5
5044,1,1,1,1.0,1.0,1.0
5045,3,2,2,0.6667,0.6667,0.6667
5046,2,2,2,1.0,1.0,1.0
5047,3,3,2,1.0,0.6667,0.6667
5048,3,2,2,0.6667,0.6667,0.6667
5049,1,1,0,1.0,0.0,0.0
5050,2,1,0,0.5,0.0,0.0
5051,2,0,0,0.0,0.0,0.0
5052,3,3,1,1.0,0.3333,0.3333
5053,1,1,1,1.0,1.0,1.0
5054,2,2,1,1.0,0.5,0.5
5055,2,2,1,1.0,0.5,0.5
5056,3,2,2,0.6667,0.6667,0.6667
5057,2,1,1,0.5,0.5,0.5
5058,2,2,2,1.0,1.0,1.0
5059,1,1,0,1.0,0.0,0.0
5060,2,0,0,0.0,0.0,0.0
5061,2,1,0,0.5,0.0,0.0
5062,3,2,1,0.6667,0.3333,0.3333
5063,2,1,1,0.5,0.5,0.5
5064,2,1,0,0.5,0.0,0.0
5065,1,1,1,1.0,1.0,1.0
5066,1,1,1,1.0,1.0,1.0
5067,1,1,1,1.0,1.0,1.0
5068,2,2,1,1.0,0.5,0.5
5069,1,1,1,1.0,1.0,1.0
5070,2,2,1,1.0,0.5,0.5
5071,2,2,1,1.0,0.5,0.5
5072,3,1,1,0.3333,0.3333,0.3333
5073,2,2,1,1.0,0.5,0.5
5074,2,2,2,1.0,1.0,1.0
5075,3,2,1,0.6667,0.3333,0.3333
5076,1,0,0,0.0,0.0,0.0
5077,2,2,2,1.0,1.0,1.0
5078,3,2,1,0.6667,0.3333,0.3333
5079,3,3,3,1.0,1.0,1.0
5080,3,1,1,0.3333,0.3333,0.3333
5081,2,2,2,1.0,1.0,1.0
5082,3,2,2,0.6667,0.6667,0.6667
5083,3,3,1,1.0,0.3333,0.3333
5084,3,1,0,0.3333,0.0,0.0
5085,3,3,3,1.0,1.0,1.0
5086,3,2,1,0.6667,0.3333,0.3333
5087,3,2,1,0.6667,0.3333,0.3333
5088,1,1,1,1.0,1.0,1.0
5089,3,2,2,0.6667,0.6667,0.6667
5090,2,2,2,1.0,1.0,1.0
5091,3,3,3,1.0,1.0,1.0
5092,1,0,0,0.0,0.0,0.0
5093,3,3,0,1.0,0.0,0.0
5094,2,2,2,1.0,1.0,1.0
5095,1,1,1,1.0,1.0,1.0
5096,1,1,1,1.0,1.0,1.0
5097,2,2,1,1.0,0.5,0.5
5098,2,2,1,1.0,0.5,0.5
5099,1,1,0,1.0,0.0,0.0
5100,3,2,0,0.6667,0.0,0.0
5101,3,2,2,0.6667,0.6667,0.6667
5102,3,2,1,0.6667,0.3333,0.3333
5103,3,3,2,1.0,0.6667,0.6667
5104,2,2,0,1.0,0.0,0.0
5105,2,1,1,0.5,0.5,0.5
5106,3,3,3,1.0,1.0,1.0
5107,2,2,2,1.0,1.0,1.0
5108,2,2,2,1.0,1.0,1.0
5109,3,2,2,0.6667,0.6667,0.6667
5110,1,1,1,1.0,1.0,1.0
5111,1,1,1,1.0,1.0,1.0
5112,2,2,1,1.0,0.5,0.5
5113,1,1,1,1.0,1.0,1.0
5114,3,3,2,1.0,0.6667,0.6667
5115,3,1,0,0.3333,0.0,0.0
5116,3,3,1,1.0,0.3333,0.3333
5117,3,2,0,0.6667,0.0,0.0
5118,1,1,1,1.0,1.0,1.0
5119,2,1,1,0.5,0.5,0.5
5120,2,2,2,1.0,1.0,1.0
5121,2,2,1,1.0,0.5,0.5
5122,3,3,1,1.0,0.3333,0.3333
5123,1,1,0,1.0,0.0,0.0
5124,2,1,0,0.5,0.0,0.0
5125,1,1,1,1.0,1.0,1.0
5126,2,2,1,1.0,0.5,0.5
5127,3,2,1,0.6667,0.3333,0.3333
5128,2,2,1,1.0,0.5,0.5
5129,3,3,3,1.0,1.0,1.0
5130,3,3,2,1.0,0.6667,0.6667
5131,1,1,1,1.0,1.0,1.0
5132,1,1,1,1.0,1.0,1.0
5133,3,3,2,1.0,0.6667,0.6667
5134,2,2,2,1.0,1.0,1.0
5135,1,1,1,1.0,1.0,1.0
5136,2,2,1,1.0,0.5,0.5
5137,3,3,3,1.0,1.0,1.0
5138,3,3,3,1.0,1.0,1.0
5139,3,2,2,0.6667,0.6667,0.6667
5140,3,3,1,1.0,0.3333,0.3333
5141,2,1,0,0.5,0.0,0.0
5142,2,2,1,1.0,0.5,0.5
5143,3,2,0,0.6667,0.0,0.0
5144,1,1,1,1.0,1.0,1.0
5145,2,2,1,1.0,0.5,0.5
5146,1,1,1,1.0,1.0,1.0
5147,2,2,2,1.0,1.0,1.0
5148,1,1,0,1.0,0.0,0.0
5149,1,1,1,1.0,1.0,1.0
5150,2,2,1,1.0,0.5,0.5
5151,3,3,3,1.0,1.0,1.0
5152,3,1,1,0.3333,0.3333,0.3333
5153,1,1,1,1.0,1.0,1.0
5154,1,1,0,1.0,0.0,0.0
5155,3,2,2,0.6667,0.6667,0.6667
5156,2,2,2,1.0,1.0,1.0
5157,3,2,2,0.6667,0.6667,0.6667
5158,2,2,2,1.0,1.0,1.0
5159,1,1,1,1.0,1.0,1.0
5160,3,2,1,0.6667,0.3333,0.3333
5161,1,1,1,1.0,1.0,1.0
5162,1,1,0,1.0,0.0,0.0
5163,2,1,0,0.5,0.0,0.0
5164,1,1,1,1.0,1.0,1.0
5165,3,3,2,1.0,0.6667,0.6667
5166,2,1,0,0.5,0.0,0.0
5167,3,3,1,1.0,0.3333,0.3333
5168,2,2,1,1.0,0.5,0.5
5169,1,1,0,1.0,0.0,0.0
5170,1,0,0,0.0,0.0,0.0
5171,2,1,1,0.5,0.5,0.5
5172,3,3,3,1.0,1.0,1.0
5173,3,3,2,1.0,0.6667,0.6667
5174,1,1,0,1.0,0.0,0.0
5175,2,2,1,1.0,0.5,0.5
5176,2,2,1,1.0,0.5,0.5
5177,2,2,1,1.0,0.5,0.5
5178,2,2,1,1.0,0.5,0.5
5179,2,1,0,0.5,0.0,0.0
5180,1,1,1,1.0,1.0,1.0
5181,2,2,1,1.0,0.5,0.5
5182,1,1,0,1.0,0.0,0.0
5183,2,2,2,1.0,1.0,1.0
5184,3,3,3,1.0,1.0,1.0
5185,1,1,1,1.0,1.0,1.0
5186,1,1,1,1.0,1.0,1.0
5187,2,1,0,0.5,0.0,0.0
5188,2,1,1,0.5,0.5,0.5
5189,2,2,1,1.0,0.5,0.5
5190,3,2,2,0.6667,0.6667,0.6667
5191,3,3,1,1.0,0.3333,0.3333
5192,3,3,2,1.0,0.6667,0.6667
5193,2,2,2,1.0,1.0,1.0
5194,2,2,2,1.0,1.0,1.0
5195,2,2,2,1.0,1.0,1.0
5196,3,3,3,1.0,1.0,1.0
5197,1,1,1,1.0,1.0,1.0
5198,3,1,0,0.3333,0.0,0.0
5199,1,1,1,1.0,1.0,1.0
5200,1,0,0,0.0,0.0,0.0
5201,3,2,2,0.6667,0.6667,0.6667
5202,2,1,1,0.5,0.5,0.5
5203,2,2,1,1.0,0.5,0.5
5204,3,1,1,0.3333,0.3333,0.3333
5205,3,3,2,1.0,0.6667,0.6667
5206,3,3,1,1.0,0.3333,0.3333
5207,2,2,2,1.0,1.0,1.0
5208,2,2,2,1.0,1.0,1.0
5209,3,2,0,0.6667,0.0,0.0
5210,1,1,0,1.0,0.0,0.0
5211,2,2,2,1.0,1.0,1.0
5212,2,2,2,1.0,1.0,1.0
5213,3,2,1,0.6667,0.3333,0.3333
5214,2,1,1,0.5,0.5,0.5
5215,1,1,0,1.0,0.0,0.0
5216,1,1,1,1.0,1.0,1.0
5217,1,1,1,1.0,1.0,1.0
5218,1,1,1,1.0,1.0,1.0
5219,3,3,3,1.0,1.0,1.0
5220,2,0,0,0.0,0.0,0.0
5221,3,1,1,0.3333,0.3333,0.3333
5222,2,2,0,1.0,0.0,0.0
5223,2,2,2,1.0,1.0,1.0
5224,3,2,1,0.6667,0.3333,0.3333
5225,3,3,2,1.0,0.6667,0.6667
5226,1,1,1,1.0,1.0,1.0
5227,1,1,0,1.0,0.0,0.0
5228,3,3,3,1.0,1.0,1.0
5229,1,1,0,1.0,0.0,0.0
5230,3,3,1,1.0,0.3333,0.3333
5231,2,2,1,1.0,0.5,0.5
5232,3,2,2,0.6667,0.6667,0.6667
5233,1,1,0,1.0,0.0,0.0
5234,3,1,1,0.3333,0.3333,0.3333
5235,1,0,0,0.0,0.0,0.0
5236,2,2,1,1.0,0.5,0.5
5237,3,2,2,0.6667,0.6667,0.6667
5238,2,2,2,1.0,1.0,1.0
5239,3,3,2,1.0,0.6667,0.6667
5240,3,3,2,1.0,0.6667,0.6667
5241,3,1,1,0.3333,0.3333,0.3333
5242,2,2,0,1.0,0.0,0.0
5243,1,1,1,1.0,1.0,1.0
5244,3,2,2,0.6667,0.6667,0.6667
5245,2,2,2,1.0,1.0,1.0
5246,1,1,1,1.0,1.0,1.0
5247,1,1,0,1.0,0.0,0.0
5248,1,1,1,1.0,1.0,1.0
5249,1,1,1,1.0,1.0,1.0
5250,2,2,0,1.0,0.0,0.0
5251,1,0,0,0.0,0.0,0.0
5252,3,3,3,1.0,1.0,1.0
5253,3,3,2,1.0,0.6667,0.6667
5254,3,3,2,1.0,0.6667,0.6667
5255,3,2,1,0.6667,0.3333,0.3333
5256,2,2,2,1.0,1.0,1.0
5257,3,2,0,0.6667,0.0,0.0
5258,1,1,1,1.0,1.0,1.0
5259,2,1,1,0.5,0.5,0.5
5260,2,1,1,0.5,0.5,0.5
5261,2,2,2,1.0,1.0,1.0
5262,2,2,1,1.0,0.5,0.5
5263,2,2,1,1.0,0.5,0.5
5264,3,3,2,1.0,0.6667,0.6667
5265,2,2,0,1.0,0.0,0.0
5266,2,2,1,1.0,0.5,0.5
5267,1,1,1,1.0,1.0,1.0
5268,2,2,1,1.0,0.5,0.5
5269,2,2,1,1.0,0.5,0.5
5270,2,1,1,0.5,0.5,0.5
5271,3,3,2,1.0,0.6667,0.6667
5272,2,2,1,1.0,0.5,0.5
5273,3,3,3,1.0,1.0,1.0
5274,2,2,0,1.0,0.0,0.0
5275,3,2,1,0.6667,0.3333,0.3333
5276,2,1,1,0.5,0.5,0.5
5277,3,3,2,1.0,0.6667,0.6667
5278,2,2,2,1.0,1.0,1.0
5279,2,2,0,1.0,0.0,0.0
5280,3,3,1,1.0,0.3333,0.3333
5281,3,3,2,1.0,0.6667,0.6667
5282,1,1,1,1.0,1.0,1.0
5283,2,2,2,1.0,1.0,1.0
5284,3,3,2,1.0,0.6667,0.6667
5285,3,2,2,0.6667,0.6667,0.6667
5286,1,1,1,1.0,1.0,1.0
5287,3,3,2,1.0,0.6667,0.6667
5288,2,2,2,1.0,1.0,1.0
5289,3,2,2,0.6667,0.6667,0.6667
5290,3,3,3,1.0,1.0,1.0
5291,3,3,2,1.0,0.6667,0.6667
5292,3,3,2,1.0,0.6667,0.6667
5293,3,3,2,1.0,0.6667,0.6667
5294,2,2,2,1.0,1.0,1.0
5295,1,1,1,1.0,1.0,1.0
5296,3,3,2,1.0,0.6667,0.6667
5297,3,1,0,0.3333,0.0,0.0
5298,3,3,2,1.0,0.6667,0.6667
5299,2,2,2,1.0,1.0,1.0
5300,2,1,1,0.5,0.5,0.5
5301,3,2,1,0.6667,0.3333,0.3333
5302,3,3,2,1.0,0.6667,0.6667
5303,1,1,1,1.0,1.0,1.0
5304,2,2,1,1.0,0.5,0.5
5305,2,2,2,1.0,1.0,1.0
5306,2,2,1,1.0,0.5,0.5
5307,1,1,0,1.0,0.0,0.0
5308,3,3,1,1.0,0.3333,0.3333
5309,1,1,0,1.0,0.0,0.0
5310,2,2,0,1.0,0.0,0.0
5311,3,1,1,0.3333,0.3333,0.3333
5312,3,2,2,0.6667,0.6667,0.6667
5313,2,1,1,0.5,0.5,0.5
5314,1,1,1,1.0,1.0,1.0
5315,1,1,1,1.0,1.0,1.0
5316,1,1,1,1.0,1.0,1.0
5317,3,2,2,0.6667,0.6667,0.6667
5318,3,2,1,0.6667,0.3333,0.3333
5319,3,1,0,0.3333,0.0,0.0
5320,1,0,0,0.0,0.0,0.0
5321,3,3,0,1.0,0.0,0.0
5322,2,2,2,1.0,1.0,1.0
5323,3,2,2,0.6667,0.6667,0.6667
5324,1,1,0,1.0,0.0,0.0
5325,2,2,2,1.0,1.0,1.0
5326,2,1,1,0.5,0.5,0.5
5327,1,1,0,1.0,0.0,0.0
5328,1,1,1,1.0,1.0,1.0
5329,3,2,1,0.6667,0.3333,0.3333
5330,1,1,1,1.0,1.0,1.0
5331,3,2,2,0.6667,0.6667,0.6667
5332,1,1,0,1.0,0.0,0.0
5333,2,2,0,1.0,0.0,0.0
5334,3,3,2,1.0,0.6667,0.6667
5335,2,2,1,1.0,0.5,0.5
5336,2,2,2,1.0,1.0,1.0
5337,1,1,1,1.0,1.0,1.0
5338,3,3,3,1.0,1.0,1.0
5339,2,1,1,0.5,0.5,0.5
5340,1,1,1,1.0,1.0,1.0
5341,2,2,1,1.0,0.5,0.5
5342,2,2,1,1.0,0.5,0.5
5343,1,1,1,1.0,1.0,1.0
5344,2,2,2,1.0,1.0,1.0
5345,3,3,2,1.0,0.6667,0.6667
5346,2,1,1,0.5,0.5,0.5
5347,2,2,2,1.0,1.0,1.0
5348,1,1,0,1.0,0.0,0.0
5349,1,1,1,1.0,1.0,1.0
5350,1,1,1,1.0,1.0,1.0
5351,3,2,2,0.6667,0.6667,0.6667
5352,2,1,0,0.5,0.0,0.0
5353,2,2,1,1.0,0.5,0.5
5354,3,3,2,1.0,0.6667,0.6667
5355,2,2,2,1.0,1.0,1.0
5356,2,2,1,1.0,0.5,0.5
5357,2,2,1,1.0,0.5,0.5
5358,3,3,2,1.0,0.6667,0.6667
5359,2,1,1,0.5,0.5,0.5
5360,2,1,1,0.5,0.5,0.5
5361,1,1,1,1.0,1.0,1.0
5362,1,1,1,1.0,1.0,1.0
5363,3,2,2,0.6667,0.6667,0.6667
5364,2,2,2,1.0,1.0,1.0
5365,1,1,1,1.0,1.0,1.0
5366,2,2,2,1.0,1.0,1.0
5367,1,1,1,1.0,1.0,1.0
5368,2,1,0,0.5,0.0,0.0
5369,2,1,0,0.5,0.0,0.0
5370,2,2,1,1.0,0.5,0.5
5371,2,2,2,1.0,1.0,1.0
5372,3,2,2,0.6667,0.6667,0.6667
5373,2,2,2,1.0,1.0,1.0
5374,2,1,1,0.5,0.5,0.5
5375,2,1,1,0.5,0.5,0.5
5376,2,2,2,1.0,1.0,1.0
5377,2,2,1,1.0,0.5,0.5
5378,1,1,1,1.0,1.0,1.0
5379,2,2,2,1.0,1.0,1.0
5380,3,2,0,0.6667,0.0,0.0
5381,2,2,1,1.0,0.5,0.5
5382,2,2,1,1.0,0.5,0.5
5383,1,1,1,1.0,1.0,1.0
5384,3,3,1,1.0,0.3333,0.3333
5385,1,1,1,1.0,1.0,1.0
5386,3,3,3,1.0,1.0,1.0
5387,1,0,0,0.0,0.0,0.0
5388,2,2,2,1.0,1.0,1.0
5389,2,2,2,1.0,1.0,1.0
5390,1,1,0,1.0,0.0,0.0
5391,1,1,1,1.0,1.0,1.0
5392,3,3,2,1.0,0.6667,0.6667
5393,3,3,2,1.0,0.6667,0.6667
5394,1,1,1,1.0,1.0,1.0
5395,2,1,1,0.5,0.5,0.5
5396,3,2,1,0.6667,0.3333,0.3333
5397,3,3,1,1.0,0.3333,0.3333
5398,2,2,1,1.0,0.5,0.5
5399,1,1,1,1.0,1.0,1.0
5400,3,3,2,1.0,0.6667,0.6667
5401,3,3,1,1.0,0.3333,0.3333
5402,3,2,1,0.6667,0.3333,0.3333
5403,2,2,1,1.0,0.5,0.5
5404,3,1,1,0.3333,0.3333,0.3333
5405,2,1,0,0.5,0.0,0.0
5406,2,2,2,1.0,1.0,1.0
5407,2,1,0,0.5,0.0,0.0
5408,1,1,1,1.0,1.0,1.0
5409,1,1,1,1.0,1.0,1.0
5410,3,3,3,1.0,1.0,1.0
5411,1,1,1,1.0,1.0,1.0
5412,2,2,2,1.0,1.0,1.0
5413,1,1,1,1.0,1.0,1.0
5414,3,3,0,1.0,0.0,0.0
5415,1,1,0,1.0,0.0,0.0
5416,1,0,0,0.0,0.0,0.0
5417,1,1,1,1.0,1.0,1.0
5418,3,2,2,0.6667,0.6667,0.6667
5419,3,2,0,0.6667,0.0,0.0
5420,2,2,1,1.0,0.5,0.5
5421,2,1,0,0.5,0.0,0.0
5422,1,1,0,1.0,0.0,0.0
5423,2,2,1,1.0,0.5,0.5
5424,1,1,1,1.0,1.0,1.0
5425,2,2,2,1.0,1.0,1.0
5426,2,2,0,1.0,0.0,0.0
5427,3,3,1,1.0,0.3333,0.3333
5428,2,2,2,1.0,1.0,1.0
5429,3,3,3,1.0,1.0,1.0
5430,1,1,1,1.0,1.0,1.0
5431,3,3,3,1.0,1.0,1.0
5432,1,1,1,1.0,1.0,1.0
5433,1,1,1,1.0,1.0,1.0
5434,1,1,1,1.0,1.0,1.0
5435,2,2,0,1.0,0.0,0.0
5436,2,1,1,0.5,0.5,0.5
5437,1,1,1,1.0,1.0,1.0
5438,2,2,1,1.0,0.5,0.5
5439,1,0,0,0.0,0.0,0.0
5440,3,2,2,0.6667,0.6667,0.6667
5441,1,1,0,1.0,0.0,0.0
5442,2,2,2,1.0,1.0,1.0
5443,2,2,2,1.0,1.0,1.0
5444,2,2,1,1.0,0.5,0.5
5445,3,2,1,0.6667,0.3333,0.3333
5446,1,0,0,0.0,0.0,0.0
5447,2,1,0,0.5,0.0,0.0
5448,1,1,1,1.0,1.0,1.0
5449,2,2,0,1.0,0.0,0.0
5450,1,1,1,1.0,1.0,1.0
5451,3,2,1,0.6667,0.3333,0.3333
5452,2,2,2,1.0,1.0,1.0
5453,2,2,2,1.0,1.0,1.0
5454,2,2,2,1.0,1.0,1.0
5455,1,1,1,1.0,1.0,1.0
5456,2,2,1,1.0,0.5,0.5
5457,1,1,1,1.0,1.0,1.0
5458,1,1,0,1.0,0.0,0.0
5459,3,2,0,0.6667,0.0,0.0
5460,1,1,1,1.0,1.0,1.0
5461,2,2,1,1.0,0.5,0.5
5462,1,1,1,1.0,1.0,1.0
5463,3,1,1,0.3333,0.3333,0.3333
5464,3,2,2,0.6667,0.6667,0.6667
5465,2,2,2,1.0,1.0,1.0
5466,2,2,2,1.0,1.0,1.0
5467,1,1,1,1.0,1.0,1.0
5468,1,1,0,1.0,0.0,0.0
5469,2,1,1,0.5,0.5,0.5
5470,3,3,2,1.0,0.6667,0.6667
5471,3,2,1,0.6667,0.3333,0.3333
5472,2,2,1,1.0,0.5,0.5
5473,1,1,1,1.0,1.0,1.0
5474,2,2,0,1.0,0.0,0.0
5475,2,1,0,0.5,0.0,0.0
5476,1,1,1,1.0,1.0,1.0
5477,2,1,1,0.5,0.5,0.5
5478,2,2,2,1.0,1.0,1.0
5479,1,1,0,1.0,0.0,0.0
5480,1,0,0,0.0,0.0,0.0
5481,3,2,2,0.6667,0.6667,0.6667
5482,1,1,0,1.0,0.0,0.0
5483,1,1,0,1.0,0.0,0.0
5484,1,1,1,1.0,1.0,1.0
5485,2,1,1,0.5,0.5,0.5
5486,3,3,3,1.0,1.0,1.0
5487,2,1,1,0.5,0.5,0.5
5488,2,2,2,1.0,1.0,1.0
5489,3,3,3,1.0,1.0,1.0
5490,1,0,0,0.0,0.0,0.0
5491,2,1,1,0.5,0.5,0.5
5492,3,2,2,0.6667,0.6667,0.6667
5493,2,2,1,1.0,0.5,0.5
5494,3,3,3,1.0,1.0,1.0
5495,1,1,1,1.0,1.0,1.0
5496,3,2,1,0.6667,0.3333,0.3333
5497,2,2,1,1.0,0.5,0.5
5498,2,1,1,0.5,0.5,0.5
5499,2,2,2,1.0,1.0,1.0
5500,3,1,0,0.3333,0.0,0.0
5501,1,1,1,1.0,1.0,1.0
5502,1,1,1,1.0,1.0,1.0
5503,2,1,1,0.5,0.5,0.5
5504,2,2,1,1.0,0.5,0.5
5505,1,1,1,1.0,1.0,1.0
5506,2,2,1,1.0,0.5,0.5
5507,1,1,1,1.0,1.0,1.0
5508,3,3,2,1.0,0.6667,0.6667
5509,3,3,2,1.0,0.6667,0.6667
5510,2,2,1,1.0,0.5,0.5
5511,3,3,1,1.0,0.3333,0.3333
5512,2,1,0,0.5,0.0,0.0
5513,1,1,1,1.0,1.0,1.0
5514,3,1,0,0.3333,0.0,0.0
5515,3,3,3,1.0,1.0,1.0
5516,1,0,0,0.0,0.0,0.0
5517,3,2,0,0.6667,0.0,0.0
5518,3,3,3,1.0,1.0,1.0
5519,1,1,1,1.0,1.0,1.0
5520,3,2,0,0.6667,0.0,0.0
5521,2,1,0,0.5,0.0,0.0
5522,3,3,0,1.0,0.0,0.0
5523,2,2,1,1.0,0.5,0.5
5524,3,3,1,1.0,0.3333,0.3333
5525,2,2,1,1.0,0.5,0.5
5526,2,2,2,1.0,1.0,1.0
5527,3,3,3,1.0,1.0,1.0
5528,2,2,1,1.0,0.5,0.5
5529,3,3,2,1.0,0.6667,0.6667
5530,1,1,1,1.0,1.0,1.0
5531,2,1,1,0.5,0.5,0.5
5532,1,1,0,1.0,0.0,0.0
5533,3,3,0,1.0,0.0,0.0
5534,3,3,3,1.0,1.0,1.0
5535,2,2,0,1.0,0.0,0.0
5536,2,2,1,1.0,0.5,0.5
5537,2,2,2,1.0,1.0,1.0
5538,3,2,1,0.6667,0.3333,0.3333
5539,3,3,2,1.0,0.6667,0.6667
5540,1,1,1,1.0,1.0,1.0
5541,3,3,1,1.0,0.3333,0.3333
5542,1,1,1,1.0,1.0,1.0
5543,3,3,1,1.0,0.3333,0.3333
5544,1,1,0,1.0,0.0,0.0
5545,2,2,0,1.0,0.0,0.0
5546,3,3,1,1.0,0.3333,0.3333
5547,1,1,1,1.0,1.0,1.0
5548,1,1,1,1.0,1.0,1.0
5549,2,1,0,0.5,0.0,0.0
5550,3,1,1,0.3333,0.3333,0.3333
5551,1,1,1,1.0,1.0,1.0
5552,2,2,2,1.0,1.0,1.0
5553,3,3,1,1.0,0.3333,0.3333
5554,2,2,2,1.0,1.0,1.0
5555,1,1,1,1.0,1.0,1.0
5556,2,2,1,1.0,0.5,0.5
5557,1,0,0,0.0,0.0,0.0
5558,1,1,1,1.0,1.0,1.0
5559,2,1,0,0.5,0.0,0.0
5560,3,2,2,0.6667,0.6667,0.6667
5561,3,2,2,0.6667,0.6667,0.6667
5562,1,1,1,1.0,1.0,1.0
5563,1,1,0,1.0,0.0,0.0
5564,1,1,0,1.0,0.0,0.0
5565,1,1,1,1.0,1.0,1.0
5566,2,1,0,0.5,0.0,0.0
5567,3,3,2,1.0,0.6667,0.6667
5568,1,1,0,1.0,0.0,0.0
5569,3,2,2,0.6667,0.6667,0.6667
5570,3,3,3,1.0,1.0,1.0
5571,1,1,0,1.0,0.0,0.0
5572,1,1,1,1.0,1.0,1.0
5573,3,3,3,1.0,1.0,1.0
5574,1,1,1,1.0,1.0,1.0
5575,1,1,1,1.0,1.0,1.0
5576,3,3,3,1.0,1.0,1.0
5577,2,1,1,0.5,0.5,0.5
5578,3,3,1,1.0,0.3333,0.3333
5579,1,1,0,1.0,0.0,0.0
5580,2,2,0,1.0,0.0,0.0
5581,1,0,0,0.0,0.0,0.0
5582,2,1,1,0.5,0.5,0.5
5583,1,1,1,1.0,1.0,1.0
5584,2,2,1,1.0,0.5,0.5
5585,3,2,2,0.6667,0.6667,0.6667
5586,3,3,1,1.0,0.3333,0.3333
5587,1,1,1,1.0,1.0,1.0
5588,2,2,2,1.0,1.0,1.0
5589,1,1,1,1.0,1.0,1.0
5590,2,1,0,0.5,0.0,0.0
5591,2,2,1,1.0,0.5,0.5
5592,1,1,0,1.0,0.0,0.0
5593,3,3,3,1.0,1.0,1.0
5594,3,2,2,0.6667,0.6667,0.6667
5595,2,2,2,1.0,1.0,1.0
5596,2,2,2,1.0,1.0,1.0
5597,1,1,1,1.0,1.0,1.0
5598,3,3,1,1.0,0.3333,0.3333
5599,2,2,2,1.0,1.0,1.0
5600,2,2,0,1.0,0.0,0.0
5601,1,1,1,1.0,1.0,1.0
5602,1,1,1,1.0,1.0,1.0
5603,1,1,1,1.0,1.0,1.0
5604,1,1,1,1.0,1.0,1.0
5605,3,3,2,1.0,0.6667,0.6667
5606,3,3,1,1.0,0.3333,0.3333
5607,1,1,1,1.0,1.0,1.0
5608,1,1,1,1.0,1.0,1.0
5609,2,1,0,0.5,0.0,0.0
5610,1,1,0,1.0,0.0,0.0
5611,3,3,3,1.0,1.0,1.0
5612,2,2,2,1.0,1.0,1.0
5613,1,1,1,1.0,1.0,1.0
5614,1,1,0,1.0,0.0,0.0
5615,3,3,2,1.0,0.6667,0.6667
5616,3,2,2,0.6667,0.6667,0.6667
5617,3,3,1,1.0,0.3333,0.3333
5618,2,2,2,1.0,1.0,1.0
5619,3,3,3,1.0,1.0,1.0
5620,2,1,1,0.5,0.5,0.5
5621,2,2,1,1.0,0.5,0.5
5622,2,2,2,1.0,1.0,1.0
5623,2,2,2,1.0,1.0,1.0
5624,3,2,1,0.6667,0.3333,0.3333
5625,3,3,2,1.0,0.6667,0.6667
5626,3,2,1,0.6667,0.3333,0.3333
5627,2,2,2,1.0,1.0,1.0
5628,1,1,1,1.0,1.0,1.0
5629,1,1,1,1.0,1.0,1.0
5630,1,1,1,1.0,1.0,1.0
5631,3,3,3,1.0,1.0,1.0
5632,2,2,1,1.0,0.5,0.5
5633,2,2,1,1.0,0.5,0.5
5634,2,2,2,1.0,1.0,1.0
5635,3,2,1,0.6667,0.3333,0.3333
5636,3,3,2,1.0,0.6667,0.6667
5637,2,2,2,1.0,1.0,1.0
5638,1,1,0,1.0,0.0,0.0
5639,1,1,1,1.0,1.0,1.0
5640,3,3,2,1.0,0.6667,0.6667
5641,3,0,0,0.0,0.0,0.0
5642,1,1,1,1.0,1.0,1.0
5643,2,2,1,1.0,0.5,0.5
5644,1,1,1,1.0,1.0,1.0
5645,3,3,0,1.0,0.0,0.0
5646,1,1,1,1.0,1.0,1.0
5647,3,3,2,1.0,0.6667,0.6667
5648,1,1,1,1.0,1.0,1.0
5649,1,1,1,1.0,1.0,1.0
5650,2,2,2,1.0,1.0,1.0
5651,2,1,1,0.5,0.5,0.5
5652,3,3,3,1.0,1.0,1.0
5653,3,3,1,1.0,0.3333,0.3333
5654,1,1,1,1.0,1.0,1.0
5655,3,1,0,0.3333,0.0,0.0
5656,2,1,1,0.5,0.5,0.5
5657,2,1,0,0.5,0.0,0.0
5658,1,0,0,0.0,0.0,0.0
5659,1,1,0,1.0,0.0,0.0
5660,1,1,0,1.0,0.0,0.0
5661,2,2,1,1.0,0.5,0.5
5662,1,0,0,0.0,0.0,0.0
5663,2,2,1,1.0,0.5,0.5
5664,2,1,1,0.5,0.5,0.5
5665,3,2,2,0.6667,0.6667,0.6667
5666,3,3,2,1.0,0.6667,0.6667
5667,2,1,1,0.5,0.5,0.5
5668,2,2,0,1.0,0.0,0.0
5669,3,2,1,0.6667,0.3333,0.3333
5670,3,2,2,0.6667,0.6667,0.6667
5671,2,2,1,1.0,0.5,0.5
5672,2,2,0,1.0,0.0,0.0
5673,3,2,2,0.6667,0.6667,0.6667
5674,2,2,1,1.0,0.5,0.5
5675,2,2,2,1.0,1.0,1.0
5676,2,2,2,1.0,1.0,1.0
5677,2,2,2,1.0,1.0,1.0
5678,3,3,3,1.0,1.0,1.0
5679,2,2,2,1.0,1.0,1.0
5680,3,2,1,0.6667,0.3333,0.3333
5681,1,1,0,1.0,0.0,0.0
5682,1,1,1,1.0,1.0,1.0
5683,3,2,2,0.6667,0.6667,0.6667
5684,1,1,1,1.0,1.0,1.0
5685,3,3,0,1.0,0.0,0.0
5686,3,3,2,1.0,0.6667,0.6667
5687,2,2,2,1.0,1.0,1.0
5688,3,2,1,0.6667,0.3333,0.3333
5689,1,1,0,1.0,0.0,0.0
5690,1,1,1,1.0,1.0,1.0
5691,1,1,1,1.0,1.0,1.0
5692,2,2,2,1.0,1.0,1.0
5693,1,1,1,1.0,1.0,1.0
5694,3,3,3,1.0,1.0,1.0
5695,1,1,1,1.0,1.0,1.0
5696,1,1,1,1.0,1.0,1.0
5697,3,3,2,1.0,0.6667,0.6667
5698,3,1,1,0.3333,0.3333,0.3333
5699,1,1,1,1.0,1.0,1.0
5700,1,1,1,1.0,1.0,1.0
5701,2,1,0,0.5,0.0,0.0
5702,1,1,1,1.0,1.0,1.0
5703,1,1,0,1.0,0.0,0.0
5704,1,1,1,1.0,1.0,1.0
5705,2,2,2,1.0,1.0,1.0
5706,2,1,0,0.5,0.0,0.0
5707,1,1,1,1.0,1.0,1.0
5708,2,2,1,1.0,0.5,0.5
5709,2,1,1,0.5,0.5,0.5
5710,1,1,0,1.0,0.0,0.0
5711,1,1,1,1.0,1.0,1.0
5712,3,2,1,0.6667,0.3333,0.3333
5713,1,1,1,1.0,1.0,1.0
5714,3,3,3,1.0,1.0,1.0
5715,2,1,1,0.5,0.5,0.5
5716,2,1,1,0.5,0.5,0.5
5717,3,2,1,0.6667,0.3333,0.3333
5718,1,1,1,1.0,1.0,1.0
5719,3,3,1,1.0,0.3333,0.3333
5720,1,1,1,1.0,1.0,1.0
5721,1,1,0,1.0,0.0,0.0
5722,3,3,3,1.0,1.0,1.0
5723,3,3,2,1.0,0.6667,0.6667
5724,2,2,0,1.0,0.0,0.0
5725,1,1,1,1.0,1.0,1.0
5726,3,3,3,1.0,1.0,1.0
5727,2,2,2,1.0,1.0,1.0
5728,1,1,0,1.0,0.0,0.0
5729,2,2,1,1.0,0.5,0.5
5730,2,2,1,1.0,0.5,0.5
5731,1,1,1,1.0,1.0,1.0
5732,1,1,1,1.0,1.0,1.0
5733,3,2,1,0.6667,0.3333,0.3333
5734,2,2,2,1.0,1.0,1.0
5735,1,1,1,1.0,1.0,1.0
5736,1,1,1,1.0,1.0,1.0
5737,1,1,0,1.0,0.0,0.0
5738,3,3,1,1.0,0.3333,0.3333
5739,3,2,0,0.6667,0.0,0.0
5740,2,1,1,0.5,0.5,0.5
5741,3,3,3,1.0,1.0,1.0
5742,3,2,0,0.6667,0.0,0.0
5743,3,3,3,1.0,1.0,1.0
5744,2,1,0,0.5,0.0,0.0
5745,2,2,2,1.0,1.0,1.0
5746,3,1,0,0.3333,0.0,0.0
5747,3,1,1,0.3333,0.3333,0.3333
5748,3,3,0,1.0,0.0,0.0
5749,2,1,0,0.5,0.0,0.0
5750,2,2,1,1.0,0.5,0.5
5751,2,2,2,1.0,1.0,1.0
5752,2,1,1,0.5,0.5,0.5
5753,1,1,1,1.0,1.0,1.0
5754,2,2,1,1.0,0.5,0.5
5755,2,1,1,0.5,0.5,0.5
5756,1,0,0,0.0,0.0,0.0
5757,1,1,1,1.0,1.0,1.0
5758,1,1,1,1.0,1.0,1.0
5759,3,2,1,0.6667,0.3333,0.3333
5760,3,3,2,1.0,0.6667,0.6667
5761,1,1,1,1.0,1.0,1.0
5762,3,1,1,0.3333,0.3333,0.3333
5763,1,1,0,1.0,0.0,0.0
5764,1,1,0,1.0,0.0,0.0
5765,3,3,2,1.0,0.6667,0.6667
5766,1,1,0,1.0,0.0,0.0
5767,2,1,0,0.5,0.0,0.0
5768,2,2,0,1.0,0.0,0.0
5769,2,1,0,0.5,0.0,0.0
5770,2,1,1,0.5,0.5,0.5
5771,3,3,2,1.0,0.6667,0.6667
5772,3,3,3,1.0,1.0,1.0
5773,1,1,1,1.0,1.0,1.0
5774,3,1,1,0.3333,0.3333,0.3333
5775,1,1,1,1.0,1.0,1.0
5776,2,1,1,0.5,0.5,0.5
5777,3,3,2,1.0,0.6667,0.6667
5778,1,1,1,1.0,1.0,1.0
5779,1,1,1,1.0,1.0,1.0
5780,2,2,0,1.0,0.0,0.0
5781,2,1,0,0.5,0.0,0.0
5782,3,1,1,0.3333,0.3333,0.3333
5783,3,2,1,0.6667,0.3333,0.3333
5784,2,1,1,0.5,0.5,0.5
5785,3,2,1,0.6667,0.3333,0.3333
5786,3,1,0,0.3333,0.0,0.0
5787,2,2,0,1.0,0.0,0.0
5788,1,1,1,1.0,1.0,1.0
5789,2,2,1,1.0,0.5,0.5
5790,3,2,2,0.6667,0.6667,0.6667
5791,1,1,1,1.0,1.0,1.0
5792,1,1,1,1.0,1.0,1.0
5793,2,2,1,1.0,0.5,0.5
5794,3,3,2,1.0,0.6667,0.6667
5795,3,3,2,1.0,0.6667,0.6667
5796,3,2,1,0.6667,0.3333,0.3333
5797,2,2,1,1.0,0.5,0.5
5798,2,2,1,1.0,0.5,0.5
5799,2,2,2,1.0,1.0,1.0
5800,2,2,1,1.0,0.5,0.5
5801,2,2,0,1.0,0.0,0.0
5802,3,3,1,1.0,0.3333,0.3333
5803,2,2,1,1.0,0.5,0.5
5804,3,2,0,0.6667,0.0,0.0
5805,1,1,0,1.0,0.0,0.0
5806,1,1,1,1.0,1.0,1.0
5807,1,1,1,1.0,1.0,1.0
5808,2,2,1,1.0,0.5,0.5
5809,3,2,1,0.6667,0.3333,0.3333
5810,3,2,1,0.6667,0.3333,0.3333
5811,2,2,1,1.0,0.5,0.5
5812,2,2,1,1.0,0.5,0.5
5813,2,1,0,0.5,0.0,0.0
5814,1,1,0,1.0,0.0,0.0
5815,1,1,1,1.0,1.0,1.0
5816,2,2,1,1.0,0.5,0.5
5817,1,1,0,1.0,0.0,0.0
5818,2,1,0,0.5,0.0,0.0
5819,2,2,0,1.0,0.0,0.0
5820,2,1,0,0.5,0.0,0.0
5821,3,2,1,0.6667,0.3333,0.3333
5822,3,3,2,1.0,0.6667,0.6667
5823,2,1,0,0.5,0.0,0.0
5824,3,3,1,1.0,0.3333,0.3333
5825,2,2,1,1.0,0.5,0.5
5826,2,2,1,1.0,0.5,0.5
5827,1,1,1,1.0,1.0,1.0
5828,2,1,0,0.5,0.0,0.0
5829,1,1,1,1.0,1.0,1.0
5830,2,1,1,0.5,0.5,0.5
5831,3,2,0,0.6667,0.0,0.0
5832,3,3,3,1.0,1.0,1.0
5833,2,2,2,1.0,1.0,1.0
5834,2,2,0,1.0,0.0,0.0
5835,2,2,2,1.0,1.0,1.0
5836,2,1,1,0.5,0.5,0.5
5837,3,2,2,0.6667,0.6667,0.6667
5838,2,2,2,1.0,1.0,1.0
5839,2,1,0,0.5,0.0,0.0
5840,1,1,0,1.0,0.0,0.0
5841,2,2,2,1.0,1.0,1.0
5842,2,1,0,0.5,0.0,0.0
5843,1,1,1,1.0,1.0,1.0
5844,3,2,1,0.6667,0.3333,0.3333
5845,2,0,0,0.0,0.0,0.0
5846,3,2,2,0.6667,0.6667,0.6667
5847,2,2,1,1.0,0.5,0.5
5848,1,1,1,1.0,1.0,1.0
5849,3,3,3,1.0,1.0,1.0
5850,1,0,0,0.0,0.0,0.0
5851,1,1,1,1.0,1.0,1.0
5852,3,3,2,1.0,0.6667,0.6667
5853,1,1,0,1.0,0.0,0.0
5854,2,1,1,0.5,0.5,0.5
5855,1,1,1,1.0,1.0,1.0
5856,1,1,0,1.0,0.0,0.0
5857,2,2,2,1.0,1.0,1.0
5858,1,1,1,1.0,1.0,1.0
5859,3,3,3,1.0,1.0,1.0
5860,1,0,0,0.0,0.0,0.0
5861,1,1,1,1.0,1.0,1.0
5862,3,3,2,1.0,0.6667,0.6667
5863,2,2,0,1.0,0.0,0.0
5864,3,3,3,1.0,1.0,1.0
5865,3,2,1,0.6667,0.3333,0.3333
5866,2,2,1,1.0,0.5,0.5
5867,2,2,2,1.0,1.0,1.0
5868,3,3,3,1.0,1.0,1.0
5869,1,1,0,1.0,0.0,0.0
5870,2,1,1,0.5,0.5,0.5
5871,1,1,1,1.0,1.0,1.0
5872,2,2,2,1.0,1.0,1.0
5873,3,3,2,1.0,0.6667,0.6667
5874,2,2,2,1.0,1.0,1.0
5875,2,2,2,1.0,1.0,1.0
5876,3,1,0,0.3333,0.0,0.0
5877,3,3,2,1.0,0.6667,0.6667
5878,1,1,1,1.0,1.0,1.0
5879,3,2,0,0.6667,0.0,0.0
5880,3,3,3,1.0,1.0,1.0
5881,3,2,2,0.6667,0.6667,0.6667
5882,1,1,1,1.0,1.0,1.0
5883,1,1,1,1.0,1.0,1.0
5884,3,2,1,0.6667,0.3333,0.3333
5885,3,3,2,1.0,0.6667,0.6667
5886,3,2,1,0.6667,0.3333,0.3333
5887,1,1,0,1.0,0.0,0.0
5888,2,2,2,1.0,1.0,1.0
5889,1,1,1,1.0,1.0,1.0
5890,3,3,0,1.0,0.0,0.0
5891,3,2,2,0.6667,0.6667,0.6667
5892,3,3,1,1.0,0.3333,0.3333
5893,1,1,1,1.0,1.0,1.0
5894,3,1,1,0.3333,0.3333,0.3333
5895,1,1,1,1.0,1.0,1.0
5896,1,1,1,1.0,1.0,1.0
5897,2,2,1,1.0,0.5,0.5
5898,1,1,1,1.0,1.0,1.0
5899,3,3,3,1.0,1.0,1.0
5900,2,1,1,0.5,0.5,0.5
5901,2,2,0,1.0,0.0,0.0
5902,1,1,0,1.0,0.0,0.0
5903,3,3,1,1.0,0.3333,0.3333
5904,2,1,1,0.5,0.5,0.5
5905,1,1,1,1.0,1.0,1.0
5906,2,2,2,1.0,1.0,1.0
5907,1,1,1,1.0,1.0,1.0
5908,1,0,0,0.0,0.0,0.0
5909,2,2,2,1.0,1.0,1.0
5910,2,1,1,0.5,0.5,0.5
5911,1,1,1,1.0,1.0,1.0
5912,2,1,1,0.5,0.5,0.5
5913,2,2,2,1.0,1.0,1.0
5914,2,2,1,1.0,0.5,0.5
5915,3,3,2,1.0,0.6667,0.6667
5916,1,1,0,1.0,0.0,0.0
5917,1,1,1,1.0,1.0,1.0
5918,3,3,2,1.0,0.6667,0.6667
5919,1,1,1,1.0,1.0,1.0
5920,2,2,1,1.0,0.5,0.5
5921,2,2,2,1.0,1.0,1.0
5922,3,3,0,1.0,0.0,0.0
5923,3,3,2,1.0,0.6667,0.6667
5924,1,1,0,1.0,0.0,0.0
5925,1,1,1,1.0,1.0,1.0
5926,3,3,3,1.0,1.0,1.0
5927,2,2,2,1.0,1.0,1.0
5928,1,1,1,1.0,1.0,1.0
5929,1,1,0,1.0,0.0,0.0
5930,2,2,1,1.0,0.5,0.5
5931,1,1,0,1.0,0.0,0.0
5932,2,1,1,0.5,0.5,0.5
5933,2,2,2,1.0,1.0,1.0
5934,2,2,1,1.0,0.5,0.5
5935,2,2,1,1.0,0.5,0.5
5936,2,1,0,0.5,0.0,0.0
5937,2,2,2,1.0,1.0,1.0
5938,3,1,1,0.3333,0.3333,0.3333
5939,2,2,2,1.0,1.0,1.0
5940,3,2,2,0.6667,0.6667,0.6667
5941,3,2,0,0.6667,0.0,0.0
5942,1,1,0,1.0,0.0,0.0
5943,1,1,1,1.0,1.0,1.0
5944,2,0,0,0.0,0.0,0.0
5945,2,1,1,0.5,0.5,0.5
5946,1,1,1,1.0,1.0,1.0
5947,2,1,1,0.5,0.5,0.5
5948,2,2,0,1.0,0.0,0.0
5949,3,2,1,0.6667,0.3333,0.3333
5950,3,3,2,1.0,0.6667,0.6667
5951,2,2,2,1.0,1.0,1.0
5952,2,2,2,1.0,1.0,1.0
5953,2,1,0,0.5,0.0,0.0
5954,3,3,3,1.0,1.0,1.0
5955,3,3,3,1.0,1.0,1.0
5956,1,0,0,0.0,0.0,0.0
5957,2,1,1,0.5,0.5,0.5
5958,3,3,1,1.0,0.3333,0.3333
5959,2,1,1,0.5,0.5,0.5
5960,1,1,1,1.0,1.0,1.0
5961,1,1,1,1.0,1.0,1.0
5962,3,3,3,1.0,1.0,1.0
5963,1,1,1,1.0,1.0,1.0
5964,1,1,0,1.0,0.0,0.0
5965,2,2,1,1.0,0.5,0.5
5966,3,3,2,1.0,0.6667,0.6667
5967,1,1,1,1.0,1.0,1.0
5968,2,2,2,1.0,1.0,1.0
5969,3,2,1,0.6667,0.3333,0.3333
5970,1,1,1,1.0,1.0,1.0
5971,1,0,0,0.0,0.0,0.0
5972,3,2,1,0.6667,0.3333,0.3333
5973,3,0,0,0.0,0.0,0.0
5974,1,1,1,1.0,1.0,1.0
5975,2,2,1,1.0,0.5,0.5
5976,2,2,2,1.0,1.0,1.0
5977,2,2,2,1.0,1.0,1.0
5978,1,1,1,1.0,1.0,1.0
5979,2,2,1,1.0,0.5,0.5
5980,3,3,0,1.0,0.0,0.0
5981,3,3,1,1.0,0.3333,0.3333
5982,2,1,0,0.5,0.0,0.0
5983,1,0,0,0.0,0.0,0.0
5984,1,1,1,1.0,1.0,1.0
5985,2,2,2,1.0,1.0,1.0
5986,3,3,1,1.0,0.3333,0.3333
5987,3,3,1,1.0,0.3333,0.3333
5988,2,2,0,1.0,0.0,0.0
5989,1,0,0,0.0,0.0,0.0
5990,2,2,1,1.0,0.5,0.5
5991,1,0,0,0.0,0.0,0.0
5992,3,1,1,0.3333,0.3333,0.3333
5993,2,1,0,0.5,0.0,0.0
5994,1,1,1,1.0,1.0,1.0
5995,3,3,2,1.0,0.6667,0.6667
5996,2,1,0,0.5,0.0,0.0
5997,3,1,1,0.3333,0.3333,0.3333
5998,2,2,2,1.0,1.0,1.0
5999,1,1,1,1.0,1.0,1.0
6000,1,1,1,1.0,1.0,1.0
6001,2,1,1,0.5,0.5,0.5
6002,2,2,1,1.0,0.5,0.5
6003,3,1,1,0.3333,0.3333,0.3333
6004,2,2,2,1.0,1.0,1.0
6005,2,2,2,1.0,1.0,1.0
6006,2,2,2,1.0,1.0,1.0
6007,3,2,2,0.6667,0.6667,0.6667
6008,2,2,2,1.0,1.0,1.0
6009,3,1,1,0.3333,0.3333,0.3333
6010,2,2,0,1.0,0.0,0.0
6011,3,3,1,1.0,0.3333,0.3333
6012,2,2,1,1.0,0.5,0.5
6013,2,2,2,1.0,1.0,1.0
6014,2,2,0,1.0,0.0,0.0
6015,1,1,1,1.0,1.0,1.0
6016,3,3,1,1.0,0.3333,0.3333
6017,1,1,1,1.0,1.0,1.0
6018,3,3,1,1.0,0.3333,0.3333
6019,1,0,0,0.0,0.0,0.0
6020,2,1,0,0.5,0.0,0.0
6021,3,3,3,1.0,1.0,1.0
6022,1,0,0,0.0,0.0,0.0
6023,2,1,1,0.5,0.5,0.5
6024,2,0,0,0.0,0.0,0.0
6025,2,0,0,0.0,0.0,0.0
6026,2,2,1,1.0,0.5,0.5
6027,2,1,1,0.5,0.5,0.5
6028,2,2,2,1.0,1.0,1.0
6029,2,1,0,0.5,0.0,0.0
6030,2,2,2,1.0,1.0,1.0
6031,1,1,1,1.0,1.0,1.0
6032,3,3,1,1.0,0.3333,0.3333
6033,3,2,2,0.6667,0.6667,0.6667
6034,3,2,1,0.6667,0.3333,0.3333
6035,1,0,0,0.0,0.0,0.0
6036,1,1,0,1.0,0.0,0.0
6037,1,1,1,1.0,1.0,1.0
6038,2,2,0,1.0,0.0,0.0
6039,1,1,0,1.0,0.0,0.0
6040,1,1,1,1.0,1.0,1.0
6041,2,2,2,1.0,1.0,1.0
6042,3,2,1,0.6667,0.3333,0.3333
6043,1,1,1,1.0,1.0,1.0
6044,2,2,0,1.0,0.0,0.0
6045,2,2,1,1.0,0.5,0.5
6046,1,0,0,0.0,0.0,0.0
6047,2,2,2,1.0,1.0,1.0
6048,2,2,2,1.0,1.0,1.0
6049,2,0,0,0.0,0.0,0.0
6050,2,2,1,1.0,0.5,0.5
6051,1,1,0,1.0,0.0,0.0
6052,1,1,1,1.0,1.0,1.0
6053,2,1,0,0.5,0.0,0.0
6054,3,3,3,1.0,1.0,1.0
6055,2,2,1,1.0,0.5,0.5
6056,1,1,0,1.0,0.0,0.0
6057,3,3,3,1.0,1.0,1.0
6058,3,1,0,0.3333,0.0,0.0
6059,2,1,1,0.5,0.5,0.5
6060,3,3,2,1.0,0.6667,0.6667
6061,2,2,1,1.0,0.5,0.5
6062,2,2,2,1.0,1.0,1.0
6063,2,1,1,0.5,0.5,0.5
6064,3,2,0,0.6667,0.0,0.0
6065,2,2,2,1.0,1.0,1.0
6066,2,2,2,1.0,1.0,1.0
6067,3,2,0,0.6667,0.0,0.0
6068,3,2,2,0.6667,0.6667,0.6667
6069,1,0,0,0.0,0.0,0.0
6070,2,2,2,1.0,1.0,1.0
6071,1,0,0,0.0,0.0,0.0
6072,2,1,1,0.5,0.5,0.5
6073,2,2,1,1.0,0.5,0.5
6074,2,1,1,0.5,0.5,0.5
6075,2,2,1,1.0,0.5,0.5
6076,1,1,1,1.0,1.0,1.0
6077,2,2,2,1.0,1.0,1.0
6078,1,0,0,0.0,0.0,0.0
6079,2,2,0,1.0,0.0,0.0
6080,1,1,1,1.0,1.0,1.0
6081,2,1,1,0.5,0.5,0.5
6082,3,2,2,0.6667,0.6667,0.6667
6083,1,1,1,1.0,1.0,1.0
6084,2,1,0,0.5,0.0,0.0
6085,3,3,3,1.0,1.0,1.0
6086,3,3,1,1.0,0.3333,0.3333
6087,3,1,1,0.3333,0.3333,0.3333
6088,3,2,2,0.6667,0.6667,0.6667
6089,1,1,1,1.0,1.0,1.0
6090,2,2,1,1.0,0.5,0.5
6091,1,1,1,1.0,1.0,1.0
6092,3,3,1,1.0,0.3333,0.3333
6093,3,3,2,1.0,0.6667,0.6667
6094,2,1,1,0.5,0.5,0.5
6095,3,2,2,0.6667,0.6667,0.6667
6096,2,2,0,1.0,0.0,0.0
6097,2,0,0,0.0,0.0,0.0
6098,2,2,1,1.0,0.5,0.5
6099,2,2,2,1.0,1.0,1.0
6100,3,2,1,0.6667,0.3333,0.3333
6101,2,1,0,0.5,0.0,0.0
6102,3,0,0,0.0,0.0,0.0
6103,3,2,1,0.6667,0.3333,0.3333
6104,3,3,3,1.0,1.0,1.0
6105,3,1,0,0.3333,0.0,0.0
6106,3,3,1,1.0,0.3333,0.3333
6107,2,1,1,0.5,0.5,0.5
6108,1,1,0,1.0,0.0,0.0
6109,2,1,1,0.5,0.5,0.5
6110,3,1,0,0.3333,0.0,0.0
6111,1,0,0,0.0,0.0,0.0
6112,3,2,2,0.6667,0.6667,0.6667
6113,1,1,0,1.0,0.0,0.0
6114,3,2,0,0.6667,0.0,0.0
6115,2,2,2,1.0,1.0,1.0
6116,1,1,1,1.0,1.0,1.0
6117,2,2,2,1.0,1.0,1.0
6118,1,1,1,1.0,1.0,1.0
6119,1,1,1,1.0,1.0,1.0
6120,1,1,0,1.0,0.0,0.0
6121,1,1,1,1.0,1.0,1.0
6122,1,1,0,1.0,0.0,0.0
6123,2,2,1,1.0,0.5,0.5
6124,3,3,3,1.0,1.0,1.0
6125,2,1,0,0.5,0.0,0.0
6126,3,3,3,1.0,1.0,1.0
6127,2,2,2,1.0,1.0,1.0
6128,2,2,2,1.0,1.0,1.0
6129,3,3,2,1.0,0.6667,0.6667
6130,3,2,0,0.6667,0.0,0.0
6131,3,2,1,0.6667,0.3333,0.3333
6132,2,2,1,1.0,0.5,0.5
6133,3,2,2,0.6667,0.6667,0.6667
6134,2,2,0,1.0,0.0,0.0
6135,3,2,1,0.6667,0.3333,0.3333
6136,3,2,1,0.6667,0.3333,0.3333
6137,3,2,2,0.6667,0.6667,0.6667
6138,3,2,2,0.6667,0.6667,0.6667
6139,2,2,2,1.0,1.0,1.0
6140,2,2,1,1.0,0.5,0.5
6141,2,2,1,1.0,0.5,0.5
6142,1,1,1,1.0,1.0,1.0
6143,3,3,2,1.0,0.6667,0.6667
6144,1,0,0,0.0,0.0,0.0
6145,1,1,1,1.0,1.0,1.0
6146,2,2,2,1.0,1.0,1.0
6147,2,2,2,1.0,1.0,1.0
6148,3,2,0,0.6667,0.0,0.0
6149,1,1,0,1.0,0.0,0.0
6150,3,3,1,1.0,0.3333,0.3333
6151,2,2,2,1.0,1.0,1.0
6152,1,1,1,1.0,1.0,1.0
6153,1,1,0,1.0,0.0,0.0
6154,3,3,2,1.0,0.6667,0.6667
6155,1,0,0,0.0,0.0,0.0
6156,3,3,3,1.0,1.0,1.0
6157,2,2,1,1.0,0.5,0.5
6158,2,2,2,1.0,1.0,1.0
6159,2,2,1,1.0,0.5,0.5
6160,2,2,1,1.0,0.5,0.5
6161,1,1,0,1.0,0.0,0.0
6162,2,2,2,1.0,1.0,1.0
6163,2,2,2,1.0,1.0,1.0
6164,1,1,1,1.0,1.0,1.0
6165,2,2,2,1.0,1.0,1.0
6166,1,1,1,1.0,1.0,1.0
6167,1,1,1,1.0,1.0,1.0
6168,1,1,1,1.0,1.0,1.0
6169,2,2,1,1.0,0.5,0.5
6170,3,3,2,1.0,0.6667,0.6667
6171,3,3,3,1.0,1.0,1.0
6172,2,2,1,1.0,0.5,0.5
6173,2,2,1,1.0,0.5,0.5
6174,3,1,1,0.3333,0.3333,0.3333
6175,2,1,1,0.5,0.5,0.5
6176,3,3,3,1.0,1.0,1.0
6177,1,1,1,1.0,1.0,1.0
6178,1,1,1,1.0,1.0,1.0
6179,1,1,0,1.0,0.0,0.0
6180,1,1,1,1.0,1.0,1.0
6181,3,2,1,0.6667,0.3333,0.3333
6182,2,2,2,1.0,1.0,1.0
6183,3,1,0,0.3333,0.0,0.0
6184,3,1,1,0.3333,0.3333,0.3333
6185,1,1,1,1.0,1.0,1.0
6186,3,2,1,0.6667,0.3333,0.3333
6187,1,1,1,1.0,1.0,1.0
6188,3,2,1,0.6667,0.3333,0.3333
6189,1,1,1,1.0,1.0,1.0
6190,3,3,3,1.0,1.0,1.0
6191,3,3,1,1.0,0.3333,0.3333
6192,1,1,0,1.0,0.0,0.0
6193,1,1,1,1.0,1.0,1.0
6194,1,1,1,1.0,1.0,1.0
6195,2,2,2,1.0,1.0,1.0
6196,1,1,1,1.0,1.0,1.0
6197,2,2,1,1.0,0.5,0.5
6198,2,2,1,1.0,0.5,0.5
6199,2,2,1,1.0,0.5,0.5
6200,3,2,0,0.6667,0.0,0.0
6201,2,1,0,0.5,0.0,0.0
6202,2,2,2,1.0,1.0,1.0
6203,3,3,1,1.0,0.3333,0.3333
6204,2,1,1,0.5,0.5,0.5
6205,2,2,1,1.0,0.5,0.5
6206,2,2,2,1.0,1.0,1.0
6207,3,2,2,0.6667,0.6667,0.6667
6208,1,0,0,0.0,0.0,0.0
6209,2,2,2,1.0,1.0,1.0
6210,3,3,1,1.0,0.3333,0.3333
6211,1,1,1,1.0,1.0,1.0
6212,1,1,1,1.0,1.0,1.0
6213,1,1,1,1.0,1.0,1.0
6214,1,1,1,1.0,1.0,1.0
6215,1,1,1,1.0,1.0,1.0
6216,2,2,1,1.0,0.5,0.5
6217,1,1,0,1.0,0.0,0.0
6218,2,1,1,0.5,0.5,0.5
6219,2,0,0,0.0,0.0,0.0
6220,3,3,2,1.0,0.6667,0.6667
6221,1,1,1,1.0,1.0,1.0
6222,2,1,1,0.5,0.5,0.5
6223,3,3,3,1.0,1.0,1.0
6224,2,2,0,1.0,0.0,0.0
6225,3,3,3,1.0,1.0,1.0
6226,1,1,1,1.0,1.0,1.0
6227,3,3,3,1.0,1.0,1.0
6228,1,1,1,1.0,1.0,1.0
6229,1,1,0,1.0,0.0,0.0
6230,3,3,1,1.0,0.3333,0.3333
6231,2,2,2,1.0,1.0,1.0
6232,2,1,1,0.5,0.5,0.5
6233,3,3,0,1.0,0.0,0.0
6234,2,2,2,1.0,1.0,1.0
6235,2,2,2,1.0,1.0,1.0
6236,3,3,0,1.0,0.0,0.0
6237,3,2,2,0.6667,0.6667,0.6667
6238,2,2,2,1.0,1.0,1.0
6239,1,1,1,1.0,1.0,1.0
6240,3,3,3,1.0,1.0,1.0
6241,1,0,0,0.0,0.0,0.0
6242,3,3,0,1.0,0.0,0.0
6243,1,1,1,1.0,1.0,1.0
6244,1,1,0,1.0,0.0,0.0
6245,1,1,0,1.0,0.0,0.0
6246,2,2,2,1.0,1.0,1.0
6247,2,2,2,1.0,1.0,1.0
6248,3,3,0,1.0,0.0,0.0
6249,3,2,2,0.6667,0.6667,0.6667
6250,1,1,1,1.0,1.0,1.0
6251,3,3,2,1.0,0.6667,0.6667
6252,2,2,2,1.0,1.0,1.0
6253,1,1,1,1.0,1.0,1.0
6254,2,2,1,1.0,0.5,0.5
6255,2,2,1,1.0,0.5,0.5
6256,3,3,2,1.0,0.6667,0.6667
6257,2,2,2,1.0,1.0,1.0
6258,2,2,2,1.0,1.0,1.0
6259,3,3,3,1.0,1.0,1.0
6260,2,2,2,1.0,1.0,1.0
6261,2,2,2,1.0,1.0,1.0
6262,1,1,1,1.0,1.0,1.0
6263,3,2,0,0.6667,0.0,0.0
6264,1,0,0,0.0,0.0,0.0
6265,1,1,1,1.0,1.0,1.0
6266,2,1,1,0.5,0.5,0.5
6267,1,0,0,0.0,0.0,0.0
6268,2,2,0,1.0,0.0,0.0
6269,2,2,2,1.0,1.0,1.0
6270,2,2,2,1.0,1.0,1.0
6271,1,1,1,1.0,1.0,1.0
6272,2,2,2,1.0,1.0,1.0
6273,1,1,1,1.0,1.0,1.0
6274,1,1,1,1.0,1.0,1.0
6275,2,1,1,0.5,0.5,0.5
6276,2,1,0,0.5,0.0,0.0
6277,3,2,1,0.6667,0.3333,0.3333
6278,2,2,2,1.0,1.0,1.0
6279,2,1,0,0.5,0.0,0.0
6280,1,1,0,1.0,0.0,0.0
6281,3,1,0,0.3333,0.0,0.0
6282,2,1,1,0.5,0.5,0.5
6283,2,2,2,1.0,1.0,1.0
6284,2,2,1,1.0,0.5,0.5
6285,2,2,2,1.0,1.0,1.0
6286,3,3,2,1.0,0.6667,0.6667
6287,3,3,1,1.0,0.3333,0.3333
6288,3,2,0,0.6667,0.0,0.0
6289,2,2,2,1.0,1.0,1.0
6290,3,3,3,1.0,1.0,1.0
6291,2,1,1,0.5,0.5,0.5
6292,2,2,2,1.0,1.0,1.0
6293,2,1,1,0.5,0.5,0.5
6294,1,1,1,1.0,1.0,1.0
6295,2,2,1,1.0,0.5,0.5
6296,1,1,1,1.0,1.0,1.0
6297,1,1,1,1.0,1.0,1.0
6298,2,2,1,1.0,0.5,0.5
6299,3,2,1,0.6667,0.3333,0.3333
6300,2,2,1,1.0,0.5,0.5
6301,2,2,2,1.0,1.0,1.0
6302,1,1,0,1.0,0.0,0.0
6303,3,3,3,1.0,1.0,1.0
6304,3,2,1,0.6667,0.3333,0.3333
6305,1,1,1,1.0,1.0,1.0
6306,1,1,1,1.0,1.0,1.0
6307,1,1,1,1.0,1.0,1.0
6308,3,3,2,1.0,0.6667,0.6667
6309,3,3,2,1.0,0.6667,0.6667
6310,3,2,1,0.6667,0.3333,0.3333
6311,1,1,1,1.0,1.0,1.0
6312,1,1,1,1.0,1.0,1.0
6313,1,1,1,1.0,1.0,1.0
6314,2,1,0,0.5,0.0,0.0
6315,1,1,1,1.0,1.0,1.0
6316,1,1,0,1.0,0.0,0.0
6317,2,2,1,1.0,0.5,0.5
6318,2,2,2,1.0,1.0,1.0
6319,1,1,0,1.0,0.0,0.0
6320,2,1,1,0.5,0.5,0.5
6321,2,2,2,1.0,1.0,1.0
6322,1,1,0,1.0,0.0,0.0
6323,1,1,1,1.0,1.0,1.0
6324,2,2,2,1.0,1.0,1.0
6325,2,0,0,0.0,0.0,0.0
6326,3,3,0,1.0,0.0,0.0
6327,1,1,0,1.0,0.0,0.0
6328,1,1,1,1.0,1.0,1.0
6329,3,3,2,1.0,0.6667,0.6667
6330,3,1,0,0.3333,0.0,0.0
6331,3,3,1,1.0,0.3333,0.3333
6332,2,2,2,1.0,1.0,1.0
6333,2,1,1,0.5,0.5,0.5
6334,1,1,0,1.0,0.0,0.0
6335,3,3,3,1.0,1.0,1.0
6336,2,2,2,1.0,1.0,1.0
6337,2,2,2,1.0,1.0,1.0
6338,1,1,0,1.0,0.0,0.0
6339,1,1,0,1.0,0.0,0.0
6340,1,1,1,1.0,1.0,1.0
6341,1,1,1,1.0,1.0,1.0
6342,3,2,1,0.6667,0.3333,0.3333
6343,2,2,0,1.0,0.0,0.0
6344,1,1,1,1.0,1.0,1.0
6345,2,1,1,0.5,0.5,0.5
6346,3,2,2,0.6667,0.6667,0.6667
6347,1,1,1,1.0,1.0,1.0
6348,2,2,2,1.0,1.0,1.0
6349,3,2,1,0.6667,0.3333,0.3333
6350,2,1,1,0.5,0.5,0.5
6351,3,3,1,1.0,0.3333,0.3333
6352,1,1,1,1.0,1.0,1.0
6353,3,2,2,0.6667,0.6667,0.6667
6354,3,2,2,0.6667,0.6667,0.6667
6355,3,3,3,1.0,1.0,1.0
6356,3,3,1,1.0,0.3333,0.3333
6357,3,3,1,1.0,0.3333,0.3333
6358,2,1,1,0.5,0.5,0.5
6359,3,2,1,0.6667,0.3333,0.3333
6360,2,1,1,0.5,0.5,0.5
6361,2,0,0,0.0,0.0,0.0
6362,2,1,1,0.5,0.5,0.5
6363,2,2,0,1.0,0.0,0.0
6364,3,2,1,0.6667,0.3333,0.3333
6365,2,2,0,1.0,0.0,0.0
6366,1,1,1,1.0,1.0,1.0
6367,3,3,3,1.0,1.0,1.0
6368,2,2,2,1.0,1.0,1.0
6369,2,2,2,1.0,1.0,1.0
6370,3,3,0,1.0,0.0,0.0
6371,2,2,1,1.0,0.5,0.5
6372,3,3,1,1.0,0.3333,0.3333
6373,1,1,0,1.0,0.0,0.0
6374,2,1,1,0.5,0.5,0.5
6375,1,0,0,0.0,0.0,0.0
6376,2,1,1,0.5,0.5,0.5
6377,2,2,1,1.0,0.5,0.5
6378,1,1,1,1.0,1.0,1.0
6379,2,2,2,1.0,1.0,1.0
6380,2,2,2,1.0,1.0,1.0
6381,3,3,3,1.0,1.0,1.0
6382,1,0,0,0.0,0.0,0.0
6383,1,1,1,1.0,1.0,1.0
6384,2,2,0,1.0,0.0,0.0
6385,2,2,2,1.0,1.0,1.0
6386,2,2,2,1.0,1.0,1.0
6387,2,2,0,1.0,0.0,0.0
6388,2,1,0,0.5,0.0,0.0
6389,2,1,0,0.5,0.0,0.0
6390,3,3,2,1.0,0.6667,0.6667
6391,2,2,0,1.0,0.0,0.0
6392,3,1,1,0.3333,0.3333,0.3333
6393,2,2,1,1.0,0.5,0.5
6394,3,3,3,1.0,1.0,1.0
6395,2,1,0,0.5,0.0,0.0
6396,2,1,1,0.5,0.5,0.5
6397,2,0,0,0.0,0.0,0.0
6398,1,1,1,1.0,1.0,1.0
6399,2,1,1,0.5,0.5,0.5
6400,1,1,0,1.0,0.0,0.0
6401,3,2,2,0.6667,0.6667,0.6667
6402,3,3,3,1.0,1.0,1.0
6403,3,2,0,0.6667,0.0,0.0
6404,1,1,0,1.0,0.0,0.0
6405,3,3,2,1.0,0.6667,0.6667
6406,3,3,2,1.0,0.6667,0.6667
6407,2,2,1,1.0,0.5,0.5
6408,3,3,1,1.0,0.3333,0.3333
6409,2,2,1,1.0,0.5,0.5
6410,1,0,0,0.0,0.0,0.0
6411,3,3,2,1.0,0.6667,0.6667
6412,1,1,1,1.0,1.0,1.0
6413,2,2,2,1.0,1.0,1.0
6414,1,1,1,1.0,1.0,1.0
6415,2,2,1,1.0,0.5,0.5
6416,1,1,1,1.0,1.0,1.0
6417,1,1,1,1.0,1.0,1.0
6418,2,2,2,1.0,1.0,1.0
6419,2,2,2,1.0,1.0,1.0
6420,2,2,2,1.0,1.0,1.0
6421,2,2,2,1.0,1.0,1.0
6422,2,2,1,1.0,0.5,0.5
6423,3,2,1,0.6667,0.3333,0.3333
6424,2,2,0,1.0,0.0,0.0
6425,2,2,2,1.0,1.0,1.0
6426,3,2,1,0.6667,0.3333,0.3333
6427,2,2,2,1.0,1.0,1.0
6428,1,1,0,1.0,0.0,0.0
6429,2,2,1,1.0,0.5,0.5
6430,2,1,0,0.5,0.0,0.0
6431,1,0,0,0.0,0.0,0.0
6432,1,0,0,0.0,0.0,0.0
6433,2,1,0,0.5,0.0,0.0
6434,1,1,0,1.0,0.0,0.0
6435,1,1,1,1.0,1.0,1.0
6436,2,1,0,0.5,0.0,0.0
6437,3,2,1,0.6667,0.3333,0.3333
6438,3,3,1,1.0,0.3333,0.3333
6439,3,3,2,1.0,0.6667,0.6667
6440,3,2,1,0.6667,0.3333,0.3333
6441,2,1,0,0.5,0.0,0.0
6442,2,2,2,1.0,1.0,1.0
6443,3,2,1,0.6667,0.3333,0.3333
6444,3,3,3,1.0,1.0,1.0
6445,3,3,1,1.0,0.3333,0.3333
6446,2,2,0,1.0,0.0,0.0
6447,2,2,0,1.0,0.0,0.0
6448,2,2,2,1.0,1.0,1.0
6449,1,0,0,0.0,0.0,0.0
6450,3,3,3,1.0,1.0,1.0
6451,3,2,2,0.6667,0.6667,0.6667
6452,1,1,1,1.0,1.0,1.0
6453,1,1,0,1.0,0.0,0.0
6454,2,2,1,1.0,0.5,0.5
6455,3,2,1,0.6667,0.3333,0.3333
6456,2,2,1,1.0,0.5,0.5
6457,1,0,0,0.0,0.0,0.0
6458,2,2,1,1.0,0.5,0.5
6459,3,2,1,0.6667,0.3333,0.3333
6460,2,2,1,1.0,0.5,0.5
6461,2,1,1,0.5,0.5,0.5
6462,3,2,2,0.6667,0.6667,0.6667
6463,3,2,2,0.6667,0.6667,0.6667
6464,3,1,1,0.3333,0.3333,0.3333
6465,3,2,0,0.6667,0.0,0.0
6466,3,3,2,1.0,0.6667,0.6667
6467,2,2,2,1.0,1.0,1.0
6468,1,1,0,1.0,0.0,0.0
6469,2,2,1,1.0,0.5,0.5
6470,3,3,1,1.0,0.3333,0.3333
6471,2,2,2,1.0,1.0,1.0
6472,3,3,2,1.0,0.6667,0.6667
6473,2,2,2,1.0,1.0,1.0
6474,2,1,1,0.5,0.5,0.5
6475,1,1,1,1.0,1.0,1.0
6476,1,1,1,1.0,1.0,1.0
6477,2,2,2,1.0,1.0,1.0
6478,2,1,1,0.5,0.5,0.5
6479,2,1,1,0.5,0.5,0.5
6480,3,3,3,1.0,1.0,1.0
6481,2,2,2,1.0,1.0,1.0
6482,3,3,2,1.0,0.6667,0.6667
6483,2,2,2,1.0,1.0,1.0
6484,1,1,1,1.0,1.0,1.0
6485,3,2,2,0.6667,0.6667,0.6667
6486,2,1,0,0.5,0.0,0.0
6487,1,1,0,1.0,0.0,0.0
6488,2,1,1,0.5,0.5,0.5
6489,2,2,2,1.0,1.0,1.0
6490,2,2,1,1.0,0.5,0.5
6491,2,2,2,1.0,1.0,1.0
6492,3,2,2,0.6667,0.6667,0.6667
6493,2,1,1,0.5,0.5,0.5
6494,3,2,1,0.6667,0.3333,0.3333
6495,1,1,1,1.0,1.0,1.0
6496,2,2,1,1.0,0.5,0.5
6497,2,2,1,1.0,0.5,0.5
6498,2,2,1,1.0,0.5,0.5
6499,1,1,1,1.0,1.0,1.0
6500,1,1,1,1.0,1.0,1.0
6501,1,1,1,1.0,1.0,1.0
6502,1,1,1,1.0,1.0,1.0
6503,2,2,1,1.0,0.5,0.5
6504,2,2,2,1.0,1.0,1.0
6505,3,2,2,0.6667,0.6667,0.6667
6506,2,2,1,1.0,0.5,0.5
6507,3,3,2,1.0,0.6667,0.6667
6508,1,1,1,1.0,1.0,1.0
6509,2,1,1,0.5,0.5,0.5
6510,1,1,1,1.0,1.0,1.0
6511,3,2,1,0.6667,0.3333,0.3333
6512,2,1,0,0.5,0.0,0.0
6513,1,1,1,1.0,1.0,1.0
6514,1,1,1,1.0,1.0,1.0
6515,1,1,0,1.0,0.0,0.0
6516,3,2,1,0.6667,0.3333,0.3333
6517,3,3,1,1.0,0.3333,0.3333
6518,3,3,2,1.0,0.6667,0.6667
6519,3,2,0,0.6667,0.0,0.0
6520,3,3,3,1.0,1.0,1.0
6521,3,3,1,1.0,0.3333,0.3333
6522,3,1,1,0.3333,0.3333,0.3333
6523,1,1,1,1.0,1.0,1.0
6524,2,2,1,1.0,0.5,0.5
6525,2,2,1,1.0,0.5,0.5
6526,3,3,3,1.0,1.0,1.0
6527,1,1,0,1.0,0.0,0.0
6528,1,1,0,1.0,0.0,0.0
6529,1,1,1,1.0,1.0,1.0
6530,1,1,1,1.0,1.0,1.0
6531,3,3,3,1.0,1.0,1.0
6532,2,1,1,0.5,0.5,0.5
6533,1,0,0,0.0,0.0,0.0
6534,1,1,1,1.0,1.0,1.0
6535,3,3,2,1.0,0.6667,0.6667
6536,1,1,1,1.0,1.0,1.0
6537,3,2,1,0.6667,0.3333,0.3333
6538,2,1,0,0.5,0.0,0.0
6539,1,1,0,1.0,0.0,0.0
6540,2,2,1,1.0,0.5,0.5
6541,1,1,1,1.0,1.0,1.0
6542,1,0,0,0.0,0.0,0.0
6543,2,2,1,1.0,0.5,0.5
6544,1,1,0,1.0,0.0,0.0
6545,3,3,0,1.0,0.0,0.0
6546,3,3,1,1.0,0.3333,0.3333
6547,2,2,2,1.0,1.0,1.0
6548,1,1,1,1.0,1.0,1.0
6549,2,2,2,1.0,1.0,1.0
6550,3,3,1,1.0,0.3333,0.3333
6551,2,2,2,1.0,1.0,1.0
6552,2,2,2,1.0,1.0,1.0
6553,1,0,0,0.0,0.0,0.0
6554,3,3,2,1.0,0.6667,0.6667
6555,3,3,2,1.0,0.6667,0.6667
6556,2,2,2,1.0,1.0,1.0
6557,1,1,1,1.0,1.0,1.0
6558,2,2,2,1.0,1.0,1.0
6559,3,3,2,1.0,0.6667,0.6667
6560,3,3,1,1.0,0.3333,0.3333
6561,1,1,1,1.0,1.0,1.0
6562,2,1,0,0.5,0.0,0.0
6563,2,2,2,1.0,1.0,1.0
6564,2,2,0,1.0,0.0,0.0
6565,1,1,0,1.0,0.0,0.0
6566,2,2,0,1.0,0.0,0.0
6567,2,1,1,0.5,0.5,0.5
6568,3,2,0,0.6667,0.0,0.0
6569,1,1,1,1.0,1.0,1.0
6570,1,1,1,1.0,1.0,1.0
6571,3,3,1,1.0,0.3333,0.3333
6572,3,2,2,0.6667,0.6667,0.6667
6573,3,3,2,1.0,0.6667,0.6667
6574,3,2,2,0.6667,0.6667,0.6667
6575,2,1,1,0.5,0.5,0.5
6576,2,2,1,1.0,0.5,0.5
6577,1,1,1,1.0,1.0,1.0
6578,2,2,2,1.0,1.0,1.0
6579,2,2,2,1.0,1.0,1.0
6580,3,3,3,1.0,1.0,1.0
6581,2,1,1,0.5,0.5,0.5
6582,3,3,1,1.0,0.3333,0.3333
6583,3,1,1,0.3333,0.3333,0.3333
6584,3,2,1,0.6667,0.3333,0.3333
6585,3,2,2,0.6667,0.6667,0.6667
6586,2,1,1,0.5,0.5,0.5
6587,3,2,0,0.6667,0.0,0.0
6588,2,2,2,1.0,1.0,1.0
6589,2,2,1,1.0,0.5,0.5
6590,2,2,2,1.0,1.0,1.0
6591,3,3,1,1.0,0.3333,0.3333
6592,2,1,1,0.5,0.5,0.5
6593,1,1,1,1.0,1.0,1.0
6594,2,1,1,0.5,0.5,0.5
6595,2,0,0,0.0,0.0,0.0
6596,1,1,0,1.0,0.0,0.0
6597,3,3,2,1.0,0.6667,0.6667
6598,1,1,0,1.0,0.0,0.0
6599,3,2,1,0.6667,0.3333,0.3333
6600,1,1,0,1.0,0.0,0.0
6601,1,1,1,1.0,1.0,1.0
6602,1,1,1,1.0,1.0,1.0
6603,2,1,0,0.5,0.0,0.0
6604,1,1,1,1.0,1.0,1.0
6605,1,1,1,1.0,1.0,1.0
6606,2,2,2,1.0,1.0,1.0
6607,1,1,0,1.0,0.0,0.0
6608,1,1,1,1.0,1.0,1.0
6609,1,1,1,1.0,1.0,1.0
6610,2,2,2,1.0,1.0,1.0
6611,2,2,2,1.0,1.0,1.0
6612,3,3,1,1.0,0.3333,0.3333
6613,2,2,0,1.0,0.0,0.0
6614,1,1,1,1.0,1.0,1.0
6615,2,1,1,0.5,0.5,0.5
6616,2,2,1,1.0,0.5,0.5
6617,3,3,2,1.0,0.6667,0.6667
6618,3,3,1,1.0,0.3333,0.3333
6619,3,3,1,1.0,0.3333,0.3333
6620,1,1,0,1.0,0.0,0.0
6621,2,2,1,1.0,0.5,0.5
6622,1,1,1,1.0,1.0,1.0
6623,1,1,1,1.0,1.0,1.0
6624,2,2,1,1.0,0.5,0.5
6625,2,2,1,1.0,0.5,0.5
6626,2,2,2,1.0,1.0,1.0
6627,1,1,1,1.0,1.0,1.0
6628,2,2,1,1.0,0.5,0.5
6629,3,3,3,1.0,1.0,1.0
6630,2,2,0,1.0,0.0,0.0
6631,3,3,1,1.0,0.3333,0.3333
6632,2,1,1,0.5,0.5,0.5
6633,2,2,2,1.0,1.0,1.0
6634,3,2,1,0.6667,0.3333,0.3333
6635,2,1,0,0.5,0.0,0.0
6636,2,2,0,1.0,0.0,0.0
6637,1,0,0,0.0,0.0,0.0
6638,3,3,1,1.0,0.3333,0.3333
6639,1,1,1,1.0,1.0,1.0
6640,1,1,1,1.0,1.0,1.0
6641,2,1,1,0.5,0.5,0.5
6642,3,1,1,0.3333,0.3333,0.3333
6643,2,2,2,1.0,1.0,1.0
6644,2,2,2,1.0,1.0,1.0
6645,2,2,0,1.0,0.0,0.0
6646,2,2,1,1.0,0.5,0.5
6647,3,2,2,0.6667,0.6667,0.6667
6648,1,1,1,1.0,1.0,1.0
6649,2,2,1,1.0,0.5,0.5
6650,1,0,0,0.0,0.0,0.0
6651,2,2,2,1.0,1.0,1.0
6652,2,2,1,1.0,0.5,0.5
6653,1,1,0,1.0,0.0,0.0
6654,3,2,2,0.6667,0.6667,0.6667
6655,2,1,1,0.5,0.5,0.5
6656,3,3,1,1.0,0.3333,0.3333
6657,2,2,1,1.0,0.5,0.5
6658,2,2,2,1.0,1.0,1.0
6659,3,3,3,1.0,1.0,1.0
6660,3,2,2,0.6667,0.6667,0.6667
6661,2,2,1,1.0,0.5,0.5
6662,2,2,2,1.0,1.0,1.0
6663,2,2,1,1.0,0.5,0.5
6664,1,0,0,0.0,0.0,0.0
6665,3,3,3,1.0,1.0,1.0
6666,1,1,1,1.0,1.0,1.0
6667,1,1,0,1.0,0.0,0.0
6668,2,1,1,0.5,0.5,0.5
6669,3,3,1,1.0,0.3333,0.3333
6670,3,3,1,1.0,0.3333,0.3333
6671,1,1,1,1.0,1.0,1.0
6672,3,2,1,0.6667,0.3333,0.3333
6673,3,2,1,0.6667,0.3333,0.3333
6674,1,1,1,1.0,1.0,1.0
6675,1,1,1,1.0,1.0,1.0
6676,3,3,1,1.0,0.3333,0.3333
6677,1,1,1,1.0,1.0,1.0
6678,1,0,0,0.0,0.0,0.0
6679,1,1,1,1.0,1.0,1.0
6680,2,2,2,1.0,1.0,1.0
6681,3,3,2,1.0,0.6667,0.6667
6682,1,1,1,1.0,1.0,1.0
6683,2,2,2,1.0,1.0,1.0
6684,2,1,0,0.5,0.0,0.0
6685,2,2,1,1.0,0.5,0.5
6686,2,2,2,1.0,1.0,1.0
6687,1,1,0,1.0,0.0,0.0
6688,2,2,2,1.0,1.0,1.0
6689,3,2,0,0.6667,0.0,0.0
6690,1,1,1,1.0,1.0,1.0
6691,2,2,2,1.0,1.0,1.0
6692,3,3,2,1.0,0.6667,0.6667
6693,1,1,0,1.0,0.0,0.0
6694,3,2,1,0.6667,0.3333,0.3333
6695,1,1,1,1.0,1.0,1.0
6696,3,3,1,1.0,0.3333,0.3333
6697,3,2,1,0.6667,0.3333,0.3333
6698,3,2,1,0.6667,0.3333,0.3333
6699,2,2,1,1.0,0.5,0.5
6700,3,1,1,0.3333,0.3333,0.3333
6701,2,1,1,0.5,0.5,0.5
6702,2,2,0,1.0,0.0,0.0
6703,1,1,1,1.0,1.0,1.0
6704,1,1,0,1.0,0.0,0.0
6705,3,3,1,1.0,0.3333,0.3333
6706,3,2,2,0.6667,0.6667,0.6667
6707,2,2,2,1.0,1.0,1.0
6708,1,1,1,1.0,1.0,1.0
6709,2,2,1,1.0,0.5,0.5
6710,2,2,2,1.0,1.0,1.0
6711,2,2,0,1.0,0.0,0.0
6712,2,1,1,0.5,0.5,0.5
6713,3,2,2,0.6667,0.6667,0.6667
6714,3,2,1,0.6667,0.3333,0.3333
6715,1,1,1,1.0,1.0,1.0
6716,3,2,2,0.6667,0.6667,0.6667
6717,2,2,0,1.0,0.0,0.0
6718,3,3,2,1.0,0.6667,0.6667
6719,3,3,1,1.0,0.3333,0.3333
6720,2,2,2,1.0,1.0,1.0
6721,3,2,1,0.6667,0.3333,0.3333
6722,2,1,1,0.5,0.5,0.5
6723,1,1,1,1.0,1.0,1.0
6724,2,2,1,1.0,0.5,0.5
6725,2,2,2,1.0,1.0,1.0
6726,2,2,2,1.0,1.0,1.0
6727,3,3,3,1.0,1.0,1.0
6728,1,1,0,1.0,0.0,0.0
6729,2,2,1,1.0,0.5,0.5
6730,1,1,1,1.0,1.0,1.0
6731,2,2,1,1.0,0.5,0.5
6732,1,1,0,1.0,0.0,0.0
6733,2,2,1,1.0,0.5,0.5
6734,2,1,1,0.5,0.5,0.5
6735,2,2,2,1.0,1.0,1.0
6736,3,3,1,1.0,0.3333,0.3333
6737,1,1,0,1.0,0.0,0.0
6738,3,3,3,1.0,1.0,1.0
6739,3,1,0,0.3333,0.0,0.0
6740,2,1,1,0.5,0.5,0.5
6741,1,1,0,1.0,0.0,0.0
6742,2,2,1,1.0,0.5,0.5
6743,3,2,1,0.6667,0.3333,0.3333
6744,3,2,2,0.6667,0.6667,0.6667
6745,3,3,2,1.0,0.6667,0.6667
6746,3,3,3,1.0,1.0,1.0
6747,3,3,3,1.0,1.0,1.0
6748,1,1,0,1.0,0.0,0.0
6749,2,2,2,1.0,1.0,1.0
6750,2,2,2,1.0,1.0,1.0
6751,3,3,1,1.0,0.3333,0.3333
6752,3,3,1,1.0,0.3333,0.3333
6753,1,1,1,1.0,1.0,1.0
6754,3,2,2,0.6667,0.6667,0.6667
6755,3,3,2,1.0,0.6667,0.6667
6756,2,2,2,1.0,1.0,1.0
6757,3,2,1,0.6667,0.3333,0.3333
6758,2,2,1,1.0,0.5,0.5
6759,2,2,2,1.0,1.0,1.0
6760,2,2,1,1.0,0.5,0.5
6761,2,1,0,0.5,0.0,0.0
6762,2,2,1,1.0,0.5,0.5
6763,3,3,2,1.0,0.6667,0.6667
6764,3,3,1,1.0,0.3333,0.3333
6765,3,3,2,1.0,0.6667,0.6667
6766,1,1,1,1.0,1.0,1.0
6767,2,1,0,0.5,0.0,0.0
6768,2,2,2,1.0,1.0,1.0
6769,3,3,2,1.0,0.6667,0.6667
6770,2,2,1,1.0,0.5,0.5
6771,1,1,1,1.0,1.0,1.0
6772,1,1,1,1.0,1.0,1.0
6773,1,1,0,1.0,0.0,0.0
6774,3,2,1,0.6667,0.3333,0.3333
6775,1,1,1,1.0,1.0,1.0
6776,1,1,0,1.0,0.0,0.0
6777,2,2,1,1.0,0.5,0.5
6778,2,2,1,1.0,0.5,0.5
6779,2,1,1,0.5,0.5,0.5
6780,2,0,0,0.0,0.0,0.0
6781,2,2,1,1.0,0.5,0.5
6782,2,2,2,1.0,1.0,1.0
6783,2,2,2,1.0,1.0,1.0
6784,3,3,2,1.0,0.6667,0.6667
6785,2,2,1,1.0,0.5,0.5
6786,3,3,2,1.0,0.6667,0.6667
6787,3,3,2,1.0,0.6667,0.6667
6788,1,1,0,1.0,0.0,0.0
6789,2,1,0,0.5,0.0,0.0
6790,2,1,0,0.5,0.0,0.0
6791,2,2,1,1.0,0.5,0.5
6792,3,2,2,0.6667,0.6667,0.6667
6793,3,3,1,1.0,0.3333,0.3333
6794,3,2,1,0.6667,0.3333,0.3333
6795,3,3,1,1.0,0.3333,0.3333
6796,2,2,2,1.0,1.0,1.0
6797,2,2,1,1.0,0.5,0.5
6798,3,3,2,1.0,0.6667,0.6667
6799,2,2,0,1.0,0.0,0.0
6800,1,1,1,1.0,1.0,1.0
6801,2,2,2,1.0,1.0,1.0
6802,3,0,0,0.0,0.0,0.0
6803,2,2,2,1.0,1.0,1.0
6804,1,1,1,1.0,1.0,1.0
6805,3,2,2,0.6667,0.6667,0.6667
6806,1,0,0,0.0,0.0,0.0
6807,3,2,1,0.6667,0.3333,0.3333
6808,2,2,1,1.0,0.5,0.5
6809,2,2,1,1.0,0.5,0.5
6810,1,1,0,1.0,0.0,0.0
6811,2,1,0,0.5,0.0,0.0
6812,2,2,1,1.0,0.5,0.5
6813,3,3,3,1.0,1.0,1.0
6814,1,0,0,0.0,0.0,0.0
6815,3,1,1,0.3333,0.3333,0.3333
6816,1,1,1,1.0,1.0,1.0
6817,3,3,2,1.0,0.6667,0.6667
6818,3,2,2,0.6667,0.6667,0.6667
6819,1,1,1,1.0,1.0,1.0
6820,1,1,1,1.0,1.0,1.0
6821,3,3,1,1.0,0.3333,0.3333
6822,2,1,1,0.5,0.5,0.5
6823,1,1,1,1.0,1.0,1.0
6824,2,1,1,0.5,0.5,0.5
6825,2,2,0,1.0,0.0,0.0
6826,1,1,1,1.0,1.0,1.0
6827,2,2,1,1.0,0.5,0.5
6828,1,1,1,1.0,1.0,1.0
6829,2,2,1,1.0,0.5,0.5
6830,1,1,1,1.0,1.0,1.0
6831,3,3,3,1.0,1.0,1.0
6832,3,3,2,1.0,0.6667,0.6667
6833,2,2,2,1.0,1.0,1.0
6834,2,2,1,1.0,0.5,0.5
6835,3,1,0,0.3333,0.0,0.0
6836,1,1,1,1.0,1.0,1.0
6837,1,1,1,1.0,1.0,1.0
6838,2,1,0,0.5,0.0,0.0
6839,3,3,3,1.0,1.0,1.0
6840,2,2,2,1.0,1.0,1.0
6841,3,3,2,1.0,0.6667,0.6667
6842,2,2,2,1.0,1.0,1.0
6843,1,1,0,1.0,0.0,0.0
6844,3,3,3,1.0,1.0,1.0
6845,3,2,2,0.6667,0.6667,0.6667
6846,3,3,2,1.0,0.6667,0.6667
6847,1,1,1,1.0,1.0,1.0
6848,2,2,1,1.0,0.5,0.5
6849,2,1,1,0.5,0.5,0.5
6850,1,1,0,1.0,0.0,0.0
6851,2,2,1,1.0,0.5,0.5
6852,1,1,1,1.0,1.0,1.0
6853,1,1,1,1.0,1.0,1.0
6854,2,2,0,1.0,0.0,0.0
6855,1,1,0,1.0,0.0,0.0
6856,1,1,1,1.0,1.0,1.0
6857,3,2,1,0.6667,0.3333,0.3333
6858,2,1,1,0.5,0.5,0.5
6859,2,2,2,1.0,1.0,1.0
6860,3,3,1,1.0,0.3333,0.3333
6861,3,3,3,1.0,1.0,1.0
6862,2,1,1,0.5,0.5,0.5
6863,1,1,1,1.0,1.0,1.0
6864,2,2,0,1.0,0.0,0.0
6865,1,1,1,1.0,1.0,1.0
6866,3,3,3,1.0,1.0,1.0
6867,3,3,2,1.0,0.6667,0.6667
6868,2,2,2,1.0,1.0,1.0
6869,1,0,0,0.0,0.0,0.0
6870,2,2,2,1.0,1.0,1.0
6871,2,2,2,1.0,1.0,1.0
6872,3,3,1,1.0,0.3333,0.3333
6873,2,2,1,1.0,0.5,0.5
6874,2,1,1,0.5,0.5,0.5
6875,3,2,2,0.6667,0.6667,0.6667
6876,1,1,0,1.0,0.0,0.0
6877,1,1,0,1.0,0.0,0.0
6878,3,3,3,1.0,1.0,1.0
6879,2,2,1,1.0,0.5,0.5
6880,2,2,0,1.0,0.0,0.0
6881,1,0,0,0.0,0.0,0.0
6882,3,3,1,1.0,0.3333,0.3333
6883,3,2,2,0.6667,0.6667,0.6667
6884,1,1,0,1.0,0.0,0.0
6885,1,1,1,1.0,1.0,1.0
6886,1,1,1,1.0,1.0,1.0
6887,2,2,2,1.0,1.0,1.0
6888,1,1,0,1.0,0.0,0.0
6889,1,1,1,1.0,1.0,1.0
6890,1,1,1,1.0,1.0,1.0
6891,3,2,2,0.6667,0.6667,0.6667
6892,3,1,1,0.3333,0.3333,0.3333
6893,3,3,2,1.0,0.6667,0.6667
6894,1,1,1,1.0,1.0,1.0
6895,2,1,1,0.5,0.5,0.5
6896,3,3,1,1.0,0.3333,0.3333
6897,1,1,0,1.0,0.0,0.0
6898,3,3,1,1.0,0.3333,0.3333
6899,3,1,1,0.3333,0.3333,0.3333
6900,2,1,0,0.5,0.0,0.0
6901,2,2,1,1.0,0.5,0.5
6902,3,2,0,0.6667,0.0,0.0
6903,3,2,1,0.6667,0.3333,0.3333
6904,3,3,3,1.0,1.0,1.0
6905,3,3,3,1.0,1.0,1.0
6906,2,1,1,0.5,0.5,0.5
6907,3,3,3,1.0,1.0,1.0
6908,2,1,1,0.5,0.5,0.5
6909,1,1,1,1.0,1.0,1.0
6910,2,2,1,1.0,0.5,0.5
6911,2,2,1,1.0,0.5,0.5
6912,1,0,0,0.0,0.0,0.0
6913,3,3,1,1.0,0.3333,0.3333
6914,2,2,1,1.0,0.5,0.5
6915,3,2,0,0.6667,0.0,0.0
6916,1,1,1,1.0,1.0,1.0
6917,3,2,1,0.6667,0.3333,0.3333
6918,1,1,1,1.0,1.0,1.0
6919,3,2,2,0.6667,0.6667,0.6667
6920,1,1,1,1.0,1.0,1.0
6921,2,2,1,1.0,0.5,0.5
6922,1,1,1,1.0,1.0,1.0
6923,2,2,2,1.0,1.0,1.0
6924,3,3,1,1.0,0.3333,0.3333
6925,2,1,1,0.5,0.5,0.5
6926,2,1,0,0.5,0.0,0.0
6927,1,0,0,0.0,0.0,0.0
6928,2,2,0,1.0,0.0,0.0
6929,2,2,2,1.0,1.0,1.0
6930,2,2,1,1.0,0.5,0.5
6931,1,1,1,1.0,1.0,1.0
6932,1,1,1,1.0,1.0,1.0
6933,1,1,1,1.0,1.0,1.0
6934,1,1,1,1.0,1.0,1.0
6935,2,1,0,0.5,0.0,0.0
6936,2,1,1,0.5,0.5,0.5
6937,3,3,1,1.0,0.3333,0.3333
6938,1,1,1,1.0,1.0,1.0
6939,3,3,2,1.0,0.6667,0.6667
6940,2,2,2,1.0,1.0,1.0
6941,3,3,2,1.0,0.6667,0.6667
6942,2,1,1,0.5,0.5,0.5
6943,3,3,1,1.0,0.3333,0.3333
6944,1,1,0,1.0,0.0,0.0
6945,2,2,1,1.0,0.5,0.5
6946,3,3,1,1.0,0.3333,0.3333
6947,2,2,1,1.0,0.5,0.5
6948,2,2,0,1.0,0.0,0.0
6949,1,0,0,0.0,0.0,0.0
6950,2,2,2,1.0,1.0,1.0
6951,3,2,1,0.6667,0.3333,0.3333
6952,2,0,0,0.0,0.0,0.0
6953,3,3,2,1.0,0.6667,0.6667
6954,2,2,0,1.0,0.0,0.0
6955,1,1,1,1.0,1.0,1.0
6956,3,2,2,0.6667,0.6667,0.6667
6957,1,1,1,1.0,1.0,1.0
6958,2,2,0,1.0,0.0,0.0
6959,3,1,1,0.3333,0.3333,0.3333
6960,1,1,1,1.0,1.0,1.0
6961,1,1,0,1.0,0.0,0.0
6962,1,1,0,1.0,0.0,0.0
6963,2,2,1,1.0,0.5,0.5
6964,3,3,2,1.0,0.6667,0.6667
6965,1,1,1,1.0,1.0,1.0
6966,1,1,0,1.0,0.0,0.0
6967,2,2,1,1.0,0.5,0.5
6968,2,2,2,1.0,1.0,1.0
6969,3,1,1,0.3333,0.3333,0.3333
6970,3,3,1,1.0,0.3333,0.3333
6971,2,2,2,1.0,1.0,1.0
6972,2,2,2,1.0,1.0,1.0
6973,3,2,2,0.6667,0.6667,0.6667
6974,2,1,0,0.5,0.0,0.0
6975,1,1,1,1.0,1.0,1.0
6976,2,2,0,1.0,0.0,0.0
6977,3,3,3,1.0,1.0,1.0
6978,1,1,1,1.0,1.0,1.0
6979,2,1,0,0.5,0.0,0.0
6980,1,1,1,1.0,1.0,1.0
6981,3,2,1,0.6667,0.3333,0.3333
6982,2,2,0,1.0,0.0,0.0
6983,3,1,1,0.3333,0.3333,0.3333
6984,2,1,1,0.5,0.5,0.5
6985,1,1,1,1.0,1.0,1.0
6986,3,2,2,0.6667,0.6667,0.6667
6987,2,1,1,0.5,0.5,0.5
6988,2,0,0,0.0,0.0,0.0
6989,3,2,2,0.6667,0.6667,0.6667
6990,2,1,1,0.5,0.5,0.5
6991,2,2,2,1.0,1.0,1.0
6992,2,2,2,1.0,1.0,1.0
6993,1,1,1,1.0,1.0,1.0
6994,2,2,1,1.0,0.5,0.5
6995,1,1,1,1.0,1.0,1.0
6996,1,1,1,1.0,1.0,1.0
6997,3,3,3,1.0,1.0,1.0
6998,2,2,1,1.0,0.5,0.5
6999,1,1,1,1.0,1.0,1.0
7000,3,2,2,0.6667,0.6667,0.6667
7001,2,2,0,1.0,0.0,0.0
7002,3,2,1,0.6667,0.3333,0.3333
7003,2,2,1,1.0,0.5,0.5
7004,2,1,0,0.5,0.0,0.0
7005,3,3,3,1.0,1.0,1.0
7006,2,1,1,0.5,0.5,0.5
7007,3,3,2,1.0,0.6667,0.6667
7008,1,1,1,1.0,1.0,1.0
7009,3,3,2,1.0,0.6667,0.6667
7010,2,1,0,0.5,0.0,0.0
7011,2,1,0,0.5,0.0,0.0
7012,3,2,2,0.6667,0.6667,0.6667
7013,3,2,1,0.6667,0.3333,0.3333
7014,1,1,0,1.0,0.0,0.0
7015,1,1,0,1.0,0.0,0.0
7016,3,3,3,1.0,1.0,1.0
7017,1,1,0,1.0,0.0,0.0
7018,2,2,0,1.0,0.0,0.0
7019,2,2,2,1.0,1.0,1.0
7020,3,2,2,0.6667,0.6667,0.6667
7021,2,2,1,1.0,0.5,0.5
7022,2,1,1,0.5,0.5,0.5
7023,2,2,1,1.0,0.5,0.5
7024,1,1,1,1.0,1.0,1.0
7025,3,2,1,0.6667,0.3333,0.3333
7026,3,2,1,0.6667,0.3333,0.3333
7027,1,0,0,0.0,0.0,0.0
7028,1,1,1,1.0,1.0,1.0
7029,2,2,0,1.0,0.0,0.0
7030,3,2,2,0.6667,0.6667,0.6667
7031,3,3,1,1.0,0.3333,0.3333
7032,1,1,1,1.0,1.0,1.0
7033,3,2,2,0.6667,0.6667,0.6667
7034,2,2,1,1.0,0.5,0.5
7035,1,1,0,1.0,0.0,0.0
7036,1,1,1,1.0,1.0,1.0
7037,1,1,1,1.0,1.0,1.0
7038,3,2,1,0.6667,0.3333,0.3333
7039,3,1,0,0.3333,0.0,0.0
7040,2,1,0,0.5,0.0,0.0
7041,1,1,1,1.0,1.0,1.0
7042,3,2,2,0.6667,0.6667,0.6667
7043,1,1,0,1.0,0.0,0.0
7044,3,3,0,1.0,0.0,0.0
7045,1,1,1,1.0,1.0,1.0
7046,2,2,1,1.0,0.5,0.5
7047,2,2,2,1.0,1.0,1.0
7048,3,2,1,0.6667,0.3333,0.3333
7049,1,1,0,1.0,0.0,0.0
7050,2,2,0,1.0,0.0,0.0
7051,2,2,1,1.0,0.5,0.5
7052,1,0,0,0.0,0.0,0.0
7053,3,3,1,1.0,0.3333,0.3333
7054,3,1,1,0.3333,0.3333,0.3333
7055,2,2,2,1.0,1.0,1.0
7056,1,1,1,1.0,1.0,1.0
7057,3,2,2,0.6667,0.6667,0.6667
7058,2,2,0,1.0,0.0,0.0
7059,2,2,1,1.0,0.5,0.5
7060,1,0,0,0.0,0.0,0.0
7061,2,1,1,0.5,0.5,0.5
7062,3,2,0,0.6667,0.0,0.0
7063,3,1,0,0.3333,0.0,0.0
7064,1,1,1,1.0,1.0,1.0
7065,2,2,1,1.0,0.5,0.5
7066,1,1,1,1.0,1.0,1.0
7067,1,0,0,0.0,0.0,0.0
7068,1,1,0,1.0,0.0,0.0
7069,3,3,2,1.0,0.6667,0.6667
7070,2,2,1,1.0,0.5,0.5
7071,3,3,2,1.0,0.6667,0.6667
7072,2,2,1,1.0,0.5,0.5
7073,2,2,1,1.0,0.5,0.5
7074,1,1,1,1.0,1.0,1.0
7075,2,2,1,1.0,0.5,0.5
7076,3,3,0,1.0,0.0,0.0
7077,3,2,1,0.6667,0.3333,0.3333
7078,3,2,2,0.6667,0.6667,0.6667
7079,1,1,1,1.0,1.0,1.0
7080,1,1,1,1.0,1.0,1.0
7081,2,1,0,0.5,0.0,0.0
7082,1,1,1,1.0,1.0,1.0
7083,2,1,1,0.5,0.5,0.5
7084,3,3,2,1.0,0.6667,0.6667
7085,1,1,1,1.0,1.0,1.0
7086,2,2,2,1.0,1.0,1.0
7087,1,1,1,1.0,1.0,1.0
7088,1,1,1,1.0,1.0,1.0
7089,2,1,1,0.5,0.5,0.5
7090,2,2,0,1.0,0.0,0.0
7091,1,1,1,1.0,1.0,1.0
7092,2,2,2,1.0,1.0,1.0
7093,1,1,1,1.0,1.0,1.0
7094,2,0,0,0.0,0.0,0.0
7095,2,2,2,1.0,1.0,1.0
7096,3,3,2,1.0,0.6667,0.6667
7097,2,2,1,1.0,0.5,0.5
7098,1,1,1,1.0,1.0,1.0
7099,3,3,3,1.0,1.0,1.0
7100,3,3,1,1.0,0.3333,0.3333
7101,3,1,1,0.3333,0.3333,0.3333
7102,3,3,2,1.0,0.6667,0.6667
7103,1,1,1,1.0,1.0,1.0
7104,1,1,1,1.0,1.0,1.0
7105,2,2,2,1.0,1.0,1.0
7106,3,3,3,1.0,1.0,1.0
7107,3,3,3,1.0,1.0,1.0
7108,2,2,1,1.0,0.5,0.5
7109,3,2,0,0.6667,0.0,0.0
7110,3,3,1,1.0,0.3333,0.3333
7111,2,1,0,0.5,0.0,0.0
7112,2,2,1,1.0,0.5,0.5
7113,1,1,1,1.0,1.0,1.0
7114,3,2,1,0.6667,0.3333,0.3333
7115,2,2,2,1.0,1.0,1.0
7116,3,3,1,1.0,0.3333,0.3333
7117,1,1,0,1.0,0.0,0.0
7118,2,2,1,1.0,0.5,0.5
7119,3,2,2,0.6667,0.6667,0.6667
7120,2,2,1,1.0,0.5,0.5
7121,1,1,0,1.0,0.0,0.0
7122,2,2,1,1.0,0.5,0.5
7123,2,1,0,0.5,0.0,0.0
7124,2,1,1,0.5,0.5,0.5
7125,2,1,0,0.5,0.0,0.0
7126,2,2,1,1.0,0.5,0.5
7127,2,2,1,1.0,0.5,0.5
7128,3,2,1,0.6667,0.3333,0.3333
7129,3,2,2,0.6667,0.6667,0.6667
7130,2,2,2,1.0,1.0,1.0
7131,3,2,1,0.6667,0.3333,0.3333
7132,3,3,2,1.0,0.6667,0.6667
7133,1,0,0,0.0,0.0,0.0
7134,3,2,1,0.6667,0.3333,0.3333
7135,3,2,1,0.6667,0.3333,0.3333
7136,1,1,1,1.0,1.0,1.0
7137,1,1,1,1.0,1.0,1.0
7138,2,2,1,1.0,0.5,0.5
7139,2,2,2,1.0,1.0,1.0
7140,3,2,2,0.6667,0.6667,0.6667
7141,2,2,1,1.0,0.5,0.5
7142,3,1,1,0.3333,0.3333,0.3333
7143,1,1,1,1.0,1.0,1.0
7144,3,2,1,0.6667,0.3333,0.3333
7145,1,1,1,1.0,1.0,1.0
7146,2,2,2,1.0,1.0,1.0
7147,1,1,0,1.0,0.0,0.0
7148,1,0,0,0.0,0.0,0.0
7149,2,2,1,1.0,0.5,0.5
7150,2,2,0,1.0,0.0,0.0
7151,2,2,2,1.0,1.0,1.0
7152,2,1,1,0.5,0.5,0.5
7153,2,2,2,1.0,1.0,1.0
7154,3,3,2,1.0,0.6667,0.6667
7155,3,2,2,0.6667,0.6667,0.6667
7156,2,2,2,1.0,1.0,1.0
7157,1,1,1,1.0,1.0,1.0
7158,2,1,0,0.5,0.0,0.0
7159,3,3,1,1.0,0.3333,0.3333
7160,1,1,1,1.0,1.0,1.0
7161,3,3,1,1.0,0.3333,0.3333
7162,2,1,0,0.5,0.0,0.0
7163,3,2,1,0.6667,0.3333,0.3333
7164,2,2,2,1.0,1.0,1.0
7165,3,3,1,1.0,0.3333,0.3333
7166,3,3,1,1.0,0.3333,0.3333
7167,1,1,0,1.0,0.0,0.0
7168,3,3,2,1.0,0.6667,0.6667
7169,3,3,2,1.0,0.6667,0.6667
7170,3,3,3,1.0,1.0,1.0
7171,3,3,1,1.0,0.3333,0.3333
7172,3,3,2,1.0,0.6667,0.6667
7173,3,3,3,1.0,1.0,1.0
7174,2,2,1,1.0,0.5,0.5
7175,3,2,2,0.6667,0.6667,0.6667
7176,2,2,2,1.0,1.0,1.0
7177,3,3,2,1.0,0.6667,0.6667
7178,1,1,1,1.0,1.0,1.0
7179,1,1,0,1.0,0.0,0.0
7180,2,2,2,1.0,1.0,1.0
7181,2,2,2,1.0,1.0,1.0
7182,3,2,2,0.6667,0.6667,0.6667
7183,2,2,1,1.0,0.5,0.5
7184,2,2,2,1.0,1.0,1.0
7185,3,3,3,1.0,1.0,1.0
7186,1,1,1,1.0,1.0,1.0
7187,2,2,1,1.0,0.5,0.5
7188,3,2,1,0.6667,0.3333,0.3333
7189,2,2,1,1.0,0.5,0.5
7190,1,1,1,1.0,1.0,1.0
7191,2,2,1,1.0,0.5,0.5
7192,3,2,1,0.6667,0.3333,0.3333
7193,2,2,1,1.0,0.5,0.5
7194,2,2,2,1.0,1.0,1.0
7195,2,1,0,0.5,0.0,0.0
7196,3,2,1,0.6667,0.3333,0.3333
7197,3,3,1,1.0,0.3333,0.3333
7198,1,1,1,1.0,1.0,1.0
7199,2,1,1,0.5,0.5,0.5
7200,2,2,2,1.0,1.0,1.0
7201,1,1,0,1.0,0.0,0.0
7202,3,3,0,1.0,0.0,0.0
7203,3,3,3,1.0,1.0,1.0
7204,1,1,1,1.0,1.0,1.0
7205,1,0,0,0.0,0.0,0.0
7206,2,2,2,1.0,1.0,1.0
7207,2,2,1,1.0,0.5,0.5
7208,1,1,0,1.0,0.0,0.0
7209,2,2,1,1.0,0.5,0.5
7210,3,2,0,0.6667,0.0,0.0
7211,1,1,1,1.0,1.0,1.0
7212,2,2,2,1.0,1.0,1.0
7213,2,2,1,1.0,0.5,0.5
7214,3,3,3,1.0,1.0,1.0
7215,3,3,2,1.0,0.6667,0.6667
7216,1,1,0,1.0,0.0,0.0
7217,1,1,1,1.0,1.0,1.0
7218,1,0,0,0.0,0.0,0.0
7219,2,2,2,1.0,1.0,1.0
7220,2,2,2,1.0,1.0,1.0
7221,1,1,1,1.0,1.0,1.0
7222,3,2,2,0.6667,0.6667,0.6667
7223,3,3,3,1.0,1.0,1.0
7224,1,1,0,1.0,0.0,0.0
7225,3,3,1,1.0,0.3333,0.3333
7226,1,1,0,1.0,0.0,0.0
7227,1,1,1,1.0,1.0,1.0
7228,2,1,0,0.5,0.0,0.0
7229,3,2,1,0.6667,0.3333,0.3333
7230,2,1,1,0.5,0.5,0.5
7231,1,1,1,1.0,1.0,1.0
7232,1,1,1,1.0,1.0,1.0
7233,3,3,2,1.0,0.6667,0.6667
7234,2,2,2,1.0,1.0,1.0
7235,2,1,1,0.5,0.5,0.5
7236,3,2,0,0.6667,0.0,0.0
7237,2,2,1,1.0,0.5,0.5
7238,3,3,2,1.0,0.6667,0.6667
7239,3,3,2,1.0,0.6667,0.6667
7240,3,2,2,0.6667,0.6667,0.6667
7241,1,1,0,1.0,0.0,0.0
7242,1,1,1,1.0,1.0,1.0
7243,3,3,3,1.0,1.0,1.0
7244,3,3,0,1.0,0.0,0.0
7245,2,2,0,1.0,0.0,0.0
7246,2,2,0,1.0,0.0,0.0
7247,1,1,1,1.0,1.0,1.0
7248,2,1,0,0.5,0.0,0.0
7249,1,0,0,0.0,0.0,0.0
7250,2,1,1,0.5,0.5,0.5
7251,2,2,1,1.0,0.5,0.5
7252,2,2,0,1.0,0.0,0.0
7253,1,1,1,1.0,1.0,1.0
7254,1,1,1,1.0,1.0,1.0
7255,1,1,0,1.0,0.0,0.0
7256,2,2,1,1.0,0.5,0.5
7257,1,1,1,1.0,1.0,1.0
7258,2,2,0,1.0,0.0,0.0
7259,2,2,2,1.0,1.0,1.0
7260,1,1,1,1.0,1.0,1.0
7261,2,2,1,1.0,0.5,0.5
7262,2,2,2,1.0,1.0,1.0
7263,3,3,2,1.0,0.6667,0.6667
7264,2,2,2,1.0,1.0,1.0
7265,2,2,2,1.0,1.0,1.0
7266,2,2,1,1.0,0.5,0.5
7267,3,3,2,1.0,0.6667,0.6667
7268,2,2,0,1.0,0.0,0.0
7269,3,3,2,1.0,0.6667,0.6667
7270,3,2,1,0.6667,0.3333,0.3333
7271,2,2,2,1.0,1.0,1.0
7272,2,1,1,0.5,0.5,0.5
7273,2,1,1,0.5,0.5,0.5
7274,1,1,0,1.0,0.0,0.0
7275,3,2,0,0.6667,0.0,0.0
7276,2,2,2,1.0,1.0,1.0
7277,1,1,0,1.0,0.0,0.0
7278,2,2,2,1.0,1.0,1.0
7279,3,1,1,0.3333,0.3333,0.3333
7280,3,2,1,0.6667,0.3333,0.3333
7281,3,2,1,0.6667,0.3333,0.3333
7282,2,2,1,1.0,0.5,0.5
7283,1,1,1,1.0,1.0,1.0
7284,1,1,1,1.0,1.0,1.0
7285,2,2,2,1.0,1.0,1.0
7286,3,3,3,1.0,1.0,1.0
7287,1,1,0,1.0,0.0,0.0
7288,2,2,2,1.0,1.0,1.0
7289,2,2,1,1.0,0.5,0.5
7290,3,3,1,1.0,0.3333,0.3333
7291,3,3,2,1.0,0.6667,0.6667
7292,1,0,0,0.0,0.0,0.0
7293,2,1,1,0.5,0.5,0.5
7294,3,3,2,1.0,0.6667,0.6667
7295,2,1,1,0.5,0.5,0.5
7296,2,2,0,1.0,0.0,0.0
7297,3,3,3,1.0,1.0,1.0
7298,2,2,1,1.0,0.5,0.5
7299,1,0,0,0.0,0.0,0.0
7300,2,2,1,1.0,0.5,0.5
7301,2,2,2,1.0,1.0,1.0
7302,3,2,1,0.6667,0.3333,0.3333
7303,2,2,1,1.0,0.5,0.5
7304,2,2,1,1.0,0.5,0.5
7305,3,3,2,1.0,0.6667,0.6667
7306,2,2,1,1.0,0.5,0.5
7307,2,2,2,1.0,1.0,1.0
7308,1,1,1,1.0,1.0,1.0
7309,2,2,2,1.0,1.0,1.0
7310,2,2,0,1.0,0.0,0.0
7311,1,1,0,1.0,0.0,0.0
7312,2,2,0,1.0,0.0,0.0
7313,3,3,1,1.0,0.3333,0.3333
7314,2,2,1,1.0,0.5,0.5
7315,3,2,2,0.6667,0.6667,0.6667
7316,3,3,1,1.0,0.3333,0.3333
7317,1,1,1,1.0,1.0,1.0
7318,2,2,2,1.0,1.0,1.0
7319,2,2,1,1.0,0.5,0.5
7320,3,3,1,1.0,0.3333,0.3333
7321,1,1,1,1.0,1.0,1.0
7322,2,1,1,0.5,0.5,0.5
7323,2,2,1,1.0,0.5,0.5
7324,2,2,1,1.0,0.5,0.5
7325,1,1,1,1.0,1.0,1.0
7326,3,3,0,1.0,0.0,0.0
7327,1,1,1,1.0,1.0,1.0
7328,1,1,1,1.0,1.0,1.0
7329,2,2,1,1.0,0.5,0.5
7330,2,2,1,1.0,0.5,0.5
7331,3,3,2,1.0,0.6667,0.6667
7332,2,1,1,0.5,0.5,0.5
7333,3,2,2,0.6667,0.6667,0.6667
7334,3,3,2,1.0,0.6667,0.6667
7335,1,1,1,1.0,1.0,1.0
7336,1,1,1,1.0,1.0,1.0
7337,1,1,1,1.0,1.0,1.0
7338,1,1,1,1.0,1.0,1.0
7339,2,2,2,1.0,1.0,1.0
7340,3,3,3,1.0,1.0,1.0
7341,2,2,1,1.0,0.5,0.5
7342,2,1,1,0.5,0.5,0.5
7343,2,2,2,1.0,1.0,1.0
7344,2,2,2,1.0,1.0,1.0
7345,3,2,1,0.6667,0.3333,0.3333
7346,3,2,0,0.6667,0.0,0.0
7347,2,2,2,1.0,1.0,1.0
7348,3,2,0,0.6667,0.0,0.0
7349,3,3,3,1.0,1.0,1.0
7350,2,2,1,1.0,0.5,0.5
7351,3,1,0,0.3333,0.0,0.0
7352,3,2,2,0.6667,0.6667,0.6667
7353,2,2,2,1.0,1.0,1.0
7354,1,1,1,1.0,1.0,1.0
7355,1,1,0,1.0,0.0,0.0
7356,2,2,2,1.0,1.0,1.0
7357,1,1,1,1.0,1.0,1.0
7358,3,0,0,0.0,0.0,0.0
7359,3,3,1,1.0,0.3333,0.3333
7360,1,0,0,0.0,0.0,0.0
7361,2,2,1,1.0,0.5,0.5
7362,2,2,1,1.0,0.5,0.5
7363,3,2,1,0.6667,0.3333,0.3333
7364,1,1,0,1.0,0.0,0.0
7365,3,2,1,0.6667,0.3333,0.3333
7366,2,1,0,0.5,0.0,0.0
7367,3,3,1,1.0,0.3333,0.3333
7368,1,1,0,1.0,0.0,0.0
7369,2,1,0,0.5,0.0,0.0
7370,3,2,2,0.6667,0.6667,0.6667
7371,1,1,1,1.0,1.0,1.0
7372,2,2,1,1.0,0.5,0.5
7373,1,0,0,0.0,0.0,0.0
7374,1,1,0,1.0,0.0,0.0
7375,1,1,1,1.0,1.0,1.0
7376,3,2,1,0.6667,0.3333,0.3333
7377,2,2,1,1.0,0.5,0.5
7378,2,2,2,1.0,1.0,1.0
7379,3,2,0,0.6667,0.0,0.0
7380,2,2,2,1.0,1.0,1.0
7381,3,3,2,1.0,0.6667,0.6667
7382,1,1,1,1.0,1.0,1.0
7383,1,1,0,1.0,0.0,0.0
7384,3,2,0,0.6667,0.0,0.0
7385,3,3,3,1.0,1.0,1.0
7386,2,1,1,0.5,0.5,0.5
7387,1,0,0,0.0,0.0,0.0
7388,1,1,1,1.0,1.0,1.0
7389,1,1,1,1.0,1.0,1.0
7390,2,2,1,1.0,0.5,0.5
7391,1,1,0,1.0,0.0,0.0
7392,2,0,0,0.0,0.0,0.0
7393,2,2,1,1.0,0.5,0.5
7394,2,1,0,0.5,0.0,0.0
7395,1,1,0,1.0,0.0,0.0
7396,2,1,1,0.5,0.5,0.5
7397,1,1,1,1.0,1.0,1.0
7398,2,1,1,0.5,0.5,0.5
7399,2,2,2,1.0,1.0,1.0
7400,3,3,3,1.0,1.0,1.0
7401,3,2,0,0.6667,0.0,0.0
7402,2,2,1,1.0,0.5,0.5
7403,2,2,2,1.0,1.0,1.0
7404,1,1,1,1.0,1.0,1.0
7405,3,3,2,1.0,0.6667,0.6667
7406,3,2,2,0.6667,0.6667,0.6667
7407,1,1,1,1.0,1.0,1.0
7408,1,1,1,1.0,1.0,1.0
7409,2,2,2,1.0,1.0,1.0
7410,2,2,1,1.0,0.5,0.5
7411,1,1,1,1.0,1.0,1.0
7412,3,3,2,1.0,0.6667,0.6667
7413,2,2,1,1.0,0.5,0.5
7414,2,2,2,1.0,1.0,1.0
7415,3,2,0,0.6667,0.0,0.0
7416,3,2,0,0.6667,0.0,0.0
7417,1,1,1,1.0,1.0,1.0
7418,3,2,1,0.6667,0.3333,0.3333
7419,1,1,1,1.0,1.0,1.0
7420,1,1,1,1.0,1.0,1.0
7421,3,2,2,0.6667,0.6667,0.6667
7422,2,1,1,0.5,0.5,0.5
7423,3,1,1,0.3333,0.3333,0.3333
7424,1,1,0,1.0,0.0,0.0
7425,3,3,3,1.0,1.0,1.0
7426,1,0,0,0.0,0.0,0.0
7427,1,1,1,1.0,1.0,1.0
7428,3,3,2,1.0,0.6667,0.6667
7429,1,1,1,1.0,1.0,1.0
7430,1,1,0,1.0,0.0,0.0
7431,2,2,1,1.0,0.5,0.5
7432,2,1,1,0.5,0.5,0.5
7433,3,3,3,1.0,1.0,1.0
7434,1,1,1,1.0,1.0,1.0
7435,3,1,1,0.3333,0.3333,0.3333
7436,2,2,1,1.0,0.5,0.5
7437,1,1,1,1.0,1.0,1.0
7438,1,1,1,1.0,1.0,1.0
7439,2,2,1,1.0,0.5,0.5
7440,1,1,1,1.0,1.0,1.0
7441,2,2,2,1.0,1.0,1.0
7442,2,2,2,1.0,1.0,1.0
7443,1,1,0,1.0,0.0,0.0
7444,2,1,0,0.5,0.0,0.0
7445,2,2,1,1.0,0.5,0.5
7446,2,2,1,1.0,0.5,0.5
7447,1,1,1,1.0,1.0,1.0
7448,3,2,1,0.6667,0.3333,0.3333
7449,3,2,1,0.6667,0.3333,0.3333
7450,2,2,0,1.0,0.0,0.0
7451,2,2,2,1.0,1.0,1.0
7452,2,2,1,1.0,0.5,0.5
7453,2,2,2,1.0,1.0,1.0
7454,3,1,1,0.3333,0.3333,0.3333
7455,3,2,1,0.6667,0.3333,0.3333
7456,3,2,1,0.6667,0.3333,0.3333
7457,2,2,1,1.0,0.5,0.5
7458,2,2,1,1.0,0.5,0.5
7459,2,2,2,1.0,1.0,1.0
7460,3,2,0,0.6667,0.0,0.0
7461,2,2,2,1.0,1.0,1.0
7462,2,1,1,0.5,0.5,0.5
7463,3,2,2,0.6667,0.6667,0.6667
7464,2,2,0,1.0,0.0,0.0
7465,2,1,1,0.5,0.5,0.5
7466,3,3,2,1.0,0.6667,0.6667
7467,3,3,1,1.0,0.3333,0.3333
7468,2,1,0,0.5,0.0,0.0
7469,3,3,1,1.0,0.3333,0.3333
7470,1,1,0,1.0,0.0,0.0
7471,2,1,1,0.5,0.5,0.5
7472,3,3,2,1.0,0.6667,0.6667
7473,1,0,0,0.0,0.0,0.0
7474,2,2,2,1.0,1.0,1.0
7475,1,0,0,0.0,0.0,0.0
7476,1,1,1,1.0,1.0,1.0
7477,2,2,2,1.0,1.0,1.0
7478,2,2,2,1.0,1.0,1.0
7479,1,1,1,1.0,1.0,1.0
7480,1,1,1,1.0,1.0,1.0
7481,3,3,2,1.0,0.6667,0.6667
7482,3,1,0,0.3333,0.0,0.0
7483,3,3,2,1.0,0.6667,0.6667
7484,2,2,2,1.0,1.0,1.0
7485,1,1,0,1.0,0.0,0.0
7486,2,2,2,1.0,1.0,1.0
7487,3,1,1,0.3333,0.3333,0.3333
7488,3,2,2,0.6667,0.6667,0.6667
7489,2,2,2,1.0,1.0,1.0
7490,3,3,2,1.0,0.6667,0.6667
7491,2,2,2,1.0,1.0,1.0
7492,3,3,2,1.0,0.6667,0.6667
7493,3,3,2,1.0,0.6667,0.6667
7494,2,1,1,0.5,0.5,0.5
7495,3,2,1,0.6667,0.3333,0.3333
7496,2,2,1,1.0,0.5,0.5
7497,2,2,1,1.0,0.5,0.5
7498,2,2,0,1.0,0.0,0.0
7499,1,1,1,1.0,1.0,1.0
7500,1,1,0,1.0,0.0,0.0
7501,2,2,1,1.0,0.5,0.5
7502,1,1,0,1.0,0.0,0.0
7503,1,0,0,0.0,0.0,0.0
7504,3,1,1,0.3333,0.3333,0.3333
7505,3,2,1,0.6667,0.3333,0.3333
7506,1,1,1,1.0,1.0,1.0
7507,3,3,2,1.0,0.6667,0.6667
7508,3,3,1,1.0,0.3333,0.3333
7509,1,0,0,0.0,0.0,0.0
7510,3,3,3,1.0,1.0,1.0
7511,1,1,1,1.0,1.0,1.0
7512,1,1,1,1.0,1.0,1.0
7513,1,0,0,0.0,0.0,0.0
7514,2,2,2,1.0,1.0,1.0
7515,1,1,0,1.0,0.0,0.0
7516,3,1,1,0.3333,0.3333,0.3333
7517,2,2,1,1.0,0.5,0.5
7518,2,2,2,1.0,1.0,1.0
7519,1,1,1,1.0,1.0,1.0
7520,2,2,1,1.0,0.5,0.5
7521,1,1,1,1.0,1.0,1.0
7522,2,2,1,1.0,0.5,0.5
7523,1,1,1,1.0,1.0,1.0
7524,3,2,0,0.6667,0.0,0.0
7525,3,3,2,1.0,0.6667,0.6667
7526,2,2,2,1.0,1.0,1.0
7527,2,2,2,1.0,1.0,1.0
7528,2,2,1,1.0,0.5,0.5
7529,2,2,2,1.0,1.0,1.0
7530,1,0,0,0.0,0.0,0.0
7531,1,1,1,1.0,1.0,1.0
7532,3,3,2,1.0,0.6667,0.6667
7533,2,2,1,1.0,0.5,0.5
7534,2,1,0,0.5,0.0,0.0
7535,2,2,1,1.0,0.5,0.5
7536,3,3,3,1.0,1.0,1.0
7537,3,2,1,0.6667,0.3333,0.3333
7538,3,3,2,1.0,0.6667,0.6667
7539,2,1,1,0.5,0.5,0.5
7540,1,0,0,0.0,0.0,0.0
7541,2,2,1,1.0,0.5,0.5
7542,2,2,2,1.0,1.0,1.0
7543,1,1,1,1.0,1.0,1.0
7544,1,1,1,1.0,1.0,1.0
7545,2,2,1,1.0,0.5,0.5
7546,2,2,2,1.0,1.0,1.0
7547,2,2,2,1.0,1.0,1.0
7548,2,1,1,0.5,0.5,0.5
7549,1,1,0,1.0,0.0,0.0
7550,3,3,1,1.0,0.3333,0.3333
7551,2,2,2,1.0,1.0,1.0
7552,2,2,2,1.0,1.0,1.0
7553,2,2,2,1.0,1.0,1.0
7554,1,1,1,1.0,1.0,1.0
7555,3,3,1,1.0,0.3333,0.3333
7556,2,2,1,1.0,0.5,0.5
7557,3,3,2,1.0,0.6667,0.6667
7558,3,3,2,1.0,0.6667,0.6667
7559,1,0,0,0.0,0.0,0.0
7560,1,1,1,1.0,1.0,1.0
7561,2,2,1,1.0,0.5,0.5
7562,1,0,0,0.0,0.0,0.0
7563,3,2,1,0.6667,0.3333,0.3333
7564,1,1,1,1.0,1.0,1.0
7565,2,2,1,1.0,0.5,0.5
7566,1,1,1,1.0,1.0,1.0
7567,1,1,1,1.0,1.0,1.0
7568,3,2,0,0.6667,0.0,0.0
7569,1,0,0,0.0,0.0,0.0
7570,3,3,2,1.0,0.6667,0.6667
7571,3,3,1,1.0,0.3333,0.3333
7572,3,3,1,1.0,0.3333,0.3333
7573,2,2,1,1.0,0.5,0.5
7574,2,2,2,1.0,1.0,1.0
7575,2,2,1,1.0,0.5,0.5
7576,3,3,2,1.0,0.6667,0.6667
7577,1,1,0,1.0,0.0,0.0
7578,3,3,1,1.0,0.3333,0.3333
7579,2,1,1,0.5,0.5,0.5
7580,2,2,2,1.0,1.0,1.0
7581,3,2,1,0.6667,0.3333,0.3333
7582,2,2,1,1.0,0.5,0.5
7583,2,2,0,1.0,0.0,0.0
7584,1,1,1,1.0,1.0,1.0
7585,3,3,2,1.0,0.6667,0.6667
7586,1,0,0,0.0,0.0,0.0
7587,3,3,2,1.0,0.6667,0.6667
7588,2,2,2,1.0,1.0,1.0
7589,1,1,1,1.0,1.0,1.0
7590,1,1,1,1.0,1.0,1.0
7591,1,1,1,1.0,1.0,1.0
7592,1,1,1,1.0,1.0,1.0
7593,2,0,0,0.0,0.0,0.0
7594,3,3,2,1.0,0.6667,0.6667
7595,2,2,2,1.0,1.0,1.0
7596,1,1,0,1.0,0.0,0.0
7597,3,3,2,1.0,0.6667,0.6667
7598,1,0,0,0.0,0.0,0.0
7599,2,2,2,1.0,1.0,1.0
7600,2,2,2,1.0,1.0,1.0
7601,3,3,3,1.0,1.0,1.0
7602,2,0,0,0.0,0.0,0.0
7603,1,1,1,1.0,1.0,1.0
7604,3,3,2,1.0,0.6667,0.6667
7605,3,3,0,1.0,0.0,0.0
7606,3,2,1,0.6667,0.3333,0.3333
7607,1,0,0,0.0,0.0,0.0
7608,1,1,1,1.0,1.0,1.0
7609,2,1,0,0.5,0.0,0.0
7610,2,1,1,0.5,0.5,0.5
7611,2,1,1,0.5,0.5,0.5
7612,1,0,0,0.0,0.0,0.0
7613,3,3,1,1.0,0.3333,0.3333
7614,1,1,1,1.0,1.0,1.0
7615,1,1,1,1.0,1.0,1.0
7616,3,2,0,0.6667,0.0,0.0
7617,3,3,3,1.0,1.0,1.0
7618,1,1,0,1.0,0.0,0.0
7619,3,2,1,0.6667,0.3333,0.3333
7620,3,3,3,1.0,1.0,1.0
7621,2,2,2,1.0,1.0,1.0
7622,1,1,0,1.0,0.0,0.0
7623,2,0,0,0.0,0.0,0.0
7624,2,1,0,0.5,0.0,0.0
7625,1,1,1,1.0,1.0,1.0
7626,1,1,1,1.0,1.0,1.0
7627,3,1,0,0.3333,0.0,0.0
7628,1,1,0,1.0,0.0,0.0
7629,3,3,1,1.0,0.3333,0.3333
7630,2,2,2,1.0,1.0,1.0
7631,2,1,0,0.5,0.0,0.0
7632,2,2,2,1.0,1.0,1.0
7633,2,2,0,1.0,0.0,0.0
7634,2,2,0,1.0,0.0,0.0
7635,3,3,1,1.0,0.3333,0.3333
7636,1,1,0,1.0,0.0,0.0
7637,2,1,1,0.5,0.5,0.5
7638,3,2,1,0.6667,0.3333,0.3333
7639,1,1,0,1.0,0.0,0.0
7640,3,3,0,1.0,0.0,0.0
7641,3,2,1,0.6667,0.3333,0.3333
7642,2,1,0,0.5,0.0,0.0
7643,1,1,1,1.0,1.0,1.0
7644,2,2,1,1.0,0.5,0.5
7645,1,1,1,1.0,1.0,1.0
7646,1,0,0,0.0,0.0,0.0
7647,2,2,1,1.0,0.5,0.5
7648,1,1,0,1.0,0.0,0.0
7649,3,3,1,1.0,0.3333,0.3333
7650,3,2,2,0.6667,0.6667,0.6667
7651,2,2,0,1.0,0.0,0.0
7652,2,2,1,1.0,0.5,0.5
7653,2,2,2,1.0,1.0,1.0
7654,2,1,1,0.5,0.5,0.5
7655,2,1,0,0.5,0.0,0.0
7656,1,1,1,1.0,1.0,1.0
7657,3,2,1,0.6667,0.3333,0.3333
7658,1,1,1,1.0,1.0,1.0
7659,1,1,1,1.0,1.0,1.0
7660,3,2,2,0.6667,0.6667,0.6667
7661,2,2,2,1.0,1.0,1.0
7662,2,2,2,1.0,1.0,1.0
7663,1,0,0,0.0,0.0,0.0
7664,1,0,0,0.0,0.0,0.0
7665,3,3,2,1.0,0.6667,0.6667
7666,1,1,0,1.0,0.0,0.0
7667,3,2,0,0.6667,0.0,0.0
7668,2,2,2,1.0,1.0,1.0
7669,2,1,1,0.5,0.5,0.5
7670,3,3,3,1.0,1.0,1.0
7671,2,2,2,1.0,1.0,1.0
7672,1,1,1,1.0,1.0,1.0
7673,2,2,2,1.0,1.0,1.0
7674,1,1,1,1.0,1.0,1.0
7675,2,2,2,1.0,1.0,1.0
7676,1,1,1,1.0,1.0,1.0
7677,1,1,1,1.0,1.0,1.0
7678,1,1,1,1.0,1.0,1.0
7679,3,2,2,0.6667,0.6667,0.6667
7680,2,2,2,1.0,1.0,1.0
7681,2,2,1,1.0,0.5,0.5
7682,3,3,3,1.0,1.0,1.0
7683,3,1,1,0.3333,0.3333,0.3333
7684,1,1,0,1.0,0.0,0.0
7685,2,2,2,1.0,1.0,1.0
7686,1,1,0,1.0,0.0,0.0
7687,3,2,1,0.6667,0.3333,0.3333
7688,1,1,1,1.0,1.0,1.0
7689,2,1,0,0.5,0.0,0.0
7690,1,1,1,1.0,1.0,1.0
7691,2,2,2,1.0,1.0,1.0
7692,1,1,1,1.0,1.0,1.0
7693,2,2,1,1.0,0.5,0.5
7694,3,3,2,1.0,0.6667,0.6667
7695,3,2,1,0.6667,0.3333,0.3333
7696,1,1,1,1.0,1.0,1.0
7697,3,2,1,0.6667,0.3333,0.3333
7698,1,1,1,1.0,1.0,1.0
7699,1,1,0,1.0,0.0,0.0
7700,2,1,0,0.5,0.0,0.0
7701,1,1,1,1.0,1.0,1.0
7702,2,2,2,1.0,1.0,1.0
7703,1,1,0,1.0,0.0,0.0
7704,2,2,2,1.0,1.0,1.0
7705,3,3,2,1.0,0.6667,0.6667
7706,3,3,2,1.0,0.6667,0.6667
7707,3,3,1,1.0,0.3333,0.3333
7708,2,1,1,0.5,0.5,0.5
7709,3,3,3,1.0,1.0,1.0
7710,2,1,1,0.5,0.5,0.5
7711,1,1,1,1.0,1.0,1.0
7712,3,3,2,1.0,0.6667,0.6667
7713,3,2,1,0.6667,0.3333,0.3333
7714,2,2,2,1.0,1.0,1.0
7715,2,2,2,1.0,1.0,1.0
7716,3,3,3,1.0,1.0,1.0
7717,1,1,1,1.0,1.0,1.0
7718,2,2,0,1.0,0.0,0.0
7719,2,2,2,1.0,1.0,1.0
7720,2,1,1,0.5,0.5,0.5
7721,1,1,1,1.0,1.0,1.0
7722,3,3,2,1.0,0.6667,0.6667
7723,2,2,2,1.0,1.0,1.0
7724,2,1,0,0.5,0.0,0.0
7725,3,2,1,0.6667,0.3333,0.3333
7726,3,3,2,1.0,0.6667,0.6667
7727,1,1,1,1.0,1.0,1.0
7728,2,1,1,0.5,0.5,0.5
7729,1,1,1,1.0,1.0,1.0
7730,3,3,3,1.0,1.0,1.0
7731,2,2,1,1.0,0.5,0.5
7732,1,1,1,1.0,1.0,1.0
7733,2,2,2,1.0,1.0,1.0
7734,1,1,1,1.0,1.0,1.0
7735,3,2,1,0.6667,0.3333,0.3333
7736,1,1,0,1.0,0.0,0.0
7737,1,0,0,0.0,0.0,0.0
7738,1,1,1,1.0,1.0,1.0
7739,1,1,0,1.0,0.0,0.0
7740,3,3,1,1.0,0.3333,0.3333
7741,3,3,1,1.0,0.3333,0.3333
7742,2,1,1,0.5,0.5,0.5
7743,2,2,0,1.0,0.0,0.0
7744,1,1,1,1.0,1.0,1.0
7745,3,2,1,0.6667,0.3333,0.3333
7746,1,0,0,0.0,0.0,0.0
7747,1,1,1,1.0,1.0,1.0
7748,1,0,0,0.0,0.0,0.0
7749,1,1,0,1.0,0.0,0.0
7750,3,3,2,1.0,0.6667,0.6667
7751,3,3,2,1.0,0.6667,0.6667
7752,3,3,2,1.0,0.6667,0.6667
7753,2,2,2,1.0,1.0,1.0
7754,2,1,1,0.5,0.5,0.5
7755,1,1,1,1.0,1.0,1.0
7756,1,0,0,0.0,0.0,0.0
7757,1,1,1,1.0,1.0,1.0
7758,3,1,1,0.3333,0.3333,0.3333
7759,3,3,3,1.0,1.0,1.0
7760,2,2,0,1.0,0.0,0.0
7761,3,2,2,0.6667,0.6667,0.6667
7762,2,1,1,0.5,0.5,0.5
7763,1,1,1,1.0,1.0,1.0
7764,1,1,0,1.0,0.0,0.0
7765,2,1,1,0.5,0.5,0.5
7766,1,1,1,1.0,1.0,1.0
7767,1,0,0,0.0,0.0,0.0
7768,3,3,3,1.0,1.0,1.0
7769,3,2,2,0.6667,0.6667,0.6667
7770,2,2,1,1.0,0.5,0.5
7771,2,2,1,1.0,0.5,0.5
7772,2,2,1,1.0,0.5,0.5
7773,2,2,0,1.0,0.0,0.0
7774,1,1,0,1.0,0.0,0.0
7775,2,2,2,1.0,1.0,1.0
7776,1,1,1,1.0,1.0,1.0
7777,2,2,1,1.0,0.5,0.5
7778,2,2,2,1.0,1.0,1.0
7779,3,3,3,1.0,1.0,1.0
7780,3,3,1,1.0,0.3333,0.3333
7781,1,1,1,1.0,1.0,1.0
7782,2,2,0,1.0,0.0,0.0
7783,3,2,1,0.6667,0.3333,0.3333
7784,2,0,0,0.0,0.0,0.0
7785,3,3,1,1.0,0.3333,0.3333
7786,3,3,2,1.0,0.6667,0.6667
7787,3,3,2,1.0,0.6667,0.6667
7788,1,1,1,1.0,1.0,1.0
7789,3,3,1,1.0,0.3333,0.3333
7790,1,0,0,0.0,0.0,0.0
7791,1,1,1,1.0,1.0,1.0
7792,3,2,1,0.6667,0.3333,0.3333
7793,2,2,2,1.0,1.0,1.0
7794,1,1,1,1.0,1.0,1.0
7795,2,2,1,1.0,0.5,0.5
7796,3,2,2,0.6667,0.6667,0.6667
7797,2,1,1,0.5,0.5,0.5
7798,3,3,2,1.0,0.6667,0.6667
7799,3,2,1,0.6667,0.3333,0.3333
7800,1,1,1,1.0,1.0,1.0
7801,3,3,1,1.0,0.3333,0.3333
7802,3,2,1,0.6667,0.3333,0.3333
7803,3,2,1,0.6667,0.3333,0.3333
7804,2,1,1,0.5,0.5,0.5
7805,1,1,0,1.0,0.0,0.0
7806,3,2,2,0.6667,0.6667,0.6667
7807,2,0,0,0.0,0.0,0.0
7808,2,2,2,1.0,1.0,1.0
7809,2,2,0,1.0,0.0,0.0
7810,3,2,2,0.6667,0.6667,0.6667
7811,2,2,2,1.0,1.0,1.0
7812,3,2,1,0.6667,0.3333,0.3333
7813,1,0,0,0.0,0.0,0.0
7814,3,1,1,0.3333,0.3333,0.3333
7815,3,3,3,1.0,1.0,1.0
7816,3,3,1,1.0,0.3333,0.3333
7817,3,3,1,1.0,0.3333,0.3333
7818,2,2,1,1.0,0.5,0.5
7819,2,1,1,0.5,0.5,0.5
7820,1,1,1,1.0,1.0,1.0
7821,2,2,2,1.0,1.0,1.0
7822,1,1,1,1.0,1.0,1.0
7823,3,3,1,1.0,0.3333,0.3333
7824,3,2,2,0.6667,0.6667,0.6667
7825,2,2,0,1.0,0.0,0.0
7826,1,1,1,1.0,1.0,1.0
7827,2,0,0,0.0,0.0,0.0
7828,2,1,1,0.5,0.5,0.5
7829,3,3,2,1.0,0.6667,0.6667
7830,2,2,2,1.0,1.0,1.0
7831,3,3,3,1.0,1.0,1.0
7832,2,1,1,0.5,0.5,0.5
7833,3,3,1,1.0,0.3333,0.3333
7834,1,1,0,1.0,0.0,0.0
7835,1,1,1,1.0,1.0,1.0
7836,1,1,1,1.0,1.0,1.0
7837,3,3,2,1.0,0.6667,0.6667
7838,2,2,2,1.0,1.0,1.0
7839,1,1,0,1.0,0.0,0.0
7840,3,3,3,1.0,1.0,1.0
7841,2,1,0,0.5,0.0,0.0
7842,3,1,1,0.3333,0.3333,0.3333
7843,3,1,0,0.3333,0.0,0.0
7844,3,1,1,0.3333,0.3333,0.3333
7845,3,2,1,0.6667,0.3333,0.3333
7846,1,1,1,1.0,1.0,1.0
7847,3,1,1,0.3333,0.3333,0.3333
7848,2,2,1,1.0,0.5,0.5
7849,2,2,1,1.0,0.5,0.5
7850,1,1,1,1.0,1.0,1.0
7851,2,1,1,0.5,0.5,0.5
7852,2,2,2,1.0,1.0,1.0
7853,2,2,1,1.0,0.5,0.5
7854,2,1,0,0.5,0.0,0.0
7855,3,3,3,1.0,1.0,1.0
7856,3,3,2,1.0,0.6667,0.6667
7857,1,1,1,1.0,1.0,1.0
7858,2,2,1,1.0,0.5,0.5
7859,1,1,1,1.0,1.0,1.0
7860,2,2,2,1.0,1.0,1.0
7861,1,1,1,1.0,1.0,1.0
7862,2,2,2,1.0,1.0,1.0
7863,3,2,2,0.6667,0.6667,0.6667
7864,3,3,2,1.0,0.6667,0.6667
7865,1,1,1,1.0,1.0,1.0
7866,2,2,1,1.0,0.5,0.5
7867,3,3,2,1.0,0.6667,0.6667
7868,2,1,1,0.5,0.5,0.5
7869,2,2,1,1.0,0.5,0.5
7870,2,2,1,1.0,0.5,0.5
7871,2,2,2,1.0,1.0,1.0
7872,2,2,1,1.0,0.5,0.5
7873,1,1,1,1.0,1.0,1.0
7874,3,3,3,1.0,1.0,1.0
7875,1,1,1,1.0,1.0,1.0
7876,2,2,2,1.0,1.0,1.0
7877,3,2,2,0.6667,0.6667,0.6667
7878,1,0,0,0.0,0.0,0.0
7879,1,1,1,1.0,1.0,1.0
7880,2,2,2,1.0,1.0,1.0
7881,3,2,2,0.6667,0.6667,0.6667
7882,2,2,2,1.0,1.0,1.0
7883,3,3,1,1.0,0.3333,0.3333
7884,2,1,1,0.5,0.5,0.5
7885,2,2,2,1.0,1.0,1.0
7886,2,2,1,1.0,0.5,0.5
7887,2,2,2,1.0,1.0,1.0
7888,1,1,1,1.0,1.0,1.0
7889,2,2,1,1.0,0.5,0.5
7890,3,3,3,1.0,1.0,1.0
7891,3,3,3,1.0,1.0,1.0
7892,3,2,1,0.6667,0.3333,0.3333
7893,3,3,1,1.0,0.3333,0.3333
7894,3,2,2,0.6667,0.6667,0.6667
7895,1,1,1,1.0,1.0,1.0
7896,2,2,1,1.0,0.5,0.5
7897,1,1,1,1.0,1.0,1.0
7898,1,1,1,1.0,1.0,1.0
7899,2,2,1,1.0,0.5,0.5
7900,2,1,0,0.5,0.0,0.0
7901,3,3,2,1.0,0.6667,0.6667
7902,3,3,2,1.0,0.6667,0.6667
7903,2,0,0,0.0,0.0,0.0
7904,2,2,1,1.0,0.5,0.5
7905,2,2,0,1.0,0.0,0.0
7906,2,1,1,0.5,0.5,0.5
7907,1,0,0,0.0,0.0,0.0
7908,2,1,1,0.5,0.5,0.5
7909,3,1,0,0.3333,0.0,0.0
7910,2,1,1,0.5,0.5,0.5
7911,3,2,1,0.6667,0.3333,0.3333
7912,2,2,1,1.0,0.5,0.5
7913,1,1,1,1.0,1.0,1.0
7914,1,1,0,1.0,0.0,0.0
7915,2,2,1,1.0,0.5,0.5
7916,2,2,1,1.0,0.5,0.5
7917,1,1,1,1.0,1.0,1.0
7918,3,1,1,0.3333,0.3333,0.3333
7919,3,2,1,0.6667,0.3333,0.3333
7920,1,1,1,1.0,1.0,1.0
7921,1,1,1,1.0,1.0,1.0
7922,2,2,1,1.0,0.5,0.5
7923,1,0,0,0.0,0.0,0.0
7924,1,0,0,0.0,0.0,0.0
7925,2,2,2,1.0,1.0,1.0
7926,1,1,1,1.0,1.0,1.0
7927,2,2,1,1.0,0.5,0.5
7928,1,1,1,1.0,1.0,1.0
7929,1,1,1,1.0,1.0,1.0
7930,3,3,3,1.0,1.0,1.0
7931,3,2,0,0.6667,0.0,0.0
7932,1,1,1,1.0,1.0,1.0
7933,1,1,0,1.0,0.0,0.0
7934,2,1,1,0.5,0.5,0.5
7935,2,2,2,1.0,1.0,1.0
7936,3,3,3,1.0,1.0,1.0
7937,3,1,1,0.3333,0.3333,0.3333
7938,2,2,1,1.0,0.5,0.5
7939,1,1,1,1.0,1.0,1.0
7940,3,3,2,1.0,0.6667,0.6667
7941,2,2,2,1.0,1.0,1.0
7942,2,2,2,1.0,1.0,1.0
7943,3,3,2,1.0,0.6667,0.6667
7944,3,2,0,0.6667,0.0,0.0
7945,3,3,2,1.0,0.6667,0.6667
7946,2,2,2,1.0,1.0,1.0
7947,2,1,1,0.5,0.5,0.5
7948,1,1,1,1.0,1.0,1.0
7949,2,2,2,1.0,1.0,1.0
7950,2,2,2,1.0,1.0,1.0
7951,2,2,1,1.0,0.5,0.5
7952,2,2,2,1.0,1.0,1.0
7953,2,2,2,1.0,1.0,1.0
7954,3,3,2,1.0,0.6667,0.6667
7955,3,3,2,1.0,0.6667,0.6667
7956,3,2,1,0.6667,0.3333,0.3333
7957,3,3,2,1.0,0.6667,0.6667
7958,2,2,2,1.0,1.0,1.0
7959,3,2,0,0.6667,0.0,0.0
7960,2,2,2,1.0,1.0,1.0
7961,2,2,2,1.0,1.0,1.0
7962,2,2,2,1.0,1.0,1.0
7963,3,2,2,0.6667,0.6667,0.6667
7964,2,1,1,0.5,0.5,0.5
7965,1,1,0,1.0,0.0,0.0
7966,3,3,1,1.0,0.3333,0.3333
7967,3,3,2,1.0,0.6667,0.6667
7968,2,2,2,1.0,1.0,1.0
7969,2,2,1,1.0,0.5,0.5
7970,1,1,1,1.0,1.0,1.0
7971,2,2,2,1.0,1.0,1.0
7972,3,2,2,0.6667,0.6667,0.6667
7973,1,1,1,1.0,1.0,1.0
7974,2,2,1,1.0,0.5,0.5
7975,2,1,1,0.5,0.5,0.5
7976,2,2,2,1.0,1.0,1.0
7977,2,2,2,1.0,1.0,1.0
7978,1,1,1,1.0,1.0,1.0
7979,2,2,2,1.0,1.0,1.0
7980,1,1,1,1.0,1.0,1.0
7981,1,1,0,1.0,0.0,0.0
7982,1,1,1,1.0,1.0,1.0
7983,2,1,0,0.5,0.0,0.0
7984,1,1,1,1.0,1.0,1.0
7985,2,2,2,1.0,1.0,1.0
7986,1,0,0,0.0,0.0,0.0
7987,3,2,0,0.6667,0.0,0.0
7988,2,2,2,1.0,1.0,1.0
7989,3,2,2,0.6667,0.6667,0.6667
7990,1,1,1,1.0,1.0,1.0
7991,2,2,1,1.0,0.5,0.5
7992,3,2,1,0.6667,0.3333,0.3333
7993,1,0,0,0.0,0.0,0.0
7994,3,2,1,0.6667,0.3333,0.3333
7995,2,2,0,1.0,0.0,0.0
7996,2,2,2,1.0,1.0,1.0
7997,2,2,1,1.0,0.5,0.5
7998,2,2,0,1.0,0.0,0.0
7999,2,1,1,0.5,0.5,0.5
8000,3,2,0,0.6667,0.0,0.0
8001,2,2,2,1.0,1.0,1.0
8002,2,0,0,0.0,0.0,0.0
8003,2,2,1,1.0,0.5,0.5
8004,1,1,1,1.0,1.0,1.0
8005,3,3,3,1.0,1.0,1.0
8006,2,2,1,1.0,0.5,0.5
8007,2,2,0,1.0,0.0,0.0
8008,3,3,3,1.0,1.0,1.0
8009,2,1,1,0.5,0.5,0.5
8010,2,2,1,1.0,0.5,0.5
8011,3,3,2,1.0,0.6667,0.6667
8012,3,2,2,0.6667,0.6667,0.6667
8013,3,3,1,1.0,0.3333,0.3333
8014,2,1,1,0.5,0.5,0.5
8015,1,0,0,0.0,0.0,0.0
8016,1,1,1,1.0,1.0,1.0
8017,2,2,1,1.0,0.5,0.5
8018,2,2,2,1.0,1.0,1.0
8019,2,2,2,1.0,1.0,1.0
8020,2,1,0,0.5,0.0,0.0
8021,2,1,1,0.5,0.5,0.5
8022,1,1,1,1.0,1.0,1.0
8023,2,1,1,0.5,0.5,0.5
8024,2,2,1,1.0,0.5,0.5
8025,3,3,3,1.0,1.0,1.0
8026,2,2,1,1.0,0.5,0.5
8027,1,1,0,1.0,0.0,0.0
8028,2,1,1,0.5,0.5,0.5
8029,2,1,0,0.5,0.0,0.0
8030,2,1,1,0.5,0.5,0.5
8031,1,0,0,0.0,0.0,0.0
8032,3,2,2,0.6667,0.6667,0.6667
8033,2,1,1,0.5,0.5,0.5
8034,2,2,1,1.0,0.5,0.5
8035,2,2,2,1.0,1.0,1.0
8036,2,2,1,1.0,0.5,0.5
8037,1,1,1,1.0,1.0,1.0
8038,2,2,2,1.0,1.0,1.0
8039,3,3,3,1.0,1.0,1.0
8040,3,3,3,1.0,1.0,1.0
8041,2,2,2,1.0,1.0,1.0
8042,2,2,2,1.0,1.0,1.0
8043,3,3,2,1.0,0.6667,0.6667
8044,2,2,1,1.0,0.5,0.5
8045,1,1,0,1.0,0.0,0.0
8046,3,3,3,1.0,1.0,1.0
8047,2,2,1,1.0,0.5,0.5
8048,1,1,1,1.0,1.0,1.0
8049,1,1,0,1.0,0.0,0.0
8050,2,2,1,1.0,0.5,0.5
8051,3,2,1,0.6667,0.3333,0.3333
8052,1,1,1,1.0,1.0,1.0
8053,3,2,2,0.6667,0.6667,0.6667
8054,3,3,3,1.0,1.0,1.0
8055,2,2,1,1.0,0.5,0.5
8056,2,2,2,1.0,1.0,1.0
8057,1,1,1,1.0,1.0,1.0
8058,1,1,1,1.0,1.0,1.0
8059,2,1,1,0.5,0.5,0.5
8060,2,2,1,1.0,0.5,0.5
8061,1,1,1,1.0,1.0,1.0
8062,3,3,2,1.0,0.6667,0.6667
8063,3,2,1,0.6667,0.3333,0.3333
8064,3,2,1,0.6667,0.3333,0.3333
8065,2,2,1,1.0,0.5,0.5
8066,3,3,3,1.0,1.0,1.0
8067,3,2,1,0.6667,0.3333,0.3333
8068,3,3,1,1.0,0.3333,0.3333
8069,1,1,1,1.0,1.0,1.0
8070,1,1,1,1.0,1.0,1.0
8071,3,2,0,0.6667,0.0,0.0
8072,2,0,0,0.0,0.0,0.0
8073,3,3,3,1.0,1.0,1.0
8074,1,1,0,1.0,0.0,0.0
8075,3,3,1,1.0,0.3333,0.3333
8076,1,1,0,1.0,0.0,0.0
8077,3,2,2,0.6667,0.6667,0.6667
8078,3,3,2,1.0,0.6667,0.6667
8079,3,3,1,1.0,0.3333,0.3333
8080,2,1,1,0.5,0.5,0.5
8081,2,1,1,0.5,0.5,0.5
8082,1,1,1,1.0,1.0,1.0
8083,3,2,1,0.6667,0.3333,0.3333
8084,2,2,2,1.0,1.0,1.0
8085,1,1,0,1.0,0.0,0.0
8086,3,2,0,0.6667,0.0,0.0
8087,2,2,2,1.0,1.0,1.0
8088,2,2,1,1.0,0.5,0.5
8089,1,1,0,1.0,0.0,0.0
8090,2,2,1,1.0,0.5,0.5
8091,3,3,3,1.0,1.0,1.0
8092,2,0,0,0.0,0.0,0.0
8093,2,1,0,0.5,0.0,0.0
8094,3,2,1,0.6667,0.3333,0.3333
8095,2,1,1,0.5,0.5,0.5
8096,2,2,2,1.0,1.0,1.0
8097,1,1,0,1.0,0.0,0.0
8098,3,2,1,0.6667,0.3333,0.3333
8099,2,2,1,1.0,0.5,0.5
8100,2,2,1,1.0,0.5,0.5
8101,1,1,1,1.0,1.0,1.0
8102,1,1,0,1.0,0.0,0.0
8103,1,1,1,1.0,1.0,1.0
8104,1,1,1,1.0,1.0,1.0
8105,2,1,1,0.5,0.5,0.5
8106,3,2,2,0.6667,0.6667,0.6667
8107,1,1,1,1.0,1.0,1.0
8108,2,1,0,0.5,0.0,0.0
8109,3,1,0,0.3333,0.0,0.0
8110,3,3,2,1.0,0.6667,0.6667
8111,3,1,0,0.3333,0.0,0.0
8112,3,2,1,0.6667,0.3333,0.3333
8113,1,1,1,1.0,1.0,1.0
8114,2,1,1,0.5,0.5,0.5
8115,2,2,1,1.0,0.5,0.5
8116,3,3,2,1.0,0.6667,0.6667
8117,2,2,1,1.0,0.5,0.5
8118,1,1,1,1.0,1.0,1.0
8119,2,1,0,0.5,0.0,0.0
8120,3,2,1,0.6667,0.3333,0.3333
8121,3,3,1,1.0,0.3333,0.3333
8122,2,1,0,0.5,0.0,0.0
8123,3,3,1,1.0,0.3333,0.3333
8124,1,1,1,1.0,1.0,1.0
8125,2,1,0,0.5,0.0,0.0
8126,2,2,2,1.0,1.0,1.0
8127,3,2,2,0.6667,0.6667,0.6667
8128,3,3,2,1.0,0.6667,0.6667
8129,2,2,0,1.0,0.0,0.0
8130,3,3,2,1.0,0.6667,0.6667
8131,2,2,2,1.0,1.0,1.0
8132,1,1,1,1.0,1.0,1.0
8133,2,2,2,1.0,1.0,1.0
8134,3,3,2,1.0,0.6667,0.6667
8135,3,3,2,1.0,0.6667,0.6667
8136,3,2,0,0.6667,0.0,0.0
8137,2,2,2,1.0,1.0,1.0
8138,2,2,1,1.0,0.5,0.5
8139,2,2,2,1.0,1.0,1.0
8140,2,2,2,1.0,1.0,1.0
8141,3,2,2,0.6667,0.6667,0.6667
8142,2,2,1,1.0,0.5,0.5
8143,2,1,1,0.5,0.5,0.5
8144,1,1,0,1.0,0.0,0.0
8145,3,3,0,1.0,0.0,0.0
8146,2,2,1,1.0,0.5,0.5
8147,2,2,0,1.0,0.0,0.0
8148,1,1,1,1.0,1.0,1.0
8149,2,2,1,1.0,0.5,0.5
8150,1,1,1,1.0,1.0,1.0
8151,1,1,1,1.0,1.0,1.0
8152,1,0,0,0.0,0.0,0.0
8153,2,2,2,1.0,1.0,1.0
8154,3,3,3,1.0,1.0,1.0
8155,2,2,2,1.0,1.0,1.0
8156,1,1,1,1.0,1.0,1.0
8157,1,1,0,1.0,0.0,0.0
8158,3,3,2,1.0,0.6667,0.6667
8159,1,1,0,1.0,0.0,0.0
8160,2,2,2,1.0,1.0,1.0
8161,1,1,1,1.0,1.0,1.0
8162,2,2,0,1.0,0.0,0.0
8163,1,0,0,0.0,0.0,0.0
8164,2,1,0,0.5,0.0,0.0
8165,1,1,0,1.0,0.0,0.0
8166,3,3,3,1.0,1.0,1.0
8167,2,2,2,1.0,1.0,1.0
8168,2,0,0,0.0,0.0,0.0
8169,2,1,0,0.5,0.0,0.0
8170,2,2,2,1.0,1.0,1.0
8171,2,2,0,1.0,0.0,0.0
8172,2,2,1,1.0,0.5,0.5
8173,1,1,0,1.0,0.0,0.0
8174,2,2,1,1.0,0.5,0.5
8175,2,2,2,1.0,1.0,1.0
8176,3,2,2,0.6667,0.6667,0.6667
8177,1,1,1,1.0,1.0,1.0
8178,2,2,2,1.0,1.0,1.0
8179,2,1,1,0.5,0.5,0.5
8180,1,1,0,1.0,0.0,0.0
8181,1,1,1,1.0,1.0,1.0
8182,2,0,0,0.0,0.0,0.0
8183,2,2,2,1.0,1.0,1.0
8184,3,3,1,1.0,0.3333,0.3333
8185,3,3,2,1.0,0.6667,0.6667
8186,1,1,1,1.0,1.0,1.0
8187,2,1,0,0.5,0.0,0.0
8188,1,1,1,1.0,1.0,1.0
8189,2,2,2,1.0,1.0,1.0
8190,1,1,1,1.0,1.0,1.0
8191,1,1,1,1.0,1.0,1.0
8192,3,3,1,1.0,0.3333,0.3333
8193,2,2,1,1.0,0.5,0.5
8194,3,2,0,0.6667,0.0,0.0
8195,2,2,2,1.0,1.0,1.0
8196,2,1,1,0.5,0.5,0.5
8197,1,1,1,1.0,1.0,1.0
8198,1,0,0,0.0,0.0,0.0
8199,2,2,1,1.0,0.5,0.5
8200,2,2,2,1.0,1.0,1.0
8201,3,2,0,0.6667,0.0,0.0
8202,3,2,1,0.6667,0.3333,0.3333
8203,3,3,2,1.0,0.6667,0.6667
8204,1,1,1,1.0,1.0,1.0
8205,3,2,2,0.6667,0.6667,0.6667
8206,2,2,2,1.0,1.0,1.0
8207,2,2,1,1.0,0.5,0.5
8208,1,1,1,1.0,1.0,1.0
8209,3,2,1,0.6667,0.3333,0.3333
8210,2,2,2,1.0,1.0,1.0
8211,1,1,0,1.0,0.0,0.0
8212,1,0,0,0.0,0.0,0.0
8213,3,3,3,1.0,1.0,1.0
8214,3,3,2,1.0,0.6667,0.6667
8215,1,1,1,1.0,1.0,1.0
8216,3,2,1,0.6667,0.3333,0.3333
8217,1,1,1,1.0,1.0,1.0
8218,1,1,1,1.0,1.0,1.0
8219,2,2,1,1.0,0.5,0.5
8220,1,1,0,1.0,0.0,0.0
8221,2,2,2,1.0,1.0,1.0
8222,2,2,1,1.0,0.5,0.5
8223,1,1,1,1.0,1.0,1.0
8224,3,2,1,0.6667,0.3333,0.3333
8225,3,3,2,1.0,0.6667,0.6667
8226,3,3,2,1.0,0.6667,0.6667
8227,1,1,1,1.0,1.0,1.0
8228,1,1,1,1.0,1.0,1.0
8229,1,1,1,1.0,1.0,1.0
8230,1,1,1,1.0,1.0,1.0
8231,3,2,1,0.6667,0.3333,0.3333
8232,3,3,1,1.0,0.3333,0.3333
8233,1,1,1,1.0,1.0,1.0
8234,1,1,0,1.0,0.0,0.0
8235,3,3,1,1.0,0.3333,0.3333
8236,3,3,2,1.0,0.6667,0.6667
8237,2,2,1,1.0,0.5,0.5
8238,3,3,1,1.0,0.3333,0.3333
8239,2,1,0,0.5,0.0,0.0
8240,3,2,1,0.6667,0.3333,0.3333
8241,3,3,3,1.0,1.0,1.0
8242,3,3,2,1.0,0.6667,0.6667
8243,2,2,2,1.0,1.0,1.0
8244,3,3,3,1.0,1.0,1.0
8245,3,3,1,1.0,0.3333,0.3333
8246,1,1,1,1.0,1.0,1.0
8247,1,1,1,1.0,1.0,1.0
8248,3,3,3,1.0,1.0,1.0
8249,3,2,2,0.6667,0.6667,0.6667
8250,2,2,2,1.0,1.0,1.0
8251,2,1,1,0.5,0.5,0.5
8252,1,1,1,1.0,1.0,1.0
8253,1,1,1,1.0,1.0,1.0
8254,3,3,1,1.0,0.3333,0.3333
8255,2,2,0,1.0,0.0,0.0
8256,2,2,1,1.0,0.5,0.5
8257,1,1,1,1.0,1.0,1.0
8258,3,3,2,1.0,0.6667,0.6667
8259,2,2,1,1.0,0.5,0.5
8260,3,3,2,1.0,0.6667,0.6667
8261,3,3,3,1.0,1.0,1.0
8262,3,3,2,1.0,0.6667,0.6667
8263,1,1,1,1.0,1.0,1.0
8264,1,1,1,1.0,1.0,1.0
8265,2,2,2,1.0,1.0,1.0
8266,1,1,0,1.0,0.0,0.0
8267,2,2,1,1.0,0.5,0.5
8268,3,1,1,0.3333,0.3333,0.3333
8269,1,1,1,1.0,1.0,1.0
8270,2,2,1,1.0,0.5,0.5
8271,2,2,1,1.0,0.5,0.5
8272,2,2,1,1.0,0.5,0.5
8273,1,1,1,1.0,1.0,1.0
8274,3,3,2,1.0,0.6667,0.6667
8275,2,2,2,1.0,1.0,1.0
8276,2,1,1,0.5,0.5,0.5
8277,2,2,2,1.0,1.0,1.0
8278,1,1,0,1.0,0.0,0.0
8279,2,1,1,0.5,0.5,0.5
8280,2,1,0,0.5,0.0,0.0
8281,1,1,1,1.0,1.0,1.0
8282,2,2,2,1.0,1.0,1.0
8283,2,2,1,1.0,0.5,0.5
8284,3,2,1,0.6667,0.3333,0.3333
8285,1,1,1,1.0,1.0,1.0
8286,3,3,0,1.0,0.0,0.0
8287,2,2,2,1.0,1.0,1.0
8288,2,2,1,1.0,0.5,0.5
8289,2,2,2,1.0,1.0,1.0
8290,2,1,0,0.5,0.0,0.0
8291,2,2,2,1.0,1.0,1.0
8292,1,1,1,1.0,1.0,1.0
8293,3,3,3,1.0,1.0,1.0
8294,3,3,1,1.0,0.3333,0.3333
8295,2,2,2,1.0,1.0,1.0
8296,1,1,1,1.0,1.0,1.0
8297,2,2,1,1.0,0.5,0.5
8298,2,2,1,1.0,0.5,0.5
8299,3,3,3,1.0,1.0,1.0
8300,2,2,2,1.0,1.0,1.0
8301,2,1,1,0.5,0.5,0.5
8302,2,2,2,1.0,1.0,1.0
8303,1,1,0,1.0,0.0,0.0
8304,1,1,1,1.0,1.0,1.0
8305,2,2,2,1.0,1.0,1.0
8306,3,3,2,1.0,0.6667,0.6667
8307,3,2,1,0.6667,0.3333,0.3333
8308,2,2,2,1.0,1.0,1.0
8309,1,1,0,1.0,0.0,0.0
8310,1,1,1,1.0,1.0,1.0
8311,2,1,1,0.5,0.5,0.5
8312,2,1,1,0.5,0.5,0.5
8313,3,3,2,1.0,0.6667,0.6667
8314,1,1,1,1.0,1.0,1.0
8315,3,2,0,0.6667,0.0,0.0
8316,3,1,1,0.3333,0.3333,0.3333
8317,1,1,1,1.0,1.0,1.0
8318,1,1,1,1.0,1.0,1.0
8319,1,0,0,0.0,0.0,0.0
8320,2,2,1,1.0,0.5,0.5
8321,2,2,0,1.0,0.0,0.0
8322,3,2,0,0.6667,0.0,0.0
8323,1,1,1,1.0,1.0,1.0
8324,2,1,1,0.5,0.5,0.5
8325,2,2,1,1.0,0.5,0.5
8326,3,3,2,1.0,0.6667,0.6667
8327,3,2,1,0.6667,0.3333,0.3333
8328,1,1,1,1.0,1.0,1.0
8329,1,0,0,0.0,0.0,0.0
8330,1,1,1,1.0,1.0,1.0
8331,1,1,1,1.0,1.0,1.0
8332,1,1,1,1.0,1.0,1.0
8333,2,1,0,0.5,0.0,0.0
8334,3,2,1,0.6667,0.3333,0.3333
8335,3,3,2,1.0,0.6667,0.6667
8336,3,3,2,1.0,0.6667,0.6667
8337,1,0,0,0.0,0.0,0.0
8338,2,1,1,0.5,0.5,0.5
8339,2,1,0,0.5,0.0,0.0
8340,3,2,2,0.6667,0.6667,0.6667
8341,3,3,2,1.0,0.6667,0.6667
8342,2,1,1,0.5,0.5,0.5
8343,3,3,2,1.0,0.6667,0.6667
8344,3,2,0,0.6667,0.0,0.0
8345,2,2,1,1.0,0.5,0.5
8346,1,1,1,1.0,1.0,1.0
8347,3,2,2,0.6667,0.6667,0.6667
8348,1,1,1,1.0,1.0,1.0
8349,3,2,2,0.6667,0.6667,0.6667
8350,3,2,2,0.6667,0.6667,0.6667
8351,2,2,1,1.0,0.5,0.5
8352,2,2,1,1.0,0.5,0.5
8353,1,1,1,1.0,1.0,1.0
8354,3,3,2,1.0,0.6667,0.6667
8355,1,1,1,1.0,1.0,1.0
8356,2,2,1,1.0,0.5,0.5
8357,3,2,1,0.6667,0.3333,0.3333
8358,1,1,1,1.0,1.0,1.0
8359,2,2,2,1.0,1.0,1.0
8360,1,1,1,1.0,1.0,1.0
8361,2,2,1,1.0,0.5,0.5
8362,3,2,2,0.6667,0.6667,0.6667
8363,1,0,0,0.0,0.0,0.0
8364,2,2,2,1.0,1.0,1.0
8365,2,2,2,1.0,1.0,1.0
8366,2,0,0,0.0,0.0,0.0
8367,2,2,1,1.0,0.5,0.5
8368,2,2,1,1.0,0.5,0.5
8369,3,3,1,1.0,0.3333,0.3333
8370,3,3,1,1.0,0.3333,0.3333
8371,2,1,1,0.5,0.5,0.5
8372,2,1,0,0.5,0.0,0.0
8373,3,2,1,0.6667,0.3333,0.3333
8374,3,2,2,0.6667,0.6667,0.6667
8375,1,1,1,1.0,1.0,1.0
8376,1,1,1,1.0,1.0,1.0
8377,1,1,0,1.0,0.0,0.0
8378,2,2,2,1.0,1.0,1.0
8379,2,2,2,1.0,1.0,1.0
8380,1,1,1,1.0,1.0,1.0
8381,1,1,0,1.0,0.0,0.0
8382,1,1,1,1.0,1.0,1.0
8383,2,2,1,1.0,0.5,0.5
8384,1,1,0,1.0,0.0,0.0
8385,3,2,1,0.6667,0.3333,0.3333
8386,3,3,2,1.0,0.6667,0.6667
8387,3,3,2,1.0,0.6667,0.6667
8388,3,3,3,1.0,1.0,1.0
8389,3,3,2,1.0,0.6667,0.6667
8390,1,1,0,1.0,0.0,0.0
8391,2,2,1,1.0,0.5,0.5
8392,1,1,1,1.0,1.0,1.0
8393,1,1,1,1.0,1.0,1.0
8394,1,1,1,1.0,1.0,1.0
8395,3,3,2,1.0,0.6667,0.6667
8396,3,2,2,0.6667,0.6667,0.6667
8397,2,2,1,1.0,0.5,0.5
8398,3,3,3,1.0,1.0,1.0
8399,2,2,2,1.0,1.0,1.0
8400,1,1,1,1.0,1.0,1.0
8401,3,3,1,1.0,0.3333,0.3333
8402,3,2,1,0.6667,0.3333,0.3333
8403,2,2,1,1.0,0.5,0.5
8404,3,2,1,0.6667,0.3333,0.3333
8405,3,2,0,0.6667,0.0,0.0
8406,3,2,0,0.6667,0.0,0.0
8407,2,2,2,1.0,1.0,1.0
8408,1,1,1,1.0,1.0,1.0
8409,1,1,1,1.0,1.0,1.0
8410,3,3,2,1.0,0.6667,0.6667
8411,2,1,1,0.5,0.5,0.5
8412,3,2,2,0.6667,0.6667,0.6667
8413,1,0,0,0.0,0.0,0.0
8414,1,1,0,1.0,0.0,0.0
8415,2,2,1,1.0,0.5,0.5
8416,1,1,0,1.0,0.0,0.0
8417,1,0,0,0.0,0.0,0.0
8418,3,3,3,1.0,1.0,1.0
8419,3,2,0,0.6667,0.0,0.0
8420,1,1,1,1.0,1.0,1.0
8421,3,2,2,0.6667,0.6667,0.6667
8422,3,2,1,0.6667,0.3333,0.3333
8423,3,3,2,1.0,0.6667,0.6667
8424,3,2,1,0.6667,0.3333,0.3333
8425,1,1,0,1.0,0.0,0.0
8426,2,1,1,0.5,0.5,0.5
8427,1,0,0,0.0,0.0,0.0
8428,2,2,1,1.0,0.5,0.5
8429,3,1,1,0.3333,0.3333,0.3333
8430,2,2,1,1.0,0.5,0.5
8431,2,2,2,1.0,1.0,1.0
8432,2,2,1,1.0,0.5,0.5
8433,1,0,0,0.0,0.0,0.0
8434,2,2,2,1.0,1.0,1.0
8435,3,3,2,1.0,0.6667,0.6667
8436,2,2,1,1.0,0.5,0.5
8437,2,2,2,1.0,1.0,1.0
8438,2,2,2,1.0,1.0,1.0
8439,3,3,1,1.0,0.3333,0.3333
8440,2,1,0,0.5,0.0,0.0
8441,3,3,1,1.0,0.3333,0.3333
8442,1,1,1,1.0,1.0,1.0
8443,2,1,0,0.5,0.0,0.0
8444,2,1,1,0.5,0.5,0.5
8445,2,2,2,1.0,1.0,1.0
8446,2,1,1,0.5,0.5,0.5
8447,1,1,0,1.0,0.0,0.0
8448,1,1,1,1.0,1.0,1.0
8449,2,2,1,1.0,0.5,0.5
8450,2,2,2,1.0,1.0,1.0
8451,3,2,1,0.6667,0.3333,0.3333
8452,3,2,2,0.6667,0.6667,0.6667
8453,3,3,1,1.0,0.3333,0.3333
8454,3,3,2,1.0,0.6667,0.6667
8455,1,1,1,1.0,1.0,1.0
8456,1,1,1,1.0,1.0,1.0
8457,2,2,0,1.0,0.0,0.0
8458,1,1,1,1.0,1.0,1.0
8459,3,3,2,1.0,0.6667,0.6667
8460,2,1,1,0.5,0.5,0.5
8461,2,2,2,1.0,1.0,1.0
8462,1,0,0,0.0,0.0,0.0
8463,1,1,1,1.0,1.0,1.0
8464,2,1,1,0.5,0.5,0.5
8465,2,2,1,1.0,0.5,0.5
8466,2,2,2,1.0,1.0,1.0
8467,1,1,1,1.0,1.0,1.0
8468,1,1,0,1.0,0.0,0.0
8469,3,3,2,1.0,0.6667,0.6667
8470,2,2,2,1.0,1.0,1.0
8471,2,1,1,0.5,0.5,0.5
8472,2,2,0,1.0,0.0,0.0
8473,1,1,1,1.0,1.0,1.0
8474,1,1,1,1.0,1.0,1.0
8475,2,2,2,1.0,1.0,1.0
8476,2,2,2,1.0,1.0,1.0
8477,2,2,0,1.0,0.0,0.0
8478,2,1,1,0.5,0.5,0.5
8479,2,1,1,0.5,0.5,0.5
8480,2,2,1,1.0,0.5,0.5
8481,1,1,1,1.0,1.0,1.0
8482,3,1,1,0.3333,0.3333,0.3333
8483,2,2,1,1.0,0.5,0.5
8484,1,0,0,0.0,0.0,0.0
8485,2,2,1,1.0,0.5,0.5
8486,2,2,2,1.0,1.0,1.0
8487,1,1,1,1.0,1.0,1.0
8488,2,2,2,1.0,1.0,1.0
8489,1,1,1,1.0,1.0,1.0
8490,1,1,0,1.0,0.0,0.0
8491,1,1,0,1.0,0.0,0.0
8492,3,2,2,0.6667,0.6667,0.6667
8493,3,3,3,1.0,1.0,1.0
8494,2,2,1,1.0,0.5,0.5
8495,2,1,1,0.5,0.5,0.5
8496,1,1,0,1.0,0.0,0.0
8497,1,1,0,1.0,0.0,0.0
8498,1,1,1,1.0,1.0,1.0
8499,3,3,2,1.0,0.6667,0.6667
8500,2,1,1,0.5,0.5,0.5
8501,1,0,0,0.0,0.0,0.0
8502,3,3,0,1.0,0.0,0.0
8503,1,1,1,1.0,1.0,1.0
8504,1,1,1,1.0,1.0,1.0
8505,3,3,3,1.0,1.0,1.0
8506,1,1,0,1.0,0.0,0.0
8507,3,3,3,1.0,1.0,1.0
8508,3,2,1,0.6667,0.3333,0.3333
8509,2,1,1,0.5,0.5,0.5
8510,2,1,1,0.5,0.5,0.5
8511,2,2,0,1.0,0.0,0.0
8512,2,1,0,0.5,0.0,0.0
8513,2,2,2,1.0,1.0,1.0
8514,1,1,1,1.0,1.0,1.0
8515,3,3,1,1.0,0.3333,0.3333
8516,1,1,1,1.0,1.0,1.0
8517,1,1,0,1.0,0.0,0.0
8518,1,1,1,1.0,1.0,1.0
8519,2,1,1,0.5,0.5,0.5
8520,1,1,1,1.0,1.0,1.0
8521,3,3,1,1.0,0.3333,0.3333
8522,1,1,0,1.0,0.0,0.0
8523,1,1,1,1.0,1.0,1.0
8524,2,2,2,1.0,1.0,1.0
8525,2,2,2,1.0,1.0,1.0
8526,1,1,0,1.0,0.0,0.0
8527,2,2,2,1.0,1.0,1.0
8528,3,2,1,0.6667,0.3333,0.3333
8529,1,1,1,1.0,1.0,1.0
8530,2,2,2,1.0,1.0,1.0
8531,3,3,3,1.0,1.0,1.0
8532,2,2,2,1.0,1.0,1.0
8533,2,2,1,1.0,0.5,0.5
8534,3,3,2,1.0,0.6667,0.6667
8535,3,3,3,1.0,1.0,1.0
8536,3,1,1,0.3333,0.3333,0.3333
8537,2,2,2,1.0,1.0,1.0
8538,1,1,1,1.0,1.0,1.0
8539,3,2,1,0.6667,0.3333,0.3333
8540,2,1,1,0.5,0.5,0.5
8541,3,3,3,1.0,1.0,1.0
8542,2,1,0,0.5,0.0,0.0
8543,2,2,0,1.0,0.0,0.0
8544,3,3,2,1.0,0.6667,0.6667
8545,2,1,1,0.5,0.5,0.5
8546,2,2,0,1.0,0.0,0.0
8547,3,1,1,0.3333,0.3333,0.3333
8548,3,3,3,1.0,1.0,1.0
8549,2,2,2,1.0,1.0,1.0
8550,3,2,1,0.6667,0.3333,0.3333
8551,1,1,1,1.0,1.0,1.0
8552,3,3,3,1.0,1.0,1.0
8553,3,3,2,1.0,0.6667,0.6667
8554,3,3,2,1.0,0.6667,0.6667
8555,3,3,1,1.0,0.3333,0.3333
8556,3,3,3,1.0,1.0,1.0
8557,3,2,1,0.6667,0.3333,0.3333
8558,3,2,0,0.6667,0.0,0.0
8559,2,2,2,1.0,1.0,1.0
8560,1,1,0,1.0,0.0,0.0
8561,3,3,3,1.0,1.0,1.0
8562,1,1,1,1.0,1.0,1.0
8563,1,1,1,1.0,1.0,1.0
8564,1,1,1,1.0,1.0,1.0
8565,3,3,2,1.0,0.6667,0.6667
8566,1,1,1,1.0,1.0,1.0
8567,2,2,1,1.0,0.5,0.5
8568,3,3,3,1.0,1.0,1.0
8569,1,1,0,1.0,0.0,0.0
8570,3,1,1,0.3333,0.3333,0.3333
8571,3,0,0,0.0,0.0,0.0
8572,3,2,2,0.6667,0.6667,0.6667
8573,1,1,1,1.0,1.0,1.0
8574,2,1,0,0.5,0.0,0.0
8575,1,1,1,1.0,1.0,1.0
8576,3,3,2,1.0,0.6667,0.6667
8577,3,3,1,1.0,0.3333,0.3333
8578,2,1,0,0.5,0.0,0.0
8579,2,1,0,0.5,0.0,0.0
8580,2,2,2,1.0,1.0,1.0
8581,1,0,0,0.0,0.0,0.0
8582,1,1,1,1.0,1.0,1.0
8583,3,2,1,0.6667,0.3333,0.3333
8584,1,1,1,1.0,1.0,1.0
8585,3,1,1,0.3333,0.3333,0.3333
8586,2,2,1,1.0,0.5,0.5
8587,3,1,1,0.3333,0.3333,0.3333
8588,2,2,1,1.0,0.5,0.5
8589,1,0,0,0.0,0.0,0.0
8590,1,1,1,1.0,1.0,1.0
8591,3,3,2,1.0,0.6667,0.6667
8592,3,2,0,0.6667,0.0,0.0
8593,3,3,2,1.0,0.6667,0.6667
8594,1,1,1,1.0,1.0,1.0
8595,3,3,3,1.0,1.0,1.0
8596,2,2,1,1.0,0.5,0.5
8597,2,1,1,0.5,0.5,0.5
8598,2,2,2,1.0,1.0,1.0
8599,2,2,2,1.0,1.0,1.0
8600,1,1,1,1.0,1.0,1.0
8601,1,1,0,1.0,0.0,0.0
8602,2,1,0,0.5,0.0,0.0
8603,1,1,1,1.0,1.0,1.0
8604,2,1,0,0.5,0.0,0.0
8605,3,3,3,1.0,1.0,1.0
8606,2,2,1,1.0,0.5,0.5
8607,3,3,2,1.0,0.6667,0.6667
8608,3,3,3,1.0,1.0,1.0
8609,1,1,0,1.0,0.0,0.0
8610,2,2,2,1.0,1.0,1.0
8611,1,0,0,0.0,0.0,0.0
8612,3,2,1,0.6667,0.3333,0.3333
8613,1,1,1,1.0,1.0,1.0
8614,2,2,2,1.0,1.0,1.0
8615,1,1,0,1.0,0.0,0.0
8616,3,3,3,1.0,1.0,1.0
8617,2,2,2,1.0,1.0,1.0
8618,2,2,2,1.0,1.0,1.0
8619,3,2,1,0.6667,0.3333,0.3333
8620,3,3,0,1.0,0.0,0.0
8621,2,2,2,1.0,1.0,1.0
8622,3,3,0,1.0,0.0,0.0
8623,3,3,2,1.0,0.6667,0.6667
8624,1,1,0,1.0,0.0,0.0
8625,2,2,1,1.0,0.5,0.5
8626,3,2,2,0.6667,0.6667,0.6667
8627,2,2,2,1.0,1.0,1.0
8628,2,2,2,1.0,1.0,1.0
8629,2,2,1,1.0,0.5,0.5
8630,1,1,1,1.0,1.0,1.0
8631,2,2,1,1.0,0.5,0.5
8632,3,3,1,1.0,0.3333,0.3333
8633,3,2,2,0.6667,0.6667,0.6667
8634,3,3,2,1.0,0.6667,0.6667
8635,3,2,1,0.6667,0.3333,0.3333
8636,2,2,1,1.0,0.5,0.5
8637,2,2,2,1.0,1.0,1.0
8638,1,1,1,1.0,1.0,1.0
8639,3,3,2,1.0,0.6667,0.6667
8640,1,1,0,1.0,0.0,0.0
8641,3,3,1,1.0,0.3333,0.3333
8642,1,1,1,1.0,1.0,1.0
8643,2,2,2,1.0,1.0,1.0
8644,3,3,2,1.0,0.6667,0.6667
8645,1,1,1,1.0,1.0,1.0
8646,1,1,1,1.0,1.0,1.0
8647,1,0,0,0.0,0.0,0.0
8648,3,2,1,0.6667,0.3333,0.3333
8649,1,1,1,1.0,1.0,1.0
8650,1,1,1,1.0,1.0,1.0
8651,3,3,2,1.0,0.6667,0.6667
8652,1,1,0,1.0,0.0,0.0
8653,1,1,1,1.0,1.0,1.0
8654,1,1,1,1.0,1.0,1.0
8655,2,1,1,0.5,0.5,0.5
8656,1,1,1,1.0,1.0,1.0
8657,2,1,1,0.5,0.5,0.5
8658,1,1,1,1.0,1.0,1.0
8659,2,2,1,1.0,0.5,0.5
8660,3,3,2,1.0,0.6667,0.6667
8661,2,2,2,1.0,1.0,1.0
8662,2,2,1,1.0,0.5,0.5
8663,3,2,2,0.6667,0.6667,0.6667
8664,1,1,0,1.0,0.0,0.0
8665,2,2,2,1.0,1.0,1.0
8666,3,2,2,0.6667,0.6667,0.6667
8667,3,2,1,0.6667,0.3333,0.3333
8668,3,3,2,1.0,0.6667,0.6667
8669,1,1,1,1.0,1.0,1.0
8670,2,2,1,1.0,0.5,0.5
8671,2,2,0,1.0,0.0,0.0
8672,1,1,1,1.0,1.0,1.0
8673,1,0,0,0.0,0.0,0.0
8674,2,2,1,1.0,0.5,0.5
8675,1,1,0,1.0,0.0,0.0
8676,1,1,1,1.0,1.0,1.0
8677,1,1,0,1.0,0.0,0.0
8678,3,1,0,0.3333,0.0,0.0
8679,1,1,1,1.0,1.0,1.0
8680,1,1,0,1.0,0.0,0.0
8681,3,2,1,0.6667,0.3333,0.3333
8682,2,2,1,1.0,0.5,0.5
8683,1,1,1,1.0,1.0,1.0
8684,2,2,0,1.0,0.0,0.0
8685,3,3,3,1.0,1.0,1.0
8686,2,1,0,0.5,0.0,0.0
8687,1,1,0,1.0,0.0,0.0
8688,1,1,1,1.0,1.0,1.0
8689,2,2,2,1.0,1.0,1.0
8690,2,1,0,0.5,0.0,0.0
8691,3,1,1,0.3333,0.3333,0.3333
8692,2,2,1,1.0,0.5,0.5
8693,3,2,1,0.6667,0.3333,0.3333
8694,1,0,0,0.0,0.0,0.0
8695,1,1,1,1.0,1.0,1.0
8696,2,2,2,1.0,1.0,1.0
8697,1,1,1,1.0,1.0,1.0
8698,3,3,2,1.0,0.6667,0.6667
8699,1,1,1,1.0,1.0,1.0
8700,1,0,0,0.0,0.0,0.0
8701,2,1,1,0.5,0.5,0.5
8702,2,1,1,0.5,0.5,0.5
8703,1,1,1,1.0,1.0,1.0
8704,3,3,3,1.0,1.0,1.0
8705,2,2,1,1.0,0.5,0.5
8706,1,1,1,1.0,1.0,1.0
8707,1,1,0,1.0,0.0,0.0
8708,1,1,0,1.0,0.0,0.0
8709,3,2,1,0.6667,0.3333,0.3333
8710,2,2,2,1.0,1.0,1.0
8711,3,3,1,1.0,0.3333,0.3333
8712,2,2,2,1.0,1.0,1.0
8713,3,3,3,1.0,1.0,1.0
8714,3,2,2,0.6667,0.6667,0.6667
8715,3,2,1,0.6667,0.3333,0.3333
8716,2,2,2,1.0,1.0,1.0
8717,3,1,1,0.3333,0.3333,0.3333
8718,2,1,1,0.5,0.5,0.5
8719,3,3,1,1.0,0.3333,0.3333
8720,2,2,1,1.0,0.5,0.5
8721,2,2,1,1.0,0.5,0.5
8722,3,1,1,0.3333,0.3333,0.3333
8723,1,1,1,1.0,1.0,1.0
8724,2,1,1,0.5,0.5,0.5
8725,3,3,3,1.0,1.0,1.0
8726,2,1,0,0.5,0.0,0.0
8727,2,1,1,0.5,0.5,0.5
8728,2,2,1,1.0,0.5,0.5
8729,2,2,2,1.0,1.0,1.0
8730,2,2,2,1.0,1.0,1.0
8731,2,2,2,1.0,1.0,1.0
8732,1,1,1,1.0,1.0,1.0
8733,1,1,0,1.0,0.0,0.0
8734,3,3,2,1.0,0.6667,0.6667
8735,2,2,0,1.0,0.0,0.0
8736,3,1,0,0.3333,0.0,0.0
8737,1,1,1,1.0,1.0,1.0
8738,3,2,2,0.6667,0.6667,0.6667
8739,3,3,2,1.0,0.6667,0.6667
8740,3,2,1,0.6667,0.3333,0.3333
8741,1,1,1,1.0,1.0,1.0
8742,3,3,3,1.0,1.0,1.0
8743,1,1,1,1.0,1.0,1.0
8744,2,2,1,1.0,0.5,0.5
8745,2,2,2,1.0,1.0,1.0
8746,2,1,1,0.5,0.5,0.5
8747,3,3,1,1.0,0.3333,0.3333
8748,1,1,1,1.0,1.0,1.0
8749,2,2,2,1.0,1.0,1.0
8750,2,0,0,0.0,0.0,0.0
8751,3,3,2,1.0,0.6667,0.6667
8752,2,1,1,0.5,0.5,0.5
8753,1,1,1,1.0,1.0,1.0
8754,3,3,2,1.0,0.6667,0.6667
8755,3,3,2,1.0,0.6667,0.6667
8756,2,2,1,1.0,0.5,0.5
8757,2,2,2,1.0,1.0,1.0
8758,3,3,3,1.0,1.0,1.0
8759,3,3,2,1.0,0.6667,0.6667
8760,3,2,1,0.6667,0.3333,0.3333
8761,3,3,3,1.0,1.0,1.0
8762,3,3,1,1.0,0.3333,0.3333
8763,3,3,2,1.0,0.6667,0.6667
8764,3,1,0,0.3333,0.0,0.0
8765,1,1,1,1.0,1.0,1.0
8766,1,1,0,1.0,0.0,0.0
8767,3,1,1,0.3333,0.3333,0.3333
8768,3,2,2,0.6667,0.6667,0.6667
8769,3,2,2,0.6667,0.6667,0.6667
8770,1,1,1,1.0,1.0,1.0
8771,2,2,1,1.0,0.5,0.5
8772,2,2,0,1.0,0.0,0.0
8773,1,1,1,1.0,1.0,1.0
8774,3,3,3,1.0,1.0,1.0
8775,1,0,0,0.0,0.0,0.0
8776,1,1,1,1.0,1.0,1.0
8777,2,2,2,1.0,1.0,1.0
8778,3,3,3,1.0,1.0,1.0
8779,1,1,1,1.0,1.0,1.0
8780,2,2,1,1.0,0.5,0.5
8781,1,1,0,1.0,0.0,0.0
8782,2,2,0,1.0,0.0,0.0
8783,3,2,1,0.6667,0.3333,0.3333
8784,2,2,1,1.0,0.5,0.5
8785,1,1,1,1.0,1.0,1.0
8786,1,1,1,1.0,1.0,1.0
8787,2,2,1,1.0,0.5,0.5
8788,1,1,1,1.0,1.0,1.0
8789,2,2,0,1.0,0.0,0.0
8790,2,2,2,1.0,1.0,1.0
8791,2,2,1,1.0,0.5,0.5
8792,3,2,0,0.6667,0.0,0.0
8793,3,2,1,0.6667,0.3333,0.3333
8794,1,1,1,1.0,1.0,1.0
8795,3,2,1,0.6667,0.3333,0.3333
8796,2,2,1,1.0,0.5,0.5
8797,2,2,2,1.0,1.0,1.0
8798,3,3,2,1.0,0.6667,0.6667
8799,3,3,2,1.0,0.6667,0.6667
8800,3,3,1,1.0,0.3333,0.3333
8801,1,0,0,0.0,0.0,0.0
8802,3,3,2,1.0,0.6667,0.6667
8803,2,1,1,0.5,0.5,0.5
8804,3,3,2,1.0,0.6667,0.6667
8805,3,1,0,0.3333,0.0,0.0
8806,3,3,2,1.0,0.6667,0.6667
8807,2,2,2,1.0,1.0,1.0
8808,3,3,3,1.0,1.0,1.0
8809,2,2,1,1.0,0.5,0.5
8810,3,3,2,1.0,0.6667,0.6667
8811,1,0,0,0.0,0.0,0.0
8812,3,2,2,0.6667,0.6667,0.6667
8813,2,2,2,1.0,1.0,1.0
8814,2,2,2,1.0,1.0,1.0
8815,1,1,0,1.0,0.0,0.0
8816,2,2,2,1.0,1.0,1.0
8817,2,2,2,1.0,1.0,1.0
8818,2,2,1,1.0,0.5,0.5
8819,1,0,0,0.0,0.0,0.0
8820,1,0,0,0.0,0.0,0.0
8821,3,2,2,0.6667,0.6667,0.6667
8822,3,3,3,1.0,1.0,1.0
8823,1,1,0,1.0,0.0,0.0
8824,3,2,2,0.6667,0.6667,0.6667
8825,1,1,0,1.0,0.0,0.0
8826,2,1,0,0.5,0.0,0.0
8827,1,1,1,1.0,1.0,1.0
8828,2,1,1,0.5,0.5,0.5
8829,1,0,0,0.0,0.0,0.0
8830,2,2,1,1.0,0.5,0.5
8831,2,2,1,1.0,0.5,0.5
8832,2,2,2,1.0,1.0,1.0
8833,3,3,1,1.0,0.3333,0.3333
8834,3,3,2,1.0,0.6667,0.6667
8835,1,1,1,1.0,1.0,1.0
8836,3,2,1,0.6667,0.3333,0.3333
8837,2,2,2,1.0,1.0,1.0
8838,2,2,1,1.0,0.5,0.5
8839,2,2,2,1.0,1.0,1.0
8840,2,2,0,1.0,0.0,0.0
8841,2,1,1,0.5,0.5,0.5
8842,2,2,2,1.0,1.0,1.0
8843,2,2,2,1.0,1.0,1.0
8844,3,3,1,1.0,0.3333,0.3333
8845,2,1,0,0.5,0.0,0.0
8846,3,3,3,1.0,1.0,1.0
8847,2,2,1,1.0,0.5,0.5
8848,2,1,0,0.5,0.0,0.0
8849,2,2,2,1.0,1.0,1.0
8850,3,3,3,1.0,1.0,1.0
8851,3,1,1,0.3333,0.3333,0.3333
8852,2,2,0,1.0,0.0,0.0
8853,1,1,1,1.0,1.0,1.0
8854,2,1,1,0.5,0.5,0.5
8855,2,2,1,1.0,0.5,0.5
8856,3,2,1,0.6667,0.3333,0.3333
8857,2,2,1,1.0,0.5,0.5
8858,3,2,1,0.6667,0.3333,0.3333
8859,2,2,0,1.0,0.0,0.0
8860,1,1,1,1.0,1.0,1.0
8861,1,1,1,1.0,1.0,1.0
8862,2,2,1,1.0,0.5,0.5
8863,1,0,0,0.0,0.0,0.0
8864,2,2,1,1.0,0.5,0.5
8865,2,2,0,1.0,0.0,0.0
8866,1,1,1,1.0,1.0,1.0
8867,1,1,1,1.0,1.0,1.0
8868,1,1,1,1.0,1.0,1.0
8869,2,2,1,1.0,0.5,0.5
8870,2,1,0,0.5,0.0,0.0
8871,2,1,1,0.5,0.5,0.5
8872,2,2,2,1.0,1.0,1.0
8873,2,2,1,1.0,0.5,0.5
8874,2,1,1,0.5,0.5,0.5
8875,3,3,2,1.0,0.6667,0.6667
8876,3,1,0,0.3333,0.0,0.0
8877,2,2,1,1.0,0.5,0.5
8878,2,1,1,0.5,0.5,0.5
8879,3,1,1,0.3333,0.3333,0.3333
8880,2,0,0,0.0,0.0,0.0
8881,3,3,2,1.0,0.6667,0.6667
8882,2,1,1,0.5,0.5,0.5
8883,2,2,2,1.0,1.0,1.0
8884,3,3,3,1.0,1.0,1.0
8885,3,3,3,1.0,1.0,1.0
8886,3,3,2,1.0,0.6667,0.6667
8887,3,3,3,1.0,1.0,1.0
8888,3,1,1,0.3333,0.3333,0.3333
8889,3,2,2,0.6667,0.6667,0.6667
8890,3,2,1,0.6667,0.3333,0.3333
8891,2,2,2,1.0,1.0,1.0
8892,2,2,2,1.0,1.0,1.0
8893,1,1,1,1.0,1.0,1.0
8894,1,0,0,0.0,0.0,0.0
8895,3,2,1,0.6667,0.3333,0.3333
8896,2,2,1,1.0,0.5,0.5
8897,1,1,1,1.0,1.0,1.0
8898,2,2,1,1.0,0.5,0.5
8899,3,2,0,0.6667,0.0,0.0
8900,1,1,1,1.0,1.0,1.0
8901,1,1,0,1.0,0.0,0.0
8902,3,3,3,1.0,1.0,1.0
8903,2,2,1,1.0,0.5,0.5
8904,1,1,0,1.0,0.0,0.0
8905,2,2,0,1.0,0.0,0.0
8906,1,1,1,1.0,1.0,1.0
8907,1,1,1,1.0,1.0,1.0
8908,3,3,2,1.0,0.6667,0.6667
8909,1,1,1,1.0,1.0,1.0
8910,1,1,0,1.0,0.0,0.0
8911,1,1,1,1.0,1.0,1.0
8912,1,1,0,1.0,0.0,0.0
8913,2,2,1,1.0,0.5,0.5
8914,2,2,1,1.0,0.5,0.5
8915,3,2,1,0.6667,0.3333,0.3333
8916,2,2,2,1.0,1.0,1.0
8917,2,2,1,1.0,0.5,0.5
8918,2,2,2,1.0,1.0,1.0
8919,3,3,2,1.0,0.6667,0.6667
8920,1,0,0,0.0,0.0,0.0
8921,3,1,1,0.3333,0.3333,0.3333
8922,2,1,1,0.5,0.5,0.5
8923,3,2,2,0.6667,0.6667,0.6667
8924,1,1,1,1.0,1.0,1.0
8925,2,1,1,0.5,0.5,0.5
8926,3,3,3,1.0,1.0,1.0
8927,2,1,1,0.5,0.5,0.5
8928,1,1,0,1.0,0.0,0.0
8929,3,1,1,0.3333,0.3333,0.3333
8930,1,1,1,1.0,1.0,1.0
8931,2,2,1,1.0,0.5,0.5
8932,2,1,1,0.5,0.5,0.5
8933,1,1,1,1.0,1.0,1.0
8934,3,3,1,1.0,0.3333,0.3333
8935,2,2,1,1.0,0.5,0.5
8936,1,1,1,1.0,1.0,1.0
8937,1,1,1,1.0,1.0,1.0
8938,3,3,3,1.0,1.0,1.0
8939,2,1,1,0.5,0.5,0.5
8940,2,1,1,0.5,0.5,0.5
8941,3,2,2,0.6667,0.6667,0.6667
8942,1,1,1,1.0,1.0,1.0
8943,2,2,2,1.0,1.0,1.0
8944,2,2,2,1.0,1.0,1.0
8945,2,2,1,1.0,0.5,0.5
8946,3,2,2,0.6667,0.6667,0.6667
8947,3,3,3,1.0,1.0,1.0
8948,1,1,1,1.0,1.0,1.0
8949,3,3,2,1.0,0.6667,0.6667
8950,3,2,2,0.6667,0.6667,0.6667
8951,2,2,2,1.0,1.0,1.0
8952,2,2,2,1.0,1.0,1.0
8953,3,3,3,1.0,1.0,1.0
8954,3,1,0,0.3333,0.0,0.0
8955,3,3,2,1.0,0.6667,0.6667
8956,2,2,0,1.0,0.0,0.0
8957,1,1,1,1.0,1.0,1.0
8958,3,3,3,1.0,1.0,1.0
8959,3,3,2,1.0,0.6667,0.6667
8960,3,3,2,1.0,0.6667,0.6667
8961,1,1,0,1.0,0.0,0.0
8962,2,2,2,1.0,1.0,1.0
8963,3,2,2,0.6667,0.6667,0.6667
8964,3,3,3,1.0,1.0,1.0
8965,1,1,0,1.0,0.0,0.0
8966,3,2,2,0.6667,0.6667,0.6667
8967,1,1,1,1.0,1.0,1.0
8968,1,0,0,0.0,0.0,0.0
8969,3,3,2,1.0,0.6667,0.6667
8970,1,1,0,1.0,0.0,0.0
8971,2,2,2,1.0,1.0,1.0
8972,3,1,0,0.3333,0.0,0.0
8973,1,1,1,1.0,1.0,1.0
8974,2,2,2,1.0,1.0,1.0
8975,1,1,1,1.0,1.0,1.0
8976,2,2,2,1.0,1.0,1.0
8977,1,1,1,1.0,1.0,1.0
8978,1,1,1,1.0,1.0,1.0
8979,3,3,2,1.0,0.6667,0.6667
8980,3,2,1,0.6667,0.3333,0.3333
8981,2,2,0,1.0,0.0,0.0
8982,2,1,0,0.5,0.0,0.0
8983,3,2,0,0.6667,0.0,0.0
8984,1,1,1,1.0,1.0,1.0
8985,1,1,1,1.0,1.0,1.0
8986,3,2,1,0.6667,0.3333,0.3333
8987,2,1,1,0.5,0.5,0.5
8988,2,0,0,0.0,0.0,0.0
8989,2,1,0,0.5,0.0,0.0
8990,2,1,0,0.5,0.0,0.0
8991,3,2,2,0.6667,0.6667,0.6667
8992,2,2,1,1.0,0.5,0.5
8993,1,1,1,1.0,1.0,1.0
8994,3,3,1,1.0,0.3333,0.3333
8995,3,2,1,0.6667,0.3333,0.3333
8996,2,1,1,0.5,0.5,0.5
8997,2,2,2,1.0,1.0,1.0
8998,1,1,1,1.0,1.0,1.0
8999,3,3,0,1.0,0.0,0.0
9000,3,2,2,0.6667,0.6667,0.6667
9001,2,1,0,0.5,0.0,0.0
9002,1,1,1,1.0,1.0,1.0
9003,2,2,0,1.0,0.0,0.0
9004,1,1,0,1.0,0.0,0.0
9005,2,2,2,1.0,1.0,1.0
9006,1,1,1,1.0,1.0,1.0
9007,1,1,1,1.0,1.0,1.0
9008,2,1,1,0.5,0.5,0.5
9009,2,2,0,1.0,0.0,0.0
9010,3,3,3,1.0,1.0,1.0
9011,2,2,1,1.0,0.5,0.5
9012,3,3,3,1.0,1.0,1.0
9013,1,1,1,1.0,1.0,1.0
9014,1,1,0,1.0,0.0,0.0
9015,3,2,2,0.6667,0.6667,0.6667
9016,2,1,1,0.5,0.5,0.5
9017,1,1,1,1.0,1.0,1.0
9018,1,0,0,0.0,0.0,0.0
9019,2,2,1,1.0,0.5,0.5
9020,1,1,1,1.0,1.0,1.0
9021,1,1,1,1.0,1.0,1.0
9022,2,2,0,1.0,0.0,0.0
9023,3,2,2,0.6667,0.6667,0.6667
9024,3,2,2,0.6667,0.6667,0.6667
9025,2,1,0,0.5,0.0,0.0
9026,1,0,0,0.0,0.0,0.0
9027,2,2,2,1.0,1.0,1.0
9028,3,1,1,0.3333,0.3333,0.3333
9029,2,0,0,0.0,0.0,0.0
9030,2,2,2,1.0,1.0,1.0
9031,2,2,0,1.0,0.0,0.0
9032,3,2,2,0.6667,0.6667,0.6667
9033,2,2,2,1.0,1.0,1.0
9034,2,2,1,1.0,0.5,0.5
9035,3,3,3,1.0,1.0,1.0
9036,1,0,0,0.0,0.0,0.0
9037,3,2,1,0.6667,0.3333,0.3333
9038,2,2,0,1.0,0.0,0.0
9039,2,2,1,1.0,0.5,0.5
9040,1,1,1,1.0,1.0,1.0
9041,2,2,1,1.0,0.5,0.5
9042,2,1,0,0.5,0.0,0.0
9043,2,2,0,1.0,0.0,0.0
9044,1,0,0,0.0,0.0,0.0
9045,2,2,1,1.0,0.5,0.5
9046,3,2,2,0.6667,0.6667,0.6667
9047,2,1,1,0.5,0.5,0.5
9048,2,2,0,1.0,0.0,0.0
9049,2,2,1,1.0,0.5,0.5
9050,2,2,1,1.0,0.5,0.5
9051,3,3,3,1.0,1.0,1.0
9052,3,3,2,1.0,0.6667,0.6667
9053,2,2,2,1.0,1.0,1.0
9054,2,2,1,1.0,0.5,0.5
9055,3,2,1,0.6667,0.3333,0.3333
9056,1,1,0,1.0,0.0,0.0
9057,2,2,2,1.0,1.0,1.0
9058,2,2,1,1.0,0.5,0.5
9059,1,1,1,1.0,1.0,1.0
9060,2,2,1,1.0,0.5,0.5
9061,1,1,1,1.0,1.0,1.0
9062,2,2,0,1.0,0.0,0.0
9063,1,1,0,1.0,0.0,0.0
9064,2,2,2,1.0,1.0,1.0
9065,3,3,3,1.0,1.0,1.0
9066,3,3,3,1.0,1.0,1.0
9067,1,1,1,1.0,1.0,1.0
9068,3,2,1,0.6667,0.3333,0.3333
9069,3,3,3,1.0,1.0,1.0
9070,3,1,1,0.3333,0.3333,0.3333
9071,2,1,1,0.5,0.5,0.5
9072,1,1,1,1.0,1.0,1.0
9073,1,1,0,1.0,0.0,0.0
9074,2,1,0,0.5,0.0,0.0
9075,2,2,1,1.0,0.5,0.5
9076,1,1,0,1.0,0.0,0.0
9077,2,1,0,0.5,0.0,0.0
9078,2,2,1,1.0,0.5,0.5
9079,2,0,0,0.0,0.0,0.0
9080,2,2,1,1.0,0.5,0.5
9081,1,1,1,1.0,1.0,1.0
9082,2,2,1,1.0,0.5,0.5
9083,3,2,1,0.6667,0.3333,0.3333
9084,2,2,2,1.0,1.0,1.0
9085,1,1,0,1.0,0.0,0.0
9086,2,2,2,1.0,1.0,1.0
9087,2,2,2,1.0,1.0,1.0
9088,3,2,2,0.6667,0.6667,0.6667
9089,2,1,1,0.5,0.5,0.5
9090,3,2,2,0.6667,0.6667,0.6667
9091,2,2,1,1.0,0.5,0.5
9092,3,3,3,1.0,1.0,1.0
9093,1,0,0,0.0,0.0,0.0
9094,3,3,2,1.0,0.6667,0.6667
9095,3,2,0,0.6667,0.0,0.0
9096,1,1,1,1.0,1.0,1.0
9097,3,3,2,1.0,0.6667,0.6667
9098,2,2,1,1.0,0.5,0.5
9099,2,1,1,0.5,0.5,0.5
9100,3,3,3,1.0,1.0,1.0
9101,2,2,2,1.0,1.0,1.0
9102,2,1,1,0.5,0.5,0.5
9103,1,1,1,1.0,1.0,1.0
9104,2,2,2,1.0,1.0,1.0
9105,2,1,1,0.5,0.5,0.5
9106,3,3,1,1.0,0.3333,0.3333
9107,2,2,2,1.0,1.0,1.0
9108,2,1,1,0.5,0.5,0.5
9109,2,2,1,1.0,0.5,0.5
9110,2,2,1,1.0,0.5,0.5
9111,2,1,0,0.5,0.0,0.0
9112,2,2,2,1.0,1.0,1.0
9113,1,0,0,0.0,0.0,0.0
9114,1,1,1,1.0,1.0,1.0
9115,2,1,1,0.5,0.5,0.5
9116,3,3,2,1.0,0.6667,0.6667
9117,2,2,0,1.0,0.0,0.0
9118,3,3,2,1.0,0.6667,0.6667
9119,2,0,0,0.0,0.0,0.0
9120,1,1,1,1.0,1.0,1.0
9121,1,1,1,1.0,1.0,1.0
9122,2,1,1,0.5,0.5,0.5
9123,1,1,1,1.0,1.0,1.0
9124,1,1,1,1.0,1.0,1.0
9125,2,2,1,1.0,0.5,0.5
9126,3,3,0,1.0,0.0,0.0
9127,2,2,1,1.0,0.5,0.5
9128,2,1,1,0.5,0.5,0.5
9129,2,2,2,1.0,1.0,1.0
9130,2,2,2,1.0,1.0,1.0
9131,3,2,1,0.6667,0.3333,0.3333
9132,1,1,1,1.0,1.0,1.0
9133,3,1,1,0.3333,0.3333,0.3333
9134,2,2,2,1.0,1.0,1.0
9135,2,2,2,1.0,1.0,1.0
9136,3,3,1,1.0,0.3333,0.3333
9137,3,2,1,0.6667,0.3333,0.3333
9138,3,2,2,0.6667,0.6667,0.6667
9139,2,2,1,1.0,0.5,0.5
9140,2,2,1,1.0,0.5,0.5
9141,1,0,0,0.0,0.0,0.0
9142,1,1,1,1.0,1.0,1.0
9143,2,1,1,0.5,0.5,0.5
9144,2,2,1,1.0,0.5,0.5
9145,1,0,0,0.0,0.0,0.0
9146,2,2,1,1.0,0.5,0.5
9147,1,1,1,1.0,1.0,1.0
9148,1,1,0,1.0,0.0,0.0
9149,2,2,0,1.0,0.0,0.0
9150,2,2,2,1.0,1.0,1.0
9151,3,3,2,1.0,0.6667,0.6667
9152,3,2,2,0.6667,0.6667,0.6667
9153,2,2,2,1.0,1.0,1.0
9154,2,2,2,1.0,1.0,1.0
9155,1,1,1,1.0,1.0,1.0
9156,2,1,1,0.5,0.5,0.5
9157,2,2,1,1.0,0.5,0.5
9158,2,2,1,1.0,0.5,0.5
9159,1,1,1,1.0,1.0,1.0
9160,1,1,1,1.0,1.0,1.0
9161,3,3,3,1.0,1.0,1.0
9162,1,1,0,1.0,0.0,0.0
9163,2,2,2,1.0,1.0,1.0
9164,1,1,0,1.0,0.0,0.0
9165,3,2,1,0.6667,0.3333,0.3333
9166,3,2,1,0.6667,0.3333,0.3333
9167,3,3,0,1.0,0.0,0.0
9168,1,1,0,1.0,0.0,0.0
9169,2,1,1,0.5,0.5,0.5
9170,3,3,3,1.0,1.0,1.0
9171,2,2,1,1.0,0.5,0.5
9172,2,2,2,1.0,1.0,1.0
9173,2,1,1,0.5,0.5,0.5
9174,2,1,0,0.5,0.0,0.0
9175,1,1,1,1.0,1.0,1.0
9176,3,2,1,0.6667,0.3333,0.3333
9177,3,2,2,0.6667,0.6667,0.6667
9178,3,2,1,0.6667,0.3333,0.3333
9179,3,3,2,1.0,0.6667,0.6667
9180,3,1,1,0.3333,0.3333,0.3333
9181,3,3,3,1.0,1.0,1.0
9182,1,1,1,1.0,1.0,1.0
9183,2,2,1,1.0,0.5,0.5
9184,2,2,1,1.0,0.5,0.5
9185,2,2,1,1.0,0.5,0.5
9186,2,1,1,0.5,0.5,0.5
9187,3,2,2,0.6667,0.6667,0.6667
9188,3,3,3,1.0,1.0,1.0
9189,2,1,0,0.5,0.0,0.0
9190,1,1,1,1.0,1.0,1.0
9191,1,1,1,1.0,1.0,1.0
9192,2,1,0,0.5,0.0,0.0
9193,1,0,0,0.0,0.0,0.0
9194,2,2,2,1.0,1.0,1.0
9195,3,3,0,1.0,0.0,0.0
9196,1,1,1,1.0,1.0,1.0
9197,1,1,1,1.0,1.0,1.0
9198,2,2,2,1.0,1.0,1.0
9199,1,1,1,1.0,1.0,1.0
9200,1,1,1,1.0,1.0,1.0
9201,3,1,0,0.3333,0.0,0.0
9202,3,3,3,1.0,1.0,1.0
9203,3,2,0,0.6667,0.0,0.0
9204,2,1,1,0.5,0.5,0.5
9205,2,1,1,0.5,0.5,0.5
9206,1,1,1,1.0,1.0,1.0
9207,3,2,0,0.6667,0.0,0.0
9208,2,2,2,1.0,1.0,1.0
9209,1,1,1,1.0,1.0,1.0
9210,3,3,2,1.0,0.6667,0.6667
9211,1,0,0,0.0,0.0,0.0
9212,3,3,1,1.0,0.3333,0.3333
9213,3,3,3,1.0,1.0,1.0
9214,3,3,2,1.0,0.6667,0.6667
9215,1,1,1,1.0,1.0,1.0
9216,3,2,1,0.6667,0.3333,0.3333
9217,1,1,1,1.0,1.0,1.0
9218,1,1,0,1.0,0.0,0.0
9219,3,3,1,1.0,0.3333,0.3333
9220,2,2,2,1.0,1.0,1.0
9221,1,1,1,1.0,1.0,1.0
9222,1,1,1,1.0,1.0,1.0
9223,2,0,0,0.0,0.0,0.0
9224,2,1,1,0.5,0.5,0.5
9225,2,2,2,1.0,1.0,1.0
9226,2,2,2,1.0,1.0,1.0
9227,1,1,0,1.0,0.0,0.0
9228,3,2,2,0.6667,0.6667,0.6667
9229,1,1,1,1.0,1.0,1.0
9230,2,2,2,1.0,1.0,1.0
9231,3,3,2,1.0,0.6667,0.6667
9232,3,3,3,1.0,1.0,1.0
9233,3,1,1,0.3333,0.3333,0.3333
9234,3,2,1,0.6667,0.3333,0.3333
9235,2,2,2,1.0,1.0,1.0
9236,1,0,0,0.0,0.0,0.0
9237,1,1,0,1.0,0.0,0.0
9238,3,3,1,1.0,0.3333,0.3333
9239,2,2,1,1.0,0.5,0.5
9240,2,0,0,0.0,0.0,0.0
9241,2,2,2,1.0,1.0,1.0
9242,1,1,0,1.0,0.0,0.0
9243,1,1,0,1.0,0.0,0.0
9244,2,1,1,0.5,0.5,0.5
9245,3,1,1,0.3333,0.3333,0.3333
9246,3,2,1,0.6667,0.3333,0.3333
9247,1,1,1,1.0,1.0,1.0
9248,2,2,2,1.0,1.0,1.0
9249,2,2,1,1.0,0.5,0.5
9250,3,2,1,0.6667,0.3333,0.3333
9251,3,2,0,0.6667,0.0,0.0
9252,3,3,3,1.0,1.0,1.0
9253,3,1,1,0.3333,0.3333,0.3333
9254,3,2,0,0.6667,0.0,0.0
9255,3,1,1,0.3333,0.3333,0.3333
9256,1,1,1,1.0,1.0,1.0
9257,2,2,2,1.0,1.0,1.0
9258,3,2,1,0.6667,0.3333,0.3333
9259,1,0,0,0.0,0.0,0.0
9260,2,2,2,1.0,1.0,1.0
9261,2,1,1,0.5,0.5,0.5
9262,2,1,1,0.5,0.5,0.5
9263,2,1,1,0.5,0.5,0.5
9264,1,1,1,1.0,1.0,1.0
9265,3,3,3,1.0,1.0,1.0
9266,1,1,1,1.0,1.0,1.0
9267,2,1,0,0.5,0.0,0.0
9268,1,1,1,1.0,1.0,1.0
9269,1,0,0,0.0,0.0,0.0
9270,3,3,0,1.0,0.0,0.0
9271,2,2,0,1.0,0.0,0.0
9272,3,3,2,1.0,0.6667,0.6667
9273,1,1,1,1.0,1.0,1.0
9274,1,1,1,1.0,1.0,1.0
9275,3,3,0,1.0,0.0,0.0
9276,3,2,1,0.6667,0.3333,0.3333
9277,1,1,0,1.0,0.0,0.0
9278,1,1,1,1.0,1.0,1.0
9279,3,2,2,0.6667,0.6667,0.6667
9280,1,1,1,1.0,1.0,1.0
9281,3,1,1,0.3333,0.3333,0.3333
9282,1,1,0,1.0,0.0,0.0
9283,2,2,2,1.0,1.0,1.0
9284,1,0,0,0.0,0.0,0.0
9285,3,3,3,1.0,1.0,1.0
9286,3,2,1,0.6667,0.3333,0.3333
9287,1,0,0,0.0,0.0,0.0
9288,3,1,0,0.3333,0.0,0.0
9289,3,1,0,0.3333,0.0,0.0
9290,3,2,2,0.6667,0.6667,0.6667
9291,3,3,2,1.0,0.6667,0.6667
9292,2,1,1,0.5,0.5,0.5
9293,1,1,1,1.0,1.0,1.0
9294,1,1,1,1.0,1.0,1.0
9295,3,3,1,1.0,0.3333,0.3333
9296,3,2,1,0.6667,0.3333,0.3333
9297,1,1,1,1.0,1.0,1.0
9298,3,3,3,1.0,1.0,1.0
9299,3,3,2,1.0,0.6667,0.6667
9300,1,1,1,1.0,1.0,1.0
9301,3,2,2,0.6667,0.6667,0.6667
9302,1,1,1,1.0,1.0,1.0
9303,1,1,1,1.0,1.0,1.0
9304,1,1,0,1.0,0.0,0.0
9305,1,1,1,1.0,1.0,1.0
9306,2,0,0,0.0,0.0,0.0
9307,2,2,2,1.0,1.0,1.0
9308,2,2,1,1.0,0.5,0.5
9309,2,2,1,1.0,0.5,0.5
9310,2,2,2,1.0,1.0,1.0
9311,1,1,1,1.0,1.0,1.0
9312,1,0,0,0.0,0.0,0.0
9313,2,0,0,0.0,0.0,0.0
9314,3,3,3,1.0,1.0,1.0
9315,2,2,2,1.0,1.0,1.0
9316,1,1,1,1.0,1.0,1.0
9317,2,2,1,1.0,0.5,0.5
9318,2,2,1,1.0,0.5,0.5
9319,2,1,0,0.5,0.0,0.0
9320,3,3,2,1.0,0.6667,0.6667
9321,1,1,0,1.0,0.0,0.0
9322,3,3,2,1.0,0.6667,0.6667
9323,1,1,1,1.0,1.0,1.0
9324,1,0,0,0.0,0.0,0.0
9325,2,1,0,0.5,0.0,0.0
9326,1,1,1,1.0,1.0,1.0
9327,2,2,2,1.0,1.0,1.0
9328,3,3,2,1.0,0.6667,0.6667
9329,3,2,2,0.6667,0.6667,0.6667
9330,3,3,2,1.0,0.6667,0.6667
9331,1,0,0,0.0,0.0,0.0
9332,2,1,1,0.5,0.5,0.5
9333,3,3,2,1.0,0.6667,0.6667
9334,2,2,1,1.0,0.5,0.5
9335,1,0,0,0.0,0.0,0.0
9336,1,0,0,0.0,0.0,0.0
9337,2,2,1,1.0,0.5,0.5
9338,2,2,1,1.0,0.5,0.5
9339,1,1,1,1.0,1.0,1.0
9340,1,1,1,1.0,1.0,1.0
9341,2,2,2,1.0,1.0,1.0
9342,3,3,2,1.0,0.6667,0.6667
9343,1,1,1,1.0,1.0,1.0
9344,1,1,1,1.0,1.0,1.0
9345,3,2,2,0.6667,0.6667,0.6667
9346,3,2,0,0.6667,0.0,0.0
9347,1,1,0,1.0,0.0,0.0
9348,2,2,1,1.0,0.5,0.5
9349,1,1,1,1.0,1.0,1.0
9350,3,2,0,0.6667,0.0,0.0
9351,3,2,0,0.6667,0.0,0.0
9352,3,3,3,1.0,1.0,1.0
9353,2,2,2,1.0,1.0,1.0
9354,3,1,1,0.3333,0.3333,0.3333
9355,2,2,1,1.0,0.5,0.5
9356,3,3,1,1.0,0.3333,0.3333
9357,2,2,1,1.0,0.5,0.5
9358,3,1,0,0.3333,0.0,0.0
9359,3,2,1,0.6667,0.3333,0.3333
9360,3,3,3,1.0,1.0,1.0
9361,2,2,1,1.0,0.5,0.5
9362,2,2,1,1.0,0.5,0.5
9363,1,1,1,1.0,1.0,1.0
9364,1,1,1,1.0,1.0,1.0
9365,1,1,1,1.0,1.0,1.0
9366,2,2,1,1.0,0.5,0.5
9367,2,0,0,0.0,0.0,0.0
9368,2,1,0,0.5,0.0,0.0
9369,2,2,0,1.0,0.0,0.0
9370,1,0,0,0.0,0.0,0.0
9371,2,2,1,1.0,0.5,0.5
9372,2,1,0,0.5,0.0,0.0
9373,1,0,0,0.0,0.0,0.0
9374,2,2,2,1.0,1.0,1.0
9375,3,2,1,0.6667,0.3333,0.3333
9376,3,2,1,0.6667,0.3333,0.3333
9377,3,3,1,1.0,0.3333,0.3333
9378,1,1,1,1.0,1.0,1.0
9379,2,1,1,0.5,0.5,0.5
9380,1,1,1,1.0,1.0,1.0
9381,2,2,1,1.0,0.5,0.5
9382,2,2,2,1.0,1.0,1.0
9383,2,2,0,1.0,0.0,0.0
9384,1,1,1,1.0,1.0,1.0
9385,3,3,0,1.0,0.0,0.0
9386,3,3,2,1.0,0.6667,0.6667
9387,2,2,1,1.0,0.5,0.5
9388,2,2,1,1.0,0.5,0.5
9389,2,2,2,1.0,1.0,1.0
9390,2,2,2,1.0,1.0,1.0
9391,2,2,0,1.0,0.0,0.0
9392,1,1,1,1.0,1.0,1.0
9393,3,3,2,1.0,0.6667,0.6667
9394,2,2,2,1.0,1.0,1.0
9395,2,2,1,1.0,0.5,0.5
9396,1,1,1,1.0,1.0,1.0
9397,2,2,0,1.0,0.0,0.0
9398,1,1,1,1.0,1.0,1.0
9399,1,1,0,1.0,0.0,0.0
9400,2,2,2,1.0,1.0,1.0
9401,2,2,1,1.0,0.5,0.5
9402,2,1,1,0.5,0.5,0.5
9403,3,3,2,1.0,0.6667,0.6667
9404,2,1,1,0.5,0.5,0.5
9405,2,2,1,1.0,0.5,0.5
9406,2,0,0,0.0,0.0,0.0
9407,1,1,1,1.0,1.0,1.0
9408,2,2,1,1.0,0.5,0.5
9409,1,1,1,1.0,1.0,1.0
9410,3,1,0,0.3333,0.0,0.0
9411,1,1,1,1.0,1.0,1.0
9412,2,2,1,1.0,0.5,0.5
9413,2,2,1,1.0,0.5,0.5
9414,1,1,1,1.0,1.0,1.0
9415,1,1,1,1.0,1.0,1.0
9416,1,1,1,1.0,1.0,1.0
9417,2,1,0,0.5,0.0,0.0
9418,1,1,1,1.0,1.0,1.0
9419,1,1,1,1.0,1.0,1.0
9420,1,1,1,1.0,1.0,1.0
9421,2,2,1,1.0,0.5,0.5
9422,3,3,0,1.0,0.0,0.0
9423,2,2,0,1.0,0.0,0.0
9424,1,1,1,1.0,1.0,1.0
9425,1,1,1,1.0,1.0,1.0
9426,2,2,2,1.0,1.0,1.0
9427,1,0,0,0.0,0.0,0.0
9428,1,1,1,1.0,1.0,1.0
9429,3,3,1,1.0,0.3333,0.3333
9430,2,2,1,1.0,0.5,0.5
9431,1,1,1,1.0,1.0,1.0
9432,1,1,0,1.0,0.0,0.0
9433,3,2,1,0.6667,0.3333,0.3333
9434,2,2,2,1.0,1.0,1.0
9435,1,1,1,1.0,1.0,1.0
9436,1,0,0,0.0,0.0,0.0
9437,3,2,0,0.6667,0.0,0.0
9438,3,3,2,1.0,0.6667,0.6667
9439,1,1,1,1.0,1.0,1.0
9440,1,1,0,1.0,0.0,0.0
9441,2,1,0,0.5,0.0,0.0
9442,3,1,1,0.3333,0.3333,0.3333
9443,1,1,0,1.0,0.0,0.0
9444,3,2,1,0.6667,0.3333,0.3333
9445,2,0,0,0.0,0.0,0.0
9446,3,3,2,1.0,0.6667,0.6667
9447,1,1,0,1.0,0.0,0.0
9448,1,1,1,1.0,1.0,1.0
9449,2,2,2,1.0,1.0,1.0
9450,3,2,1,0.6667,0.3333,0.3333
9451,2,2,2,1.0,1.0,1.0
9452,3,2,0,0.6667,0.0,0.0
9453,3,3,2,1.0,0.6667,0.6667
9454,1,1,1,1.0,1.0,1.0
9455,3,2,1,0.6667,0.3333,0.3333
9456,3,2,0,0.6667,0.0,0.0
9457,2,2,2,1.0,1.0,1.0
9458,1,1,1,1.0,1.0,1.0
9459,3,3,2,1.0,0.6667,0.6667
9460,2,2,2,1.0,1.0,1.0
9461,2,2,1,1.0,0.5,0.5
9462,1,1,0,1.0,0.0,0.0
9463,1,0,0,0.0,0.0,0.0
9464,3,3,3,1.0,1.0,1.0
9465,1,1,0,1.0,0.0,0.0
9466,2,1,1,0.5,0.5,0.5
9467,3,3,2,1.0,0.6667,0.6667
9468,1,1,1,1.0,1.0,1.0
9469,1,1,1,1.0,1.0,1.0
9470,3,2,1,0.6667,0.3333,0.3333
9471,2,2,2,1.0,1.0,1.0
9472,2,2,2,1.0,1.0,1.0
9473,2,2,2,1.0,1.0,1.0
9474,2,2,2,1.0,1.0,1.0
9475,2,2,2,1.0,1.0,1.0
9476,2,1,0,0.5,0.0,0.0
9477,3,1,0,0.3333,0.0,0.0
9478,2,2,2,1.0,1.0,1.0
9479,3,2,2,0.6667,0.6667,0.6667
9480,1,1,0,1.0,0.0,0.0
9481,1,1,1,1.0,1.0,1.0
9482,1,1,1,1.0,1.0,1.0
9483,2,2,2,1.0,1.0,1.0
9484,3,3,2,1.0,0.6667,0.6667
9485,1,0,0,0.0,0.0,0.0
9486,2,2,1,1.0,0.5,0.5
9487,1,1,1,1.0,1.0,1.0
9488,2,2,2,1.0,1.0,1.0
9489,2,1,1,0.5,0.5,0.5
9490,3,3,1,1.0,0.3333,0.3333
9491,2,2,1,1.0,0.5,0.5
9492,1,1,1,1.0,1.0,1.0
9493,1,1,0,1.0,0.0,0.0
9494,2,2,2,1.0,1.0,1.0
9495,2,2,1,1.0,0.5,0.5
9496,3,2,1,0.6667,0.3333,0.3333
9497,1,1,1,1.0,1.0,1.0
9498,3,1,0,0.3333,0.0,0.0
9499,1,1,1,1.0,1.0,1.0
9500,1,1,0,1.0,0.0,0.0
9501,1,0,0,0.0,0.0,0.0
9502,3,2,1,0.6667,0.3333,0.3333
9503,2,2,1,1.0,0.5,0.5
9504,2,2,2,1.0,1.0,1.0
9505,1,1,1,1.0,1.0,1.0
9506,2,1,1,0.5,0.5,0.5
9507,3,3,3,1.0,1.0,1.0
9508,3,2,2,0.6667,0.6667,0.6667
9509,3,3,3,1.0,1.0,1.0
9510,2,2,2,1.0,1.0,1.0
9511,1,1,0,1.0,0.0,0.0
9512,2,2,1,1.0,0.5,0.5
9513,1,0,0,0.0,0.0,0.0
9514,1,1,1,1.0,1.0,1.0
9515,3,3,1,1.0,0.3333,0.3333
9516,2,0,0,0.0,0.0,0.0
9517,1,1,1,1.0,1.0,1.0
9518,2,2,2,1.0,1.0,1.0
9519,3,3,2,1.0,0.6667,0.6667
9520,2,1,1,0.5,0.5,0.5
9521,2,2,2,1.0,1.0,1.0
9522,3,2,1,0.6667,0.3333,0.3333
9523,2,2,2,1.0,1.0,1.0
9524,1,1,1,1.0,1.0,1.0
9525,3,2,2,0.6667,0.6667,0.6667
9526,2,2,0,1.0,0.0,0.0
9527,3,3,0,1.0,0.0,0.0
9528,1,0,0,0.0,0.0,0.0
9529,2,1,1,0.5,0.5,0.5
9530,2,2,1,1.0,0.5,0.5
9531,2,2,0,1.0,0.0,0.0
9532,3,3,2,1.0,0.6667,0.6667
9533,3,1,1,0.3333,0.3333,0.3333
9534,2,1,1,0.5,0.5,0.5
9535,2,2,2,1.0,1.0,1.0
9536,3,1,0,0.3333,0.0,0.0
9537,3,3,1,1.0,0.3333,0.3333
9538,1,1,1,1.0,1.0,1.0
9539,2,1,1,0.5,0.5,0.5
9540,3,2,1,0.6667,0.3333,0.3333
9541,1,1,1,1.0,1.0,1.0
9542,2,2,1,1.0,0.5,0.5
9543,1,1,0,1.0,0.0,0.0
9544,3,2,0,0.6667,0.0,0.0
9545,2,2,2,1.0,1.0,1.0
9546,3,2,2,0.6667,0.6667,0.6667
9547,2,2,2,1.0,1.0,1.0
9548,2,2,2,1.0,1.0,1.0
9549,3,1,1,0.3333,0.3333,0.3333
9550,1,1,1,1.0,1.0,1.0
9551,3,3,3,1.0,1.0,1.0
9552,3,2,0,0.6667,0.0,0.0
9553,2,2,2,1.0,1.0,1.0
9554,3,3,3,1.0,1.0,1.0
9555,2,2,2,1.0,1.0,1.0
9556,3,3,3,1.0,1.0,1.0
9557,2,1,1,0.5,0.5,0.5
9558,3,3,2,1.0,0.6667,0.6667
9559,1,1,1,1.0,1.0,1.0
9560,3,2,1,0.6667,0.3333,0.3333
9561,1,1,1,1.0,1.0,1.0
9562,1,1,1,1.0,1.0,1.0
9563,1,0,0,0.0,0.0,0.0
9564,2,2,0,1.0,0.0,0.0
9565,2,1,0,0.5,0.0,0.0
9566,2,1,0,0.5,0.0,0.0
9567,1,1,0,1.0,0.0,0.0
9568,2,2,2,1.0,1.0,1.0
9569,2,2,1,1.0,0.5,0.5
9570,3,1,0,0.3333,0.0,0.0
9571,1,1,1,1.0,1.0,1.0
9572,1,1,1,1.0,1.0,1.0
9573,2,1,1,0.5,0.5,0.5
9574,1,1,0,1.0,0.0,0.0
9575,3,1,1,0.3333,0.3333,0.3333
9576,2,2,2,1.0,1.0,1.0
9577,1,1,0,1.0,0.0,0.0
9578,3,2,2,0.6667,0.6667,0.6667
9579,1,0,0,0.0,0.0,0.0
9580,2,2,2,1.0,1.0,1.0
9581,2,1,0,0.5,0.0,0.0
9582,3,3,3,1.0,1.0,1.0
9583,3,2,0,0.6667,0.0,0.0
9584,3,3,3,1.0,1.0,1.0
9585,2,1,1,0.5,0.5,0.5
9586,2,2,1,1.0,0.5,0.5
9587,3,3,3,1.0,1.0,1.0
9588,2,2,2,1.0,1.0,1.0
9589,3,3,2,1.0,0.6667,0.6667
9590,1,1,1,1.0,1.0,1.0
9591,2,1,1,0.5,0.5,0.5
9592,2,2,2,1.0,1.0,1.0
9593,3,3,0,1.0,0.0,0.0
9594,2,1,0,0.5,0.0,0.0
9595,3,2,1,0.6667,0.3333,0.3333
9596,2,2,2,1.0,1.0,1.0
9597,1,1,1,1.0,1.0,1.0
9598,1,1,1,1.0,1.0,1.0
9599,1,1,1,1.0,1.0,1.0
9600,2,1,1,0.5,0.5,0.5
9601,1,1,1,1.0,1.0,1.0
9602,3,2,2,0.6667,0.6667,0.6667
9603,3,1,1,0.3333,0.3333,0.3333
9604,2,1,1,0.5,0.5,0.5
9605,1,1,0,1.0,0.0,0.0
9606,1,1,1,1.0,1.0,1.0
9607,3,2,1,0.6667,0.3333,0.3333
9608,3,3,3,1.0,1.0,1.0
9609,1,0,0,0.0,0.0,0.0
9610,3,3,3,1.0,1.0,1.0
9611,3,3,3,1.0,1.0,1.0
9612,3,2,1,0.6667,0.3333,0.3333
9613,2,2,0,1.0,0.0,0.0
9614,1,1,1,1.0,1.0,1.0
9615,1,1,1,1.0,1.0,1.0
9616,3,2,0,0.6667,0.0,0.0
9617,3,3,2,1.0,0.6667,0.6667
9618,3,1,1,0.3333,0.3333,0.3333
9619,2,2,2,1.0,1.0,1.0
9620,3,3,1,1.0,0.3333,0.3333
9621,1,1,1,1.0,1.0,1.0
9622,2,1,0,0.5,0.0,0.0
9623,1,0,0,0.0,0.0,0.0
9624,2,2,2,1.0,1.0,1.0
9625,3,2,1,0.6667,0.3333,0.3333
9626,2,2,2,1.0,1.0,1.0
9627,1,1,0,1.0,0.0,0.0
9628,3,3,3,1.0,1.0,1.0
9629,2,1,0,0.5,0.0,0.0
9630,2,2,2,1.0,1.0,1.0
9631,2,2,2,1.0,1.0,1.0
9632,1,1,0,1.0,0.0,0.0
9633,1,1,1,1.0,1.0,1.0
9634,3,2,1,0.6667,0.3333,0.3333
9635,1,1,1,1.0,1.0,1.0
9636,2,2,2,1.0,1.0,1.0
9637,1,1,0,1.0,0.0,0.0
9638,2,2,1,1.0,0.5,0.5
9639,1,1,1,1.0,1.0,1.0
9640,3,2,2,0.6667,0.6667,0.6667
9641,2,2,2,1.0,1.0,1.0
9642,1,1,0,1.0,0.0,0.0
9643,2,2,1,1.0,0.5,0.5
9644,2,1,0,0.5,0.0,0.0
9645,3,1,1,0.3333,0.3333,0.3333
9646,1,1,0,1.0,0.0,0.0
9647,1,1,1,1.0,1.0,1.0
9648,2,0,0,0.0,0.0,0.0
9649,2,2,1,1.0,0.5,0.5
9650,3,3,1,1.0,0.3333,0.3333
9651,3,3,2,1.0,0.6667,0.6667
9652,3,3,2,1.0,0.6667,0.6667
9653,3,3,2,1.0,0.6667,0.6667
9654,1,1,1,1.0,1.0,1.0
9655,2,2,2,1.0,1.0,1.0
9656,2,2,1,1.0,0.5,0.5
9657,3,2,2,0.6667,0.6667,0.6667
9658,3,2,1,0.6667,0.3333,0.3333
9659,1,1,0,1.0,0.0,0.0
9660,1,1,1,1.0,1.0,1.0
9661,2,1,0,0.5,0.0,0.0
9662,2,2,2,1.0,1.0,1.0
9663,2,2,1,1.0,0.5,0.5
9664,3,3,1,1.0,0.3333,0.3333
9665,1,1,0,1.0,0.0,0.0
9666,2,2,2,1.0,1.0,1.0
9667,1,1,0,1.0,0.0,0.0
9668,3,1,0,0.3333,0.0,0.0
9669,2,2,2,1.0,1.0,1.0
9670,2,2,1,1.0,0.5,0.5
9671,3,3,2,1.0,0.6667,0.6667
9672,2,1,1,0.5,0.5,0.5
9673,3,3,2,1.0,0.6667,0.6667
9674,3,3,3,1.0,1.0,1.0
9675,3,3,3,1.0,1.0,1.0
9676,3,3,1,1.0,0.3333,0.3333
9677,3,3,2,1.0,0.6667,0.6667
9678,2,2,1,1.0,0.5,0.5
9679,2,2,2,1.0,1.0,1.0
9680,2,2,2,1.0,1.0,1.0
9681,2,1,0,0.5,0.0,0.0
9682,2,2,2,1.0,1.0,1.0
9683,1,1,1,1.0,1.0,1.0
9684,3,1,0,0.3333,0.0,0.0
9685,1,1,0,1.0,0.0,0.0
9686,2,2,2,1.0,1.0,1.0
9687,2,1,1,0.5,0.5,0.5
9688,2,2,1,1.0,0.5,0.5
9689,2,2,2,1.0,1.0,1.0
9690,3,1,1,0.3333,0.3333,0.3333
9691,2,2,1,1.0,0.5,0.5
9692,2,2,1,1.0,0.5,0.5
9693,2,2,2,1.0,1.0,1.0
9694,3,1,0,0.3333,0.0,0.0
9695,2,2,1,1.0,0.5,0.5
9696,2,2,0,1.0,0.0,0.0
9697,3,2,2,0.6667,0.6667,0.6667
9698,3,3,1,1.0,0.3333,0.3333
9699,1,1,0,1.0,0.0,0.0
9700,3,3,1,1.0,0.3333,0.3333
9701,3,1,1,0.3333,0.3333,0.3333
9702,2,2,1,1.0,0.5,0.5
9703,2,1,1,0.5,0.5,0.5
9704,1,1,1,1.0,1.0,1.0
9705,1,1,1,1.0,1.0,1.0
9706,1,1,0,1.0,0.0,0.0
9707,1,0,0,0.0,0.0,0.0
9708,2,2,1,1.0,0.5,0.5
9709,1,1,0,1.0,0.0,0.0
9710,3,3,2,1.0,0.6667,0.6667
9711,3,2,1,0.6667,0.3333,0.3333
9712,3,3,2,1.0,0.6667,0.6667
9713,1,1,0,1.0,0.0,0.0
9714,2,1,0,0.5,0.0,0.0
9715,1,1,1,1.0,1.0,1.0
9716,2,2,1,1.0,0.5,0.5
9717,1,1,1,1.0,1.0,1.0
9718,1,1,0,1.0,0.0,0.0
9719,2,2,0,1.0,0.0,0.0
9720,1,1,1,1.0,1.0,1.0
9721,1,1,1,1.0,1.0,1.0
9722,3,3,2,1.0,0.6667,0.6667
9723,2,1,0,0.5,0.0,0.0
9724,3,2,2,0.6667,0.6667,0.6667
9725,2,2,2,1.0,1.0,1.0
9726,3,3,1,1.0,0.3333,0.3333
9727,2,2,1,1.0,0.5,0.5
9728,3,3,1,1.0,0.3333,0.3333
9729,1,1,0,1.0,0.0,0.0
9730,3,3,2,1.0,0.6667,0.6667
9731,2,2,2,1.0,1.0,1.0
9732,3,3,2,1.0,0.6667,0.6667
9733,1,1,1,1.0,1.0,1.0
9734,2,2,1,1.0,0.5,0.5
9735,1,1,1,1.0,1.0,1.0
9736,2,1,0,0.5,0.0,0.0
9737,3,3,3,1.0,1.0,1.0
9738,2,2,1,1.0,0.5,0.5
9739,3,2,2,0.6667,0.6667,0.6667
9740,3,3,3,1.0,1.0,1.0
9741,1,1,1,1.0,1.0,1.0
9742,2,2,0,1.0,0.0,0.0
9743,1,1,0,1.0,0.0,0.0
9744,1,1,1,1.0,1.0,1.0
9745,1,1,1,1.0,1.0,1.0
9746,3,2,2,0.6667,0.6667,0.6667
9747,1,1,1,1.0,1.0,1.0
9748,2,2,1,1.0,0.5,0.5
9749,1,0,0,0.0,0.0,0.0
9750,1,1,1,1.0,1.0,1.0
9751,3,3,3,1.0,1.0,1.0
9752,1,0,0,0.0,0.0,0.0
9753,2,1,1,0.5,0.5,0.5
9754,1,0,0,0.0,0.0,0.0
9755,1,0,0,0.0,0.0,0.0
9756,3,1,1,0.3333,0.3333,0.3333
9757,2,2,1,1.0,0.5,0.5
9758,2,2,2,1.0,1.0,1.0
9759,1,1,1,1.0,1.0,1.0
9760,1,1,0,1.0,0.0,0.0
9761,1,1,1,1.0,1.0,1.0
9762,3,3,2,1.0,0.6667,0.6667
9763,3,2,0,0.6667,0.0,0.0
9764,2,2,2,1.0,1.0,1.0
9765,2,2,1,1.0,0.5,0.5
9766,1,1,0,1.0,0.0,0.0
9767,1,1,1,1.0,1.0,1.0
9768,2,2,2,1.0,1.0,1.0
9769,2,2,2,1.0,1.0,1.0
9770,3,3,1,1.0,0.3333,0.3333
9771,2,1,0,0.5,0.0,0.0
9772,3,2,2,0.6667,0.6667,0.6667
9773,2,2,2,1.0,1.0,1.0
9774,2,2,1,1.0,0.5,0.5
9775,3,3,3,1.0,1.0,1.0
9776,2,2,1,1.0,0.5,0.5
9777,3,2,1,0.6667,0.3333,0.3333
9778,1,1,0,1.0,0.0,0.0
9779,2,2,1,1.0,0.5,0.5
9780,1,1,1,1.0,1.0,1.0
9781,1,1,1,1.0,1.0,1.0
9782,3,2,1,0.6667,0.3333,0.3333
9783,3,2,2,0.6667,0.6667,0.6667
9784,3,3,2,1.0,0.6667,0.6667
9785,3,1,1,0.3333,0.3333,0.3333
9786,2,2,2,1.0,1.0,1.0
9787,2,2,1,1.0,0.5,0.5
9788,1,1,1,1.0,1.0,1.0
9789,2,2,1,1.0,0.5,0.5
9790,3,2,2,0.6667,0.6667,0.6667
9791,2,2,1,1.0,0.5,0.5
9792,3,2,0,0.6667,0.0,0.0
9793,3,3,2,1.0,0.6667,0.6667
9794,3,3,2,1.0,0.6667,0.6667
9795,2,1,0,0.5,0.0,0.0
9796,3,3,3,1.0,1.0,1.0
9797,2,2,2,1.0,1.0,1.0
9798,1,0,0,0.0,0.0,0.0
9799,3,2,1,0.6667,0.3333,0.3333
9800,1,0,0,0.0,0.0,0.0
9801,1,1,0,1.0,0.0,0.0
9802,1,1,1,1.0,1.0,1.0
9803,3,3,3,1.0,1.0,1.0
9804,2,1,1,0.5,0.5,0.5
9805,2,1,1,0.5,0.5,0.5
9806,1,1,1,1.0,1.0,1.0
9807,2,1,1,0.5,0.5,0.5
9808,3,3,1,1.0,0.3333,0.3333
9809,2,1,1,0.5,0.5,0.5
9810,2,2,1,1.0,0.5,0.5
9811,1,1,1,1.0,1.0,1.0
9812,2,2,2,1.0,1.0,1.0
9813,2,2,1,1.0,0.5,0.5
9814,1,1,1,1.0,1.0,1.0
9815,2,2,1,1.0,0.5,0.5
9816,1,1,1,1.0,1.0,1.0
9817,1,1,1,1.0,1.0,1.0
9818,1,1,1,1.0,1.0,1.0
9819,2,2,2,1.0,1.0,1.0
9820,2,2,2,1.0,1.0,1.0
9821,1,1,1,1.0,1.0,1.0
9822,3,3,2,1.0,0.6667,0.6667
9823,1,1,1,1.0,1.0,1.0
9824,3,3,2,1.0,0.6667,0.6667
9825,3,3,2,1.0,0.6667,0.6667
9826,2,2,2,1.0,1.0,1.0
9827,3,3,2,1.0,0.6667,0.6667
9828,2,2,2,1.0,1.0,1.0
9829,3,1,1,0.3333,0.3333,0.3333
9830,1,1,1,1.0,1.0,1.0
9831,3,3,2,1.0,0.6667,0.6667
9832,3,3,2,1.0,0.6667,0.6667
9833,3,3,2,1.0,0.6667,0.6667
9834,1,1,1,1.0,1.0,1.0
9835,3,3,2,1.0,0.6667,0.6667
9836,2,1,0,0.5,0.0,0.0
9837,1,0,0,0.0,0.0,0.0
9838,3,3,1,1.0,0.3333,0.3333
9839,1,1,1,1.0,1.0,1.0
9840,3,2,1,0.6667,0.3333,0.3333
9841,3,2,2,0.6667,0.6667,0.6667
9842,3,2,2,0.6667,0.6667,0.6667
9843,2,2,1,1.0,0.5,0.5
9844,2,2,1,1.0,0.5,0.5
9845,3,2,2,0.6667,0.6667,0.6667
9846,1,1,1,1.0,1.0,1.0
9847,3,2,2,0.6667,0.6667,0.6667
9848,3,2,2,0.6667,0.6667,0.6667
9849,2,2,2,1.0,1.0,1.0
9850,2,2,1,1.0,0.5,0.5
9851,2,2,1,1.0,0.5,0.5
9852,3,3,3,1.0,1.0,1.0
9853,1,1,1,1.0,1.0,1.0
9854,2,1,1,0.5,0.5,0.5
9855,3,1,0,0.3333,0.0,0.0
9856,2,2,2,1.0,1.0,1.0
9857,2,2,1,1.0,0.5,0.5
9858,1,0,0,0.0,0.0,0.0
9859,2,2,0,1.0,0.0,0.0
9860,3,3,2,1.0,0.6667,0.6667
9861,2,2,2,1.0,1.0,1.0
9862,2,0,0,0.0,0.0,0.0
9863,2,1,1,0.5,0.5,0.5
9864,1,1,1,1.0,1.0,1.0
9865,3,2,1,0.6667,0.3333,0.3333
9866,3,3,3,1.0,1.0,1.0
9867,1,1,0,1.0,0.0,0.0
9868,2,2,1,1.0,0.5,0.5
9869,1,1,1,1.0,1.0,1.0
9870,2,2,2,1.0,1.0,1.0
9871,2,1,0,0.5,0.0,0.0
9872,1,1,1,1.0,1.0,1.0
9873,2,2,2,1.0,1.0,1.0
9874,3,2,1,0.6667,0.3333,0.3333
9875,3,3,1,1.0,0.3333,0.3333
9876,2,1,0,0.5,0.0,0.0
9877,2,2,1,1.0,0.5,0.5
9878,1,1,1,1.0,1.0,1.0
9879,2,2,1,1.0,0.5,0.5
9880,2,1,1,0.5,0.5,0.5
9881,2,2,1,1.0,0.5,0.5
9882,2,2,0,1.0,0.0,0.0
9883,3,3,2,1.0,0.6667,0.6667
9884,2,1,1,0.5,0.5,0.5
9885,3,3,2,1.0,0.6667,0.6667
9886,1,1,1,1.0,1.0,1.0
9887,2,2,1,1.0,0.5,0.5
9888,1,1,1,1.0,1.0,1.0
9889,2,2,1,1.0,0.5,0.5
9890,2,2,1,1.0,0.5,0.5
9891,3,3,3,1.0,1.0,1.0
9892,2,1,0,0.5,0.0,0.0
9893,3,3,3,1.0,1.0,1.0
9894,3,2,2,0.6667,0.6667,0.6667
9895,2,2,2,1.0,1.0,1.0
9896,2,1,1,0.5,0.5,0.5
9897,3,3,2,1.0,0.6667,0.6667
9898,1,1,1,1.0,1.0,1.0
9899,3,3,1,1.0,0.3333,0.3333
9900,3,3,1,1.0,0.3333,0.3333
9901,1,1,1,1.0,1.0,1.0
9902,1,1,0,1.0,0.0,0.0
9903,3,2,1,0.6667,0.3333,0.3333
9904,2,1,1,0.5,0.5,0.5
9905,2,2,2,1.0,1.0,1.0
9906,3,3,2,1.0,0.6667,0.6667
9907,3,3,0,1.0,0.0,0.0
9908,3,1,1,0.3333,0.3333,0.3333
9909,3,2,1,0.6667,0.3333,0.3333
9910,2,1,1,0.5,0.5,0.5
9911,3,3,3,1.0,1.0,1.0
9912,3,3,2,1.0,0.6667,0.6667
9913,1,1,1,1.0,1.0,1.0
9914,1,1,1,1.0,1.0,1.0
9915,2,2,1,1.0,0.5,0.5
9916,2,1,1,0.5,0.5,0.5
9917,3,2,1,0.6667,0.3333,0.3333
9918,2,2,2,1.0,1.0,1.0
9919,3,3,3,1.0,1.0,1.0
9920,3,2,2,0.6667,0.6667,0.6667
9921,2,2,1,1.0,0.5,0.5
9922,2,2,0,1.0,0.0,0.0
9923,2,1,1,0.5,0.5,0.5
9924,2,1,1,0.5,0.5,0.5
9925,3,3,1,1.0,0.3333,0.3333
9926,2,2,0,1.0,0.0,0.0
9927,1,1,0,1.0,0.0,0.0
9928,1,1,0,1.0,0.0,0.0
9929,2,2,2,1.0,1.0,1.0
9930,3,3,3,1.0,1.0,1.0
9931,2,2,0,1.0,0.0,0.0
9932,3,3,1,1.0,0.3333,0.3333
9933,3,3,1,1.0,0.3333,0.3333
9934,2,2,2,1.0,1.0,1.0
9935,3,3,3,1.0,1.0,1.0
9936,2,1,1,0.5,0.5,0.5
9937,1,0,0,0.0,0.0,0.0
9938,2,2,1,1.0,0.5,0.5
9939,1,1,1,1.0,1.0,1.0
9940,2,2,2,1.0,1.0,1.0
9941,2,2,2,1.0,1.0,1.0
9942,3,3,1,1.0,0.3333,0.3333
9943,2,2,1,1.0,0.5,0.5
9944,1,1,1,1.0,1.0,1.0
9945,2,1,0,0.5,0.0,0.0
9946,2,2,1,1.0,0.5,0.5
9947,2,2,2,1.0,1.0,1.0
9948,3,2,1,0.6667,0.3333,0.3333
9949,2,2,2,1.0,1.0,1.0
9950,3,3,3,1.0,1.0,1.0
9951,3,2,1,0.6667,0.3333,0.3333
9952,3,2,0,0.6667,0.0,0.0
9953,2,1,1,0.5,0.5,0.5
9954,1,1,1,1.0,1.0,1.0
9955,1,1,1,1.0,1.0,1.0
9956,2,2,2,1.0,1.0,1.0
9957,1,0,0,0.0,0.0,0.0
9958,2,2,2,1.0,1.0,1.0
9959,1,1,1,1.0,1.0,1.0
9960,3,3,1,1.0,0.3333,0.3333
9961,2,2,1,1.0,0.5,0.5
9962,3,3,3,1.0,1.0,1.0
9963,3,1,1,0.3333,0.3333,0.3333
9964,2,1,0,0.5,0.0,0.0
9965,2,1,0,0.5,0.0,0.0
9966,3,3,2,1.0,0.6667,0.6667
9967,2,1,1,0.5,0.5,0.5
9968,3,3,3,1.0,1.0,1.0
9969,2,2,0,1.0,0.0,0.0
9970,2,1,1,0.5,0.5,0.5
9971,1,1,1,1.0,1.0,1.0
9972,2,2,2,1.0,1.0,1.0
9973,2,0,0,0.0,0.0,0.0
9974,1,0,0,0.0,0.0,0.0
9975,2,2,0,1.0,0.0,0.0
9976,3,2,2,0.6667,0.6667,0.6667
9977,1,1,0,1.0,0.0,0.0
9978,2,2,0,1.0,0.0,0.0
9979,2,2,1,1.0,0.5,0.5
9980,2,2,0,1.0,0.0,0.0
9981,2,0,0,0.0,0.0,0.0
9982,2,2,2,1.0,1.0,1.0
9983,1,1,0,1.0,0.0,0.0
9984,1,0,0,0.0,0.0,0.0
9985,2,1,1,0.5,0.5,0.5
9986,1,1,0,1.0,0.0,0.0
9987,1,0,0,0.0,0.0,0.0
9988,1,1,1,1.0,1.0,1.0
9989,2,2,1,1.0,0.5,0.5
9990,1,1,0,1.0,0.0,0.0
9991,2,2,2,1.0,1.0,1.0
9992,3,3,1,1.0,0.3333,0.3333
9993,2,2,2,1.0,1.0,1.0
9994,3,3,3,1.0,1.0,1.0
9995,2,2,2,1.0,1.0,1.0
9996,1,0,0,0.0,0.0,0.0
9997,1,1,0,1.0,0.0,0.0
9998,3,3,2,1.0,0.6667,0.6667
9999,2,2,2,1.0,1.0,1.0
