clarity,difficulty,exam_fairness,interest,lecturer_quality,materials,overall_experience,relevance,support,workload
0.6,0.5499999999999999,0.49999999999999994,0.39999999999999997,0.5499999999999999,0.65,0.6,0.49999999999999994,0.6,0.6
