grade,n_reviews,micro_f1,micro_precision,micro_recall
A (Excellent),114,0.6067415730337079,0.6585365853658537,0.5625
B (Good),124,0.6056644880174292,0.6177777777777778,0.594017094017094
C (Average),114,0.5972222222222222,0.6113744075829384,0.583710407239819
D (Barely passed),132,0.5603112840466926,0.5950413223140496,0.5294117647058824
F (Failed),115,0.5474613686534217,0.5688073394495413,0.5276595744680851
