clarity,difficulty,exam_fairness,interest,lecturer_quality,materials,overall_experience,relevance,support,workload
0.65,0.5499999999999999,0.5499999999999999,0.49999999999999994,0.6,0.5499999999999999,0.49999999999999994,0.44999999999999996,0.65,0.5499999999999999
